id,latitude,longitude
206291068,19.0635774,72.9791309
245653028,18.9060052,72.8163986
245653078,18.9111765,72.8208639
245653413,18.9187946,72.8255542
245653464,18.9189023,72.8290725
245653559,18.9210098,72.8331896
245653613,18.9210264,72.8263833
245653633,18.9218281,72.8312042
245653649,18.921752,72.8278729
245653665,18.9230594,72.8330804
245653671,18.9228355,72.8294226
245653718,18.9242436,72.8321271
245653745,18.9247201,72.8318738
245653748,18.9250789,72.8323808
245653753,18.9250909,72.8321652
245653757,18.9252868,72.8325637
245653771,18.9254002,72.8320205
245653777,18.9253686,72.8325651
245653781,18.9255033,72.8320756
245653783,18.9255944,72.8323116
245653788,18.9243642,72.8247774
245653820,18.9263905,72.8280343
245653830,18.9264383,72.8270585
245653840,18.9262685,72.8205205
245653855,18.9269393,72.8196463
245653869,18.9275545,72.8217046
245653870,18.9275189,72.8255127
245653871,18.9276036,72.8216338
245653901,18.9280825,72.8317434
245653917,18.9283801,72.834156
245653923,18.9285018,72.8281185
245653928,18.9296497,72.8217873
245653956,18.9294649,72.8346212
245653961,18.9296322,72.8281582
245654001,18.9316104,72.8228443
245654003,18.9307601,72.8314082
245654036,18.9313716,72.8349562
245654041,18.9319398,72.8313121
245654042,18.9316971,72.8317041
245654056,18.9320319,72.8343722
245654066,18.9322434,72.8332653
245654108,18.9328441,72.8279884
245654161,18.9341185,72.8389331
245654164,18.9340181,72.835829
245654172,18.9344956,72.837098
245654174,18.9342452,72.8337667
245654186,18.9345617,72.8326934
245654191,18.9346588,72.832398
245654226,18.9349887,72.8313947
245654283,18.9353852,72.8308679
245654326,18.936547,72.840672
245654356,18.9378023,72.8397598
245654369,18.9382131,72.8379744
245654376,18.9383664,72.8350755
245654379,18.9384934,72.8360063
245654381,18.9384195,72.8369814
245654385,18.9387779,72.8339899
245654386,18.938707,72.8346296
245654426,18.9393421,72.8282836
245654440,18.9401375,72.8344023
245654461,18.9410646,72.7939174
245654509,18.9426451,72.8307511
245654566,18.9425953,72.8269954
245654580,18.9439069,72.8233577
245654606,18.9439279,72.8252849
245654615,18.9444346,72.8342569
245654715,18.9461914,72.8290963
245654765,18.9455795,72.8220137
245654845,18.9478253,72.7972861
245654862,18.949887,72.7954434
245654875,18.9488753,72.798356
245654907,18.9487739,72.8324141
245654949,18.9504912,72.795844
245654990,18.9491148,72.8000491
245655046,18.9506249,72.8202731
245655093,18.9521864,72.7969624
245655121,18.9522312,72.7966859
245655133,18.9517959,72.8227666
245655166,18.9524354,72.8023174
245655201,18.952452,72.8322627
245655214,18.952835,72.8174525
245655223,18.9524108,72.829762
245655226,18.9525958,72.8024792
245655230,18.9529382,72.8340943
245655253,18.9528756,72.8160857
245655288,18.9525356,72.8048095
245655296,18.9533222,72.8368936
245655305,18.9534417,72.8309195
245655329,18.9549559,72.7985305
245655336,18.9536509,72.8265784
245655339,18.9539751,72.8316542
245655412,18.9545167,72.8320596
245655580,18.9557585,72.8160315
245655702,18.9567557,72.8156243
245655710,18.9556745,72.8124464
245655733,18.9567917,72.8289378
245655752,18.9560003,72.8101009
245655758,18.9571181,72.8165781
245655771,18.9561362,72.8101014
245655778,18.9573515,72.8196988
245655800,18.956499,72.8101365
245655857,18.9569651,72.8320788
245655876,18.9581141,72.8108785
245655878,18.9582575,72.8198229
245655908,18.9572837,72.842675
245655919,18.958178,72.8257647
245655932,18.9581654,72.8262992
245655939,18.958143,72.8285475
245655956,18.9580967,72.8313932
245655959,18.9578846,72.8431613
245656009,18.9583355,72.8381939
245656020,18.9583243,72.8363958
245656042,18.9588794,72.8151807
245656062,18.9590811,72.8100009
245656132,18.9594639,72.8461369
245656173,18.9600451,72.8438487
245656188,18.9594482,72.8365839
245656228,18.9600382,72.8436778
245656236,18.9602543,72.8093228
245656245,18.9601312,72.8432445
245656280,18.9602849,72.8159434
245656283,18.960765,72.8199231
245656354,18.9605326,72.84589
245656387,18.9619578,72.8175706
245656408,18.9619386,72.8199525
245656411,18.9617565,72.8230513
245656412,18.9618041,72.824446
245656414,18.9617456,72.8285702
245656434,18.961885,72.8318534
245656521,18.9621401,72.8343885
245656594,18.962563,72.8374167
245656627,18.9638065,72.8182871
245656633,18.9635458,72.8440048
245656677,18.9680779,72.8246308
245656730,18.964683,72.8043461
245656894,18.9658338,72.8190638
245656961,18.966369,72.8250747
245656964,18.9656253,72.8323878
245657049,18.967067,72.8287484
245657056,18.9673524,72.8460429
245657095,18.9676275,72.8264423
245657099,18.9675964,72.8448414
245657105,18.9679417,72.8251992
245657123,18.967272,72.8034107
245657186,18.968778,72.8207159
245657229,18.9687194,72.8407148
245657245,18.9692408,72.8154416
245657282,18.9697735,72.8454054
245657292,18.9697283,72.8461693
245657418,18.9713271,72.8322813
245657468,18.9720669,72.8451557
245657498,18.972357,72.8464108
245657519,18.9719442,72.8218675
245657543,18.9726689,72.8277755
245657576,18.9727925,72.8324928
245657649,18.9739771,72.8265641
245657650,18.974006,72.82762
245657656,18.9742992,72.8320527
245657727,18.975383,72.8107853
245657747,18.9754633,72.8337127
245657786,18.9757886,72.8486205
245657811,18.9759726,72.8273639
245657814,18.9762281,72.8413648
245657817,18.9761866,72.8456486
245657831,18.9760861,72.846312
245657844,18.9762255,72.8405145
245657868,18.9780103,72.8466098
245658027,18.9785633,72.8475324
245658099,18.9786052,72.8453698
245658111,18.9791722,72.8338778
245658183,18.9806439,72.8267945
245658184,18.9807145,72.827013
245658185,18.98054,72.8343741
245658193,18.9802645,72.8407765
245658202,18.9804294,72.8366318
245658213,18.9808785,72.8431219
245658276,18.981399,72.8268848
245658309,18.9816605,72.8347255
245658338,18.9824892,72.8237987
245658354,18.9832186,72.8409138
245658362,18.983217,72.8425362
245658378,18.9839822,72.8353865
245658402,18.9843405,72.8409672
245658407,18.9844005,72.8364828
245658427,18.9853224,72.8421058
245658430,18.9853719,72.8413618
245658448,18.9855867,72.8378365
245658494,18.9869682,72.8416675
245658517,18.9880649,72.8413389
245658533,18.9880953,72.840382
245658557,18.9884696,72.8359055
245658682,18.9887963,72.8457883
245658701,18.9908245,72.8357442
245658797,18.9921367,72.8208489
245658865,18.9936513,72.8146566
245658898,18.995139,72.8538891
245658939,18.9949849,72.8385982
245658976,18.9954109,72.8365443
245659166,18.9976522,72.8374053
245659173,19.000099,72.8553463
245659198,18.9982012,72.8273935
245659219,18.9984942,72.8503305
245659330,19.0001986,72.8547814
245659355,19.0004742,72.8530457
245659363,19.0005127,72.8537178
245659483,19.0012966,72.8156582
245659488,19.0018632,72.8602464
245659597,19.0024517,72.8141159
245659680,19.0048331,72.8539461
245659720,19.0046216,72.8219492
245659749,19.0051922,72.8209318
245659759,19.0054639,72.8396166
245659769,19.0050925,72.8309253
245659811,19.0063043,72.830884
245659828,19.0063566,72.8379699
245659852,19.0063341,72.8235918
245659862,19.006213,72.8215129
245659891,19.0062659,72.8182504
245660022,19.0085434,72.8608733
245660062,19.0087927,72.8307717
245660066,19.0093083,72.8332775
245660069,19.0095545,72.8418546
245660083,19.0092568,72.8306494
245660124,19.0095344,72.8330317
245660192,19.0111453,72.8319758
245660304,19.0119983,72.8219163
245660316,19.0126874,72.8492446
245660329,19.0128856,72.8239256
245660365,19.0132009,72.8238738
245660369,19.0132657,72.8550195
245660380,19.0130543,72.8280716
245660381,19.0133383,72.8336388
245660540,19.0152128,72.8323361
245660549,19.0153528,72.8274206
245660595,19.0160062,72.8348437
245660619,19.0165631,72.8432892
245660634,19.0161166,72.8398745
245660650,19.0159934,72.8294231
245660696,19.0168673,72.8586486
245660722,19.0183676,72.8655363
245660731,19.0170238,72.8380555
245660818,19.0177596,72.8355669
245660832,19.0179501,72.8474218
245660921,19.0185126,72.835894
245660938,19.0185648,72.8331378
245660948,19.0189207,72.8589907
245661018,19.0194359,72.8404158
245661074,19.0198767,72.8322146
245661107,19.0201255,72.8494579
245661117,19.0199026,72.8541704
245661134,19.0203509,72.841158
245661148,19.0203455,72.8534815
245661185,19.0210296,72.8421558
245661288,19.0221655,72.8508854
245661295,19.0217944,72.836347
245661298,19.0225542,72.8499194
245661369,19.0227558,72.8343582
245661595,19.0251444,72.8456289
245661627,19.0254641,72.8357626
245661730,19.0263695,72.8551039
245661837,19.0270808,72.8548364
245661871,19.0281605,72.8413737
245662037,19.029275,72.8572359
245662128,19.0309092,72.8486644
245662191,19.0291033,72.9251283
245662295,19.0315329,72.8420022
245662297,19.0312301,72.8489167
245662337,19.0323075,72.8386
245662339,19.0317146,72.8457871
245662564,19.0344627,72.8626525
245662605,19.0350975,72.8597535
245662629,19.0351942,72.8468811
245662630,19.0351508,72.8478376
245662637,19.0357535,72.8396512
245662638,19.0356303,72.8402653
245662645,19.0358761,72.8390308
245662646,19.0354004,72.8423137
245662681,19.0359544,72.8401288
245662760,19.0370251,72.8422532
245662773,19.0370926,72.8390194
245662834,19.0376964,72.8450829
245662850,19.0375332,72.846637
245662851,19.0375907,72.8474825
245662886,19.0379934,72.8537523
245662966,19.0388998,72.8418706
245663085,19.0398805,72.8468082
245663367,19.0415813,72.8559669
245663409,19.0428199,72.8400528
245663476,19.0429959,72.9252136
245663569,19.0433885,72.8452286
245663666,19.0444178,72.8644135
245663708,19.0443779,72.8447173
245663765,19.0455324,72.9140531
245663814,19.0457935,72.8424153
245663848,19.0468098,72.8518556
245663849,19.0455683,72.8636984
245663877,19.0460893,72.9094591
245663884,19.0476041,72.8527479
245663894,19.0462973,72.9089703
245663959,19.0466011,72.8628118
245663961,19.0466165,72.9141073
245663968,19.0472582,72.8514669
245664037,19.0475207,72.8607182
245664057,19.0481672,72.856338
245664187,19.049908,72.9005559
245664191,19.0499086,72.9003015
245664408,19.0496674,72.8383394
245664445,19.0497224,72.8366899
245664455,19.0505089,72.900306
245664463,19.0499505,72.8386819
245664465,19.0524285,72.9401071
245664547,19.0506848,72.837003
245664576,19.0507498,72.8406738
245664662,19.0521144,72.9005288
245664667,19.0509505,72.8382139
245664695,19.0523559,72.8446506
245664760,19.0530955,72.8471947
245664764,19.0527251,72.9008717
245664779,19.0529987,72.8804974
245664830,19.0537309,72.8467126
245664865,19.053492,72.8809354
245664866,19.0533102,72.8823963
245664869,19.0539471,72.8893813
245664905,19.0539841,72.8946942
245665035,19.0549822,72.8481579
245665060,19.0549396,72.9109894
245665147,19.0589758,72.8645378
245665197,19.0563775,72.8837233
245665218,19.0557497,72.8475994
245665275,19.0561448,72.8974389
245665303,19.056642,72.8952415
245665307,19.0564351,72.8978484
245665354,19.056904,72.8872739
245665637,19.0583939,72.8984173
245665650,19.0596178,72.8551186
245665679,19.0587817,72.8858965
245665748,19.0598344,72.8984956
245665833,19.0591149,72.9595767
245665854,19.0592395,72.8602038
245665873,19.0604095,72.8497336
245665874,19.0601063,72.8523967
245665925,19.0606265,72.8497439
245665939,19.0605401,72.8489709
245665948,19.0609222,72.8473023
245665949,19.0605766,72.8477273
245665964,19.0606482,72.8489898
245665982,19.0606543,72.8984205
245666002,19.0608965,72.8494502
245666077,19.0608356,72.8573719
245666141,19.0628669,72.8650215
245666158,19.0613784,72.8533734
245666164,19.06202,72.8834352
245666274,19.0607692,72.8643302
245666370,19.06298,72.8559622
245666371,19.0641719,72.8634676
245666386,19.0650153,72.8593728
245666426,19.0657295,72.8676733
245666448,19.0621479,72.8606545
245666475,19.0630091,72.9149519
245666615,19.0639302,72.8372025
245666778,19.0657738,72.8495016
245666830,19.0659783,72.8594995
245666850,19.0660169,72.8477138
245666882,19.0662824,72.857163
245666901,19.0669869,72.8511856
245666966,19.0671608,72.8653978
245667153,19.0677349,72.8372101
245667351,19.0707597,72.8724298
245667420,19.0694923,72.9869349
245667447,19.0745228,72.870865
245667457,19.07137,72.8373301
245667551,19.0705676,72.8223533
245667688,19.0747475,72.8605698
245667692,19.0735183,72.9028377
245667803,19.0741646,72.8530567
245667819,19.0741544,72.8487218
245667850,19.0750373,72.8394695
245667862,19.0751813,72.8421892
245667874,19.0753664,72.8341331
245668003,19.0758789,72.8773593
245668010,19.0763089,72.8282513
245668015,19.0778032,72.8625431
245668039,19.0778377,72.8622756
245668052,19.0759669,72.8800151
245668175,19.0783456,72.8377059
245668221,19.0785504,72.8343203
245668285,19.0789153,72.8292013
245668288,19.0791357,72.8756234
245668306,19.079094,72.8927677
245668344,19.079674,72.8430337
245668366,19.0816474,72.8703766
245668398,19.080472,72.8466836
245668399,19.0803082,72.8470698
245668405,19.0807283,72.8406056
245668408,19.0807789,72.8430525
245668466,19.0811417,72.8378659
245668480,19.0806588,72.8524866
245668490,19.0792963,72.9079577
245668515,19.0796532,72.8803239
245668543,19.0820038,72.8587128
245668594,19.0826369,72.8379238
245668623,19.0828143,72.8457834
245668721,19.0823771,72.9089474
245668759,19.0834387,72.9051075
245668764,19.0841253,72.8379677
245668776,19.0845189,72.8345287
245668828,19.0848472,72.8322352
245668927,19.0864801,72.8445695
245669231,19.0897215,72.8382367
245669274,19.0905165,72.8419974
245669276,19.0903258,72.8435558
245669284,19.0884706,72.8272539
245669298,19.0904204,72.8334235
245669481,19.0931238,72.8504931
245669557,19.09389,72.8441517
245669780,19.0940677,72.8833163
245670043,19.0962535,72.8837374
245670288,19.1029612,72.8707493
245670344,19.1001468,72.8839543
245670576,19.1030104,72.8885372
245670797,19.1047014,72.8589079
245670987,19.1070163,72.859285
245671026,19.1056706,72.8299464
245671140,19.1071132,72.8593723
245671328,19.1091378,72.8539346
245671354,19.1093164,72.876062
245671370,19.1093538,72.8530496
245671529,19.1095982,72.8878486
245671650,19.109024,72.9326168
245671660,19.1119119,72.9336348
245671694,19.1123024,72.8885317
245671926,19.1143847,72.8983229
245671969,19.1115899,72.8299606
245671994,19.1144214,72.9088283
245672077,19.1151107,72.9058744
245672136,19.1155479,72.9082457
245672164,19.1128444,72.82996
245672405,19.117665,72.9059241
245672447,19.1181781,72.9071367
245672511,19.1187919,72.9081233
245672659,19.1163671,72.8438487
245672800,19.1199626,72.8999642
245672805,19.1199463,72.9124734
245672811,19.117689,72.8297884
245673165,19.1222384,72.9130087
245673173,19.1209713,72.9372429
245673271,19.123732,72.8511803
245673439,19.1239766,72.9125795
245673683,19.1251007,72.8560929
245673695,19.1243526,72.925306
245673698,19.1248579,72.9326729
245673706,19.1255121,72.856397
245673708,19.1262439,72.8936795
245675024,19.1343909,72.8256736
245675138,19.1400419,72.8262409
245675146,19.1383455,72.93561
245675162,19.1417194,72.8291695
245675491,19.1408075,72.8120832
245675546,19.1434839,72.8197912
245675627,19.1419575,72.8314644
245675997,19.1458947,72.8311388
245676028,19.1462297,72.8366277
245677558,19.1630974,72.8393421
245677658,19.1634725,72.8348764
245678315,19.17425,72.9584224
245678339,19.1705685,72.8316708
245678357,19.1709342,72.8356873
245678362,19.1701273,72.8414453
245678558,19.1737322,72.8367239
245678572,19.1738829,72.8423378
245678584,19.1738331,72.8408254
245678732,19.1767573,72.8371695
245678918,19.1797441,72.8366303
245679479,19.1889956,72.8356701
245679943,19.1957488,72.8338159
245679988,19.1962984,72.8274238
245680020,19.1959319,72.8050319
245680777,19.2076007,72.8291819
245680793,19.2087526,72.8206699
245681159,19.2131559,72.8633453
245681236,19.2170718,72.8480033
245681305,19.2170898,72.8669436
245681405,19.2194251,72.8478853
245681461,19.2186896,72.8663766
245681604,19.2214465,72.867546
245681614,19.2239836,72.8419615
245681894,19.2280761,72.8443597
245681962,19.2285504,72.8478778
245681963,19.2286932,72.8495872
245681970,19.2287431,72.8535029
245681971,19.2286493,72.8559711
245682010,19.229822,72.8535231
245682012,19.2297179,72.856307
245682021,19.2303545,72.8441868
245682025,19.231225,72.8576832
245682042,19.2305362,72.8476178
245682051,19.2312126,72.8567633
245682143,19.2334178,72.8536408
245682155,19.2327455,72.8440457
245682159,19.2332033,72.840571
245682165,19.2338789,72.8571106
245682208,19.2328565,72.8258785
245682226,19.2351259,72.8459762
245682242,19.2352295,72.8536024
245682251,19.2351858,72.8513303
245682254,19.2349657,72.8554662
245682264,19.2350779,72.8475716
245682305,19.2365731,72.8577037
245682360,19.2379846,72.8521695
245682366,19.2378217,72.853582
245682376,19.2380117,72.8513959
245682398,19.2379996,72.8595265
245682619,19.2436189,72.8538325
245682679,19.2451201,72.8453636
245682685,19.2455863,72.8499745
245682714,19.2460401,72.8611007
245682725,19.2470439,72.8544606
245682792,19.2490454,72.8627333
245682820,19.2495706,72.8503364
245682912,19.2520001,72.8639953
245683078,19.2549318,72.8606664
245683104,19.2576584,72.8644435
245683329,19.2847163,72.9011701
245683351,19.2866802,72.905021
276775161,19.019605,72.8563068
278918827,19.0276328,72.8898947
278918833,19.0287502,72.8881218
278918844,19.0277119,72.8923363
278919343,19.0390853,72.8948741
278919358,19.0363645,72.8951366
278919550,19.0390665,72.8947592
290884999,19.0659373,72.9965631
290885002,19.0676246,72.9974644
290885007,19.0703601,72.9974095
290885009,19.068153,72.9972314
290885011,19.0767825,72.9979652
290887512,19.0743739,72.9977239
290888177,19.0666988,72.9983456
296134404,18.997993,72.8220036
296346668,19.0025101,72.8141849
296353470,19.006215,72.8216835
296353488,19.0105751,72.8204915
296354479,19.1014588,72.8391363
296354498,19.1010255,72.8394113
296354499,19.1013871,72.8393975
296362019,19.0594751,72.8368255
296362023,19.0615802,72.8371711
296848617,19.1269909,72.8203495
296849097,19.1080892,72.8403347
296849525,19.1286468,72.8173626
296849526,19.1289177,72.8175799
296849532,19.1297797,72.8175219
296851160,19.1264693,72.8397522
296852386,19.1272331,72.8403593
296853248,19.1275858,72.8471146
296853793,19.0606458,72.8585698
296853816,19.0651727,72.8621953
296857791,19.0710084,72.8723
296857806,19.0624565,72.8595787
296857831,19.0604963,72.8586336
296857847,19.0527187,72.8474797
296864887,19.1242368,72.8480951
296871088,19.1264346,72.8552927
317156842,18.9260131,72.8318338
317914115,19.1891863,72.9760281
317914122,19.1966367,72.9772099
340363219,19.1869709,72.9769394
340363223,19.1877086,72.9770949
340363238,19.1919184,72.9773466
344582458,19.1389629,72.870946
346604059,19.0452409,72.8285688
346604267,19.0468425,72.8282211
346604594,19.0469537,72.8282843
346604601,19.0473427,72.8302069
346611218,19.0519149,72.8239982
346611229,19.0506258,72.8216319
346611230,19.0499676,72.8215773
346611239,19.0462389,72.8196829
346611554,19.0500289,72.8212982
346613538,19.0427907,72.8185617
346619785,19.0511389,72.8278588
346620827,19.0537922,72.8307258
346621512,19.0541089,72.8284513
346633203,19.0559724,72.8340668
346633210,19.0552824,72.8308284
346633397,19.054694,72.8260536
346644270,19.0516737,72.8292753
346644272,19.0508173,72.8297972
346648380,19.0518772,72.8232473
347106948,19.0547186,72.8254147
347106967,19.0596365,72.8250961
347116059,19.0598013,72.8241079
347149014,19.0564811,72.8367832
347176149,19.0636709,72.8350108
347192306,19.0655699,72.8298388
347194070,19.0678656,72.8334812
347195204,19.0727609,72.8270236
349131628,19.200192,72.8613134
349131637,19.2089872,72.8679097
349131639,19.2120872,72.8684972
352470432,19.2084162,72.9993571
355842984,18.9498324,72.8345926
355843002,18.9467645,72.8337151
355844527,18.9482461,72.8346687
356168263,18.9467049,72.8269876
356168287,18.9453718,72.8278265
356178506,18.9578419,72.8189266
357798621,19.068325,72.8391098
357798628,19.0702541,72.8392746
357798629,19.0704168,72.8390064
357798681,19.0701405,72.8389742
414595016,19.1971889,72.9773489
414595021,19.2031535,72.9780585
414595023,19.2050663,72.9775003
414595039,19.1978028,72.971688
414595048,19.1971268,72.9781116
414595050,19.2036152,72.9771302
414595057,19.1968955,72.9714462
414595061,19.1978268,72.9678579
414595062,19.1977315,72.9676836
414605518,19.1920523,72.9690045
414605519,19.1914782,72.9679068
414605526,19.1866231,72.9606688
414721608,19.1945892,72.9779
414721863,19.1958094,72.9734705
414725067,19.1948431,72.9725983
414725069,19.1955216,72.973256
414726599,19.198927,72.9797025
414726601,19.1989261,72.9817489
414726607,19.1989718,72.9816638
414727656,19.2027442,72.978825
414729698,19.2327716,72.9763632
414730361,19.2177883,72.9708654
414731201,19.2530268,72.9721775
414731700,19.217263,72.9783899
415300895,19.0669329,72.9960971
415303820,19.0663037,72.9974201
415303836,19.0673011,72.9969427
443526084,19.2148396,72.9581648
443799807,19.2009546,72.9491683
443799834,19.1917648,72.9494132
444753540,18.9982518,72.8270408
456025866,18.9641537,72.8074612
456044841,18.9528258,72.802457
456044859,18.9566732,72.799889
456145174,18.9939389,72.8148355
456188455,18.975365,72.8090748
456241820,18.9641897,72.8076649
456268055,18.9646754,72.8075989
457068137,19.1479866,72.9995516
457089549,19.1429576,72.9949835
457089619,19.1611269,72.9891823
457089623,19.1647291,72.9890687
457089682,19.1606198,72.9985741
457089700,19.1611307,72.9890428
457089759,19.1546436,72.9873225
457459038,19.0169256,72.8124323
457459050,19.0126242,72.8166194
458874747,18.9483073,72.797693
458881254,18.9505609,72.795892
458966453,18.9495081,72.795133
459024366,18.9503244,72.795733
459024380,18.9503454,72.7959787
459148572,18.9934603,72.8147938
459161705,18.9493511,72.7955261
459482449,18.8997422,72.8136285
459482553,18.9074112,72.8082728
459496093,18.9554476,72.8049414
459499511,18.9527166,72.8025871
459600709,18.9550158,72.7985654
460941437,18.9636827,72.8098524
460941612,18.9660971,72.813212
461490081,18.9423307,72.8261215
461822669,18.9779406,72.8113467
461822720,18.9764323,72.80907
461853949,18.9761047,72.8089418
461853953,18.9763778,72.8086577
461853964,18.9764871,72.8087429
461853966,18.9766826,72.8091227
462261958,19.0152581,72.8194756
463610546,18.9637748,72.8100484
463610593,18.9636375,72.8099909
467125643,18.9436286,72.7945345
467125646,18.9458964,72.7955727
467131642,18.9436931,72.7941934
468268130,18.9408988,72.7939143
469941496,19.1037175,72.852086
469957298,19.103667,72.8539708
470146183,19.0964588,72.8531244
471043373,18.9980286,72.8175763
471043380,18.9986118,72.8174661
471066613,19.005138,72.821035
471520228,18.9984268,72.821886
471550921,19.0715408,72.8352553
471550922,19.071489,72.836109
471554800,19.0699352,72.8372739
471556497,19.0685299,72.8300628
471566319,19.0653929,72.8343413
471581476,19.0573638,72.8297641
471591707,19.0593691,72.8341618
471941460,19.0020853,72.8295947
471941466,18.9981802,72.8275473
471942852,19.0091918,72.8334559
471955208,18.9562041,72.8139259
471972441,18.9584392,72.8170377
471972442,18.9564113,72.8162882
472814070,19.0449884,72.8283022
472840749,19.0522092,72.8240185
473040979,19.0487091,72.8382377
473084113,18.9289139,72.8230904
473653179,19.0904079,72.8431898
474706650,18.9351518,72.8308331
475706090,19.0154514,72.8172262
475706096,19.0153262,72.8174932
475706109,19.0153744,72.8174828
476480258,19.0634498,72.862758
476480287,19.0611846,72.8633344
476489029,19.0603682,72.867086
477585773,18.9582204,72.8107094
482229835,19.0564019,72.8413704
482266865,19.0971334,72.8505975
482278859,19.0971269,72.8504571
482297168,19.0968086,72.851775
485953822,18.9442104,72.8292737
485966127,18.9437029,72.8287738
485973491,18.9256615,72.832671
485977586,18.9258869,72.829771
485984666,18.9244997,72.8320832
486003937,18.9294865,72.8218744
486004376,18.9119707,72.8211857
486004411,18.9117657,72.8214285
486024085,18.9329676,72.8280381
486040864,18.928281,72.8314561
486040927,18.927535,72.8314562
486050696,18.9267276,72.8338021
486327564,18.9439091,72.8232099
486385346,18.9529405,72.8161715
486390343,18.9415088,72.8238294
486400792,18.9335067,72.8237094
486400969,18.9336141,72.8237409
486404283,18.9315627,72.8229659
486404313,18.9295743,72.8219277
486415686,18.9557658,72.812609
489586507,18.9432554,72.8290966
489593886,18.9432197,72.8287185
489793165,18.9582005,72.8318274
493911795,18.9699567,72.8408452
493925065,19.0266746,72.8548297
493925226,18.9795887,72.8492282
493925820,18.9768468,72.8453015
493966540,18.9687295,72.8404847
493966574,18.9686423,72.8405742
493966589,18.9688701,72.8406271
493966602,18.9688506,72.8405323
494358449,18.9646643,72.8203045
494358456,18.9644894,72.820324
494358464,18.9646975,72.8201833
495097987,18.9269674,72.8339277
495098003,18.9300026,72.834993
506224364,18.9462574,72.795704
506224427,18.946483,72.7959691
519469450,19.1538311,72.8283261
519469451,19.1530013,72.8300443
519469509,19.1512108,72.8330179
519469620,19.149073,72.8297192
519469646,19.1488702,72.8329306
519469651,19.1489353,72.8313794
528622444,18.9268629,72.8197459
528644180,18.9253926,72.8252426
528644332,18.925732,72.8257724
528644374,18.9267074,72.8269694
528743522,18.9325843,72.8300096
528743523,18.9326536,72.8294296
528743527,18.9327444,72.8285722
528785879,19.046075,72.9088011
528785934,19.0457367,72.9092659
528785949,19.0457295,72.9090118
528890449,18.9778908,72.8449403
529576444,19.0505199,72.9005172
536673200,19.0190864,72.8365307
536726906,19.0181088,72.8475601
536726910,19.0181805,72.8477931
536726942,19.0174022,72.8477426
536839590,18.930053,72.8347247
561165513,18.9644317,72.8201825
561165516,18.9645274,72.8200709
561165518,18.9646543,72.820101
561165526,18.9645724,72.8203486
564738600,19.2814793,72.8583559
564738608,19.283342,72.8634521
564738616,19.2855995,72.8691657
564739419,19.2822638,72.8582766
564739421,19.2849663,72.8573412
564740607,19.2783808,72.8791126
564741511,19.2766862,72.8813065
564741520,19.2736797,72.8821361
564741521,19.2730545,72.8824032
564764334,19.2989854,72.8409571
564764371,19.2943715,72.84589
564764420,19.2926572,72.8611636
564765453,19.2989778,72.8412091
564782061,19.2989924,72.8548035
564782071,19.2990399,72.8548459
564853874,19.2907342,72.8013879
564864170,19.2410084,72.7842886
564878691,19.2364095,72.8187174
564906271,19.1991352,72.7928289
583309182,19.0451509,72.8280562
587976149,19.0163138,72.8464754
587976199,19.0147788,72.8453404
587984765,19.0175026,72.8439863
588597487,19.0713392,72.8467996
588620180,19.0955298,72.852821
588669492,18.944611,72.8327065
588750491,18.9493122,72.8332354
590493555,19.2489549,72.865753
590544164,19.2567351,72.8711221
590605922,19.2338111,72.8549112
590605927,19.2335747,72.8550588
590605941,19.2338472,72.8550386
590605977,19.2307311,72.856733
590607231,19.2337355,72.8551596
590732619,19.2417187,72.8525369
590732809,19.2446439,72.8522241
593054810,19.0509231,72.8405954
593054844,19.0713351,72.8466699
593054870,19.0956559,72.8524506
593054872,19.0965425,72.8527815
593054877,19.0988918,72.8535966
593119792,19.0900899,72.8439966
610227598,18.9584288,72.8259887
610244325,18.9577508,72.8152452
610283487,18.9531693,72.8256198
618675933,18.9647796,72.8075231
618676046,18.9617946,72.808449
618682503,18.9589844,72.8099159
618682506,18.9602016,72.8092339
618685378,18.9649689,72.8162455
619128792,19.1637908,72.9376311
619130306,19.1786815,72.9449955
619143455,19.2053592,72.990856
619143463,19.2156693,72.9915921
619143471,19.2210939,72.9891879
619166256,19.2313948,72.8631204
619166257,19.2333185,72.8640806
619169805,19.2139048,72.8512306
619169811,19.2231787,72.8538068
619169980,19.2203768,72.84778
619169992,19.2216377,72.8593058
619181292,19.1852839,72.8582405
619183126,19.1758217,72.8741418
619183872,19.1720383,72.8716884
619183876,19.1757511,72.8675476
619185664,19.1725754,72.8540633
619185674,19.1735225,72.8450789
619193778,19.1312314,72.8972574
619193780,19.1322368,72.8971999
619193782,19.1332546,72.8969235
619199656,19.1023916,72.9200375
619199658,19.1046357,72.9170618
619199912,19.1192536,72.9085718
619202302,19.1332237,72.8550734
619227582,19.0445757,72.8393211
619227596,19.0495789,72.8372824
619227611,19.0500445,72.8379138
619227618,19.0502838,72.83822
619227657,19.0504346,72.8390958
619227661,19.0507277,72.8383369
619305731,19.0748371,72.9127401
619306765,19.0878509,72.92361
619309790,19.0849504,72.8861203
619309806,19.0777367,72.8788698
619309810,19.0707176,72.8754828
619309814,19.0601731,72.8725097
620011492,19.0874382,72.9025709
620382315,18.965588,72.8324833
620382693,18.9681186,72.8326836
620382712,18.9710645,72.8323915
620393213,18.9571825,72.8320633
620393234,18.9546137,72.8328753
620393268,18.9569259,72.8323503
621244019,19.1388631,72.8631925
621284871,19.1438767,72.8427483
621284872,19.1419229,72.8431004
621284900,19.1361636,72.8474424
621287160,19.1617611,72.8460416
621287161,19.1593533,72.8459281
621287166,19.1494413,72.8431598
621287167,19.1459099,72.8428919
621287605,19.1662341,72.8456344
621976586,19.0846023,72.8597139
621976590,19.0849445,72.8599596
622042581,19.0744668,72.8600095
622042582,19.0743754,72.8604812
622060376,19.0759394,72.8744705
623037777,19.1117718,72.8586651
623038359,19.1153554,72.8503311
623040010,19.1147757,72.8600696
623040015,19.1202502,72.8489948
623040016,19.1208824,72.848122
623040192,19.1178639,72.8684851
623040889,19.1160475,72.8299538
623217288,19.1172151,72.8297958
623223512,19.1024425,72.8369214
623880468,19.1185469,72.8480421
623881375,19.1190187,72.8509197
623881673,19.1242958,72.8421096
623885624,19.1019454,72.8899887
623889400,19.0859935,72.9080976
623889405,19.0920202,72.9079335
626539115,19.1616238,72.8570139
626539146,19.1615168,72.851052
627733111,19.2256661,72.8077975
627835035,19.191418,72.8469568
627835037,19.1982588,72.8480943
627835038,19.2029737,72.849318
627835045,19.1781429,72.8463381
627835052,19.1760043,72.8455023
627835897,19.1938317,72.8395644
627835899,19.1952648,72.8387244
627837222,19.199002,72.857052
627837248,19.1982454,72.8483717
627838051,19.2040547,72.8496837
628597978,19.212369,72.8446353
628597982,19.2150014,72.8383175
628597983,19.2150359,72.837673
628597986,19.2152861,72.8285629
628655131,18.9437048,72.8343981
628998774,19.2323104,72.829217
628998823,19.2194121,72.8287282
629016904,19.2103422,72.82829
629017401,19.210277,72.8304104
629017418,19.2087837,72.8222369
629021717,19.2072444,72.8349583
629022103,19.223993,72.8406716
629022674,19.2583054,72.8535175
629022717,19.2558099,72.8689134
629023678,19.2548584,72.8578916
629023979,19.2546389,72.8530867
630298099,19.1250783,72.864868
630298114,19.1285125,72.8685835
630298120,19.129181,72.8680608
630301865,19.1488493,72.8763804
630303556,19.1573054,72.8744637
630678284,19.1731522,72.9619386
630678344,19.1730634,72.9568978
630678357,19.171891,72.9553266
630689984,19.1517807,72.9375347
630699810,19.1682073,72.9610442
630700075,19.16221,72.9563333
630700081,19.1635773,72.9571563
630700998,19.1714802,72.9580083
630701541,19.1719719,72.9605219
630707044,19.1873967,72.9674759
630707085,19.1878904,72.974214
630709844,19.1880666,72.9795941
631466883,19.0428963,72.8792601
631469533,19.0358022,72.8798951
631470661,19.0377142,72.8619115
631473301,19.0365403,72.8606442
631473702,19.0366358,72.8743136
631476241,19.0326606,72.880322
631476243,19.0332804,72.8788292
631480519,19.0172598,72.8649281
631480564,19.0183959,72.8637398
631482441,19.0222672,72.8636932
631483024,19.0294979,72.8667999
631483027,19.032017,72.8670411
631484614,19.0334999,72.8664984
631487133,19.0374469,72.865169
631487309,19.036624,72.8692493
631487487,19.039574,72.8674731
631489561,19.0435706,72.8619942
631489579,19.0425594,72.8618264
631493993,19.0368344,72.8604387
631494015,19.0433346,72.8624056
631494016,19.0427538,72.863483
631494019,19.0420987,72.8637735
631494021,19.0423405,72.8634487
631494024,19.0429633,72.8630166
631494036,19.0427853,72.8642042
631494038,19.0421849,72.8641383
631497215,19.0376397,72.8627202
631497242,19.0485528,72.868514
631507919,19.0586712,72.8611434
631507962,19.0572801,72.8644612
631507964,19.0587493,72.8624966
631507992,19.0690865,72.8684997
631507993,19.0692212,72.868405
631507995,19.067815,72.8701673
631525416,19.0358476,72.8528719
631525438,19.0672793,72.8652769
631525441,19.0711547,72.8722123
632299700,19.0455063,72.8932657
632310816,19.0208673,72.8901696
632311715,19.0093317,72.8984526
632313010,19.0500643,72.8935782
632313012,19.0507622,72.8938663
632349388,19.0420939,72.9334497
648857360,19.285041,72.9034044
648857392,19.2855654,72.899898
648865016,19.2865937,72.8899942
648865086,19.2798949,72.8770457
648865107,19.2842203,72.8805197
652613466,19.0954385,72.8527865
658571181,19.0011476,72.8289583
658571202,19.0011211,72.8290491
662188952,18.934138,72.8388372
662429758,18.9378485,72.8397
662994491,18.9339389,72.8400751
662994570,18.9341258,72.8400401
667392418,19.1209934,72.937165
667392429,19.124416,72.9385507
667392430,19.1238084,72.9382984
667392435,19.1269038,72.939607
667395450,19.1212539,72.9100683
674869953,19.0428643,72.8401526
674906578,18.9785475,72.8338697
700736527,18.9572719,72.8494093
700736537,18.9596049,72.8458552
700851641,18.9895061,72.8462975
700851701,18.9884298,72.8452782
701118317,18.9894183,72.8344486
714864884,18.9532299,72.8278324
767335422,19.0945665,72.8548803
768584675,18.9984215,72.822074
768595237,18.9825464,72.8237143
768595239,18.9825562,72.8238466
768595285,18.9920784,72.820747
768595301,18.992932,72.8203014
768595339,18.9888719,72.8224466
768595345,18.9891722,72.8224288
768599586,19.0014018,72.8156421
768599593,18.9935691,72.8146112
768599611,19.0045873,72.8132878
768651100,19.0063172,72.8181095
768656588,19.0104665,72.8203296
768662264,19.0120935,72.8218594
769028312,19.1748242,72.8324041
769037775,19.17053,72.8355303
810349108,19.1027613,72.8662246
814394017,19.2343083,72.8440459
858509814,18.9522216,72.8314578
858671995,18.952905,72.8339566
858938668,18.9497746,72.8347788
861155618,18.9618936,72.8320547
861155655,18.958225,72.8320457
861190726,18.9546932,72.8329974
861190736,18.9575702,72.8321094
861209912,18.9635874,72.8319625
864905235,19.1106782,72.8341146
864905251,19.1113343,72.8372477
864905263,19.1116837,72.8321334
864905398,19.1071548,72.8368189
864905400,19.1096732,72.8370128
864905412,19.1125913,72.8371726
864905425,19.1156162,72.8346466
864940623,19.1132482,72.8391451
864964221,19.1161558,72.8299468
864964227,19.1158898,72.8343163
864964228,19.1157261,72.8347235
864964232,19.1142051,72.836534
864964235,19.1126431,72.8372756
864964242,19.1113164,72.8373789
864964244,19.1097095,72.8371723
865054565,19.1162766,72.8402631
865063296,19.1187148,72.8450383
866726930,19.1071647,72.8299838
866726945,19.1071023,72.826833
866738757,19.1070995,72.8338002
866749872,19.1135671,72.8277427
866758828,19.1121626,72.829012
866758873,19.1056267,72.8265017
866758877,19.1074725,72.8263348
866806750,19.10163,72.8391583
866806765,19.1017089,72.839391
866806795,19.1029796,72.8369285
866806832,19.1024462,72.8372841
866806847,19.1029834,72.8368243
866806856,19.1026731,72.8365087
866807200,19.1084247,72.8370426
866807202,19.107106,72.836931
866807207,19.1025672,72.836924
866807384,19.1048737,72.8270862
866807393,19.1037414,72.8318667
866807395,19.1033159,72.8338101
866807402,19.1025891,72.836831
866826427,19.1040174,72.8315283
866826461,19.1056995,72.8302529
866835027,19.1116509,72.8298545
866835029,19.1160489,72.829849
866835090,19.1071725,72.8298726
866839628,19.104463,72.8267564
866839667,19.1049488,72.8266975
866879594,19.1111114,72.8266875
866908899,19.1144766,72.8266843
866909292,19.1151168,72.8277039
866909388,19.1143486,72.8277093
867003219,19.1138812,72.8420004
867276793,19.123963,72.8238649
884182590,19.1348131,72.8247522
884198587,19.1395491,72.8255352
884198588,19.1395749,72.8254932
884198592,19.1397224,72.8254622
884198594,19.1398082,72.8256374
884198599,19.1396772,72.8257259
884198602,19.1395665,72.8256728
884215695,19.1393949,72.8234297
884220200,19.1480213,72.8233602
884220241,19.1469919,72.8287711
884220243,19.146946,72.8287786
884220258,19.1475768,72.8230214
884220266,19.1470343,72.8288166
884220269,19.1470056,72.8288847
884220273,19.146936,72.8288727
884220274,19.1469229,72.8288483
884220277,19.1469242,72.8288095
884244616,19.141866,72.8289513
884244617,19.1418524,72.8286639
884254033,19.1467784,72.8238624
884364447,19.1326801,72.8256449
884364483,19.1301911,72.8219155
884364577,19.1418154,72.831473
884364717,19.1458812,72.8294381
884379407,19.1419546,72.8315814
884379411,19.1365902,72.8320342
884399489,19.1322263,72.8315502
884399491,19.1321691,72.8316199
884399494,19.1316643,72.8376424
884399555,19.1270156,72.8373669
884429971,19.1459047,72.8312246
884429975,19.1489273,72.8314901
884429979,19.1517476,72.8317709
884429983,19.1457997,72.8311463
884429984,19.1458039,72.8312304
884429985,19.145926,72.8329291
884429992,19.1462419,72.8367144
884430002,19.1489926,72.8363034
884430021,19.1457231,72.8294244
884430025,19.1434935,72.8291722
884430034,19.1511411,72.8358478
884430050,19.1472584,72.8295308
884430078,19.1460407,72.8329269
884430084,19.1463304,72.8366022
884430163,19.1418171,72.8315892
884466993,19.1426244,72.8053856
884467135,19.1430129,72.804554
884467232,19.1390137,72.8157004
926432851,19.2755114,72.7955134
969754525,19.2952116,72.852362
969754625,19.2981377,72.8523408
969754640,19.29921,72.8522694
969781535,19.107604,72.8641729
969781588,19.1118863,72.867761
969803872,19.1237155,72.8542631
969803897,19.124347,72.8467361
969803898,19.1258961,72.8538234
969893684,19.2236317,72.8568346
969893715,19.2302999,72.8620681
969893765,19.2302351,72.8578516
969935130,19.2321068,72.8576936
984279223,19.1655946,72.8509171
984279232,19.1648981,72.8508934
984279245,19.164547,72.8526759
984279261,19.1651329,72.8512478
984279288,19.1613762,72.8528083
984279423,19.1669818,72.8499047
984279443,19.1662473,72.8513753
984279451,19.1661556,72.8516319
984279461,19.1662217,72.8526148
984279468,19.1663697,72.8542417
984279558,19.1651638,72.8501606
985092027,19.166214,72.8583594
985103863,19.166152,72.8587229
985103905,19.1743177,72.8592119
985103914,19.1666831,72.8584008
985136380,19.1655539,72.8508037
985136456,19.166504,72.8582313
986518062,19.1607856,72.8580314
986518068,19.1557448,72.857347
986518071,19.1512933,72.8567875
986518075,19.1499791,72.8565013
986518122,19.1697758,72.8591414
986518125,19.1744147,72.859636
991256997,19.2377955,72.9757657
996399848,19.1631252,72.8882067
996421466,19.1758643,72.8740344
1027916975,19.248352,72.9748359
1027916984,19.2505847,72.973416
1027916985,19.2512475,72.9729945
1027917050,19.2588077,72.9761411
1027917074,19.264867,72.979845
1033609140,18.9490479,72.8370245
1034965625,18.9463378,72.8349766
1070196437,19.2872675,72.867232
1070196441,19.2884041,72.8653521
1070196442,19.2891965,72.8648555
1070377933,19.2815744,72.8730494
1070377934,19.2824935,72.8737978
1070377936,19.2800799,72.8713253
1070377945,19.2822802,72.8737726
1070377948,19.2823417,72.8736882
1070377955,19.2816511,72.872981
1070377972,19.2801269,72.8711551
1070841436,19.2785222,72.879234
1072383376,19.1646623,72.8528309
1072893285,19.1616829,72.8574548
1078664045,19.1813633,72.967728
1078664048,19.1962446,72.962518
1078664082,19.179457,72.9715872
1078664085,19.1933017,72.9707661
1078664089,19.184298,72.9770259
1078664145,19.1846367,72.9726358
1078664182,19.1950061,72.9667714
1078664328,19.1826217,72.9711126
1078664342,19.1962633,72.9628049
1078664383,19.179036,72.9680589
1078664517,19.1788538,72.9677041
1078664527,19.1877816,72.9806292
1078664557,19.1841918,72.971521
1078664638,19.1819557,72.9677336
1078664681,19.187736,72.9725069
1096002709,19.2171125,72.8447823
1127766353,18.9441649,72.8258843
1127766359,18.9448551,72.8255054
1127766407,18.9444366,72.824453
1127770757,18.9445786,72.8248966
1127774638,18.9433323,72.8251228
1127774801,18.9436016,72.8231038
1143398750,19.1678089,72.8498337
1143398754,19.1669088,72.8503654
1145401592,19.1297168,72.8777986
1145401595,19.130012,72.8765715
1147514624,19.2855018,72.8616178
1147514635,19.2858871,72.8586407
1147514644,19.2892796,72.8575471
1147514697,19.2850333,72.8573821
1147531713,19.2822559,72.8677947
1147531720,19.2849281,72.8701034
1147531736,19.2813016,72.8691595
1147531751,19.2841455,72.871164
1147531757,19.2766049,72.870497
1147531764,19.2780812,72.8707259
1147531791,19.2786989,72.8666704
1147531813,19.2798105,72.865445
1147531897,19.2760155,72.8597029
1147531920,19.2736405,72.8629808
1147531968,19.2788587,72.8629865
1147532034,19.2803983,72.8647517
1148581217,18.9647444,72.8044808
1152814070,19.1662611,72.8580711
1152814072,19.1661422,72.8589805
1153987056,19.1771852,72.858684
1154003520,19.0579768,72.8465816
1154003522,19.0579745,72.8464434
1154003529,19.055604,72.8463263
1154003530,19.0556019,72.8466624
1154203404,19.1202138,72.855711
1154211731,19.1092095,72.8535745
1154211735,19.1126854,72.8543197
1154214582,19.113344,72.8544811
1154214585,19.1132768,72.8548176
1154216502,19.116572,72.8549743
1154216503,19.1163802,72.8552875
1156127277,19.1405962,72.8546327
1156134791,19.1617471,72.8577964
1156163024,19.1377221,72.8549149
1156346003,19.1834646,72.8540306
1157176384,19.1697553,72.8593694
1157625205,19.0686422,72.9038561
1158433045,19.0514927,72.9365066
1158453050,19.0688113,72.9973905
1158453054,19.0688203,72.9972814
1158453056,19.0689582,72.9927491
1158617054,19.1231496,72.871568
1165312783,18.997725,72.8377876
1165333767,18.9923051,72.8365036
1165388887,18.9977014,72.8376115
1166186819,19.1253098,72.9246718
1166270334,19.1786296,72.8581446
1166270336,19.1778251,72.8562774
1167660165,19.1576783,72.8511742
1169472512,19.1652959,72.8490388
1169474008,19.1668276,72.848848
1169477795,19.1616745,72.8486069
1169479362,19.1592544,72.8485396
1169481164,19.1649756,72.847002
1169481166,19.1635694,72.8458858
1169541070,19.1633475,72.843657
1172405289,19.158964,72.845923
1172407368,19.1589993,72.8436648
1172443519,19.1598711,72.8397284
1172489427,19.1592373,72.8352634
1174893177,19.1533074,72.8396311
1174906214,19.1531867,72.8435447
1174942001,19.1518953,72.8443799
1176874806,19.1005453,72.9289843
1177128691,19.1894092,72.8584286
1177146270,19.2013925,72.8612228
1177162897,19.2000977,72.8787386
1177243204,19.1939954,72.8723691
1177244711,19.1940431,72.8681711
1178623177,19.20322,72.8630553
1178623178,19.2059772,72.865984
1178625409,19.2083588,72.8674758
1178672927,19.2213753,72.8651884
1178672931,19.2213948,72.865553
1178681137,19.2209806,72.8541549
1179088379,19.0204234,72.8496865
1179089888,19.0203802,72.8497851
1179191719,19.0429387,72.863854
1179221116,19.0094542,72.8420602
1179221118,19.009387,72.8420209
1179257896,19.0200374,72.8495085
1179261850,19.0146451,72.8455526
1179269788,19.0176564,72.84741
1179273102,19.0129063,72.8441292
1179273129,19.0128296,72.8442467
1179314445,19.0401512,72.8621143
1179314459,19.040082,72.8622229
1179314485,19.0311621,72.8580523
1179314492,19.0310582,72.8583494
1179332232,19.0484153,72.8686454
1180378612,19.2314143,72.863519
1180378618,19.2275988,72.8634201
1180382149,19.235715,72.8633247
1180420053,19.1916169,72.9631561
1180435752,19.2113895,72.9762647
1180767121,19.2060582,72.8665819
1180784779,19.210277,72.8729539
1180784803,19.2103879,72.8691042
1180806522,19.206838,72.8774143
1180812204,19.2101506,72.8774382
1180816983,19.2145727,72.8719563
1180830444,19.2139139,72.8672157
1182335013,19.2589501,72.976265
1182335016,19.256569,72.9794755
1182363473,19.2411308,72.9925693
1182363483,19.2186964,72.9839809
1182363525,19.225996,72.9798281
1182363560,19.2302685,72.9852618
1182556118,19.1720475,72.9407735
1182558489,19.1692172,72.9455743
1184038446,19.1584711,72.8789953
1184044034,19.2141451,72.9772826
1184046328,19.1966542,72.9625314
1184060026,19.1974757,72.9843962
1184064226,19.1961511,72.9878184
1184070629,19.1131259,72.8794768
1184070632,19.1135079,72.8795582
1184071561,19.112817,72.8828604
1184071562,19.1148426,72.8834048
1184071565,19.1128992,72.8827156
1184073234,19.1070454,72.883872
1184074193,19.1247953,72.8798682
1184078333,19.1137803,72.8711659
1184084001,19.1158395,72.8682642
1184089996,19.1178258,72.8649433
1184122435,19.1211973,72.8747568
1184122821,19.1911607,72.9763953
1184122826,19.206813,72.9744985
1184122832,19.1915116,72.9724258
1184122840,19.2080948,72.9729674
1184122842,19.205232,72.9775154
1184122846,19.1922746,72.9724481
1184122855,19.1926832,72.9736894
1184122869,19.2027846,72.9723809
1184122880,19.2040749,72.9744878
1184122888,19.1922997,72.9738617
1184123095,19.1201344,72.8743233
1184123626,19.1210645,72.870634
1184124311,19.1891968,72.9759372
1184124347,19.18964,72.9724258
1184130764,19.2021488,72.9869534
1184130778,19.198117,72.9843219
1184132894,19.1220395,72.8656097
1184134528,19.1877793,72.9762472
1184146819,19.1109457,72.8713189
1184152729,19.1110928,72.8707365
1184438147,19.1264573,72.8590493
1184468310,19.1282722,72.8600486
1184471965,19.1255883,72.8632023
1184489481,19.1342208,72.8743624
1184498924,19.1297587,72.8657269
1185552512,19.1148492,72.8593649
1185553719,19.1062094,72.86652
1185553720,19.1060118,72.8681873
1185674157,19.1784863,72.8312257
1185674179,19.180363,72.8315312
1185674183,19.1799431,72.8305694
1185815163,19.1791073,72.8424631
1185818941,19.1746977,72.8330271
1185818942,19.1756843,72.8331001
1185818981,19.1786971,72.8350279
1185856092,19.1837663,72.8495563
1185859880,19.1898727,72.8467032
1185859882,19.188683,72.8464734
1186891007,19.1750435,72.831384
1186902566,19.1895107,72.8484693
1186902567,19.18927,72.8483893
1186904904,19.2038721,72.8512181
1186904908,19.205419,72.8499504
1186904910,19.206466,72.8502309
1186904911,19.2051308,72.8514654
1188635570,19.2179029,72.8402118
1188638929,19.2199488,72.8448574
1188654980,19.2202068,72.8525406
1188667400,19.2029095,72.8521658
1188784397,19.2048853,72.8414292
1188784758,19.2033677,72.841505
1189168883,19.1770437,72.8419645
1189168885,19.1753977,72.8416554
1194135953,19.1735684,72.8455968
1194136009,19.1739214,72.8450494
1194136040,19.1736419,72.8447315
1194136043,19.1735339,72.8448467
1194191465,19.1515552,72.8473395
1194195803,19.1523182,72.844557
1195179689,19.1840771,72.8338809
1195179701,19.1840883,72.8324184
1195179702,19.1842344,72.8359196
1199606539,19.1086117,72.8779699
1201341729,19.1767612,72.8501289
1201343937,19.1836672,72.8500877
1232644427,19.0673842,72.9022692
1232644505,19.0643742,72.8976319
1232644512,19.063349,72.8983876
1232644665,19.0683195,72.8924407
1232644762,19.0674623,72.9022101
1232644986,19.0642315,72.8977483
1233452316,19.088051,72.9056413
1235720483,19.2641864,72.978353
1235813886,19.2413773,72.9694096
1235813947,19.2395882,72.9755517
1235813970,19.2415836,72.9693912
1235814028,19.2413808,72.9719852
1236410178,18.9554769,72.8078873
1236410186,18.9591173,72.8098429
1236410189,18.9447606,72.8248189
1271126528,19.1828737,72.9946006
1271126533,19.1811696,72.9960697
1271126541,19.1811373,72.9959518
1286545934,18.9813057,72.8264998
1286566724,18.9811044,72.8263825
1286566727,18.9812827,72.8270837
1286566730,18.9807195,72.8265397
1286566733,18.9807941,72.8271011
1286752654,19.0086362,72.8343507
1288998782,19.1174449,72.8837542
1288998788,19.1198397,72.8853182
1318654999,19.1715329,72.8592028
1336410623,19.0535401,72.9142552
1342988741,19.182473,72.8382132
1342994773,19.183317,72.8421215
1342999452,19.1851411,72.8423592
1343002718,19.189233,72.837844
1343002720,19.1872145,72.8383449
1343006720,19.1940479,72.8370817
1343009437,19.1874503,72.842071
1343009445,19.1899702,72.8420046
1343009451,19.1888471,72.8464904
1343009456,19.1925359,72.8425503
1343015873,19.1874702,72.8422355
1343017943,19.1936137,72.8394065
1344357227,19.1112802,72.8500667
1344712231,19.1131276,72.9094774
1345329173,19.1136424,72.8529312
1345329180,19.1132564,72.8528479
1348001271,19.0262257,72.8431407
1348001336,19.0262438,72.8432315
1348001410,19.0304474,72.8455303
1348028146,19.0213282,72.8398476
1348056645,19.0245103,72.8374843
1348056648,19.0242875,72.8377044
1351183145,19.1958799,72.8211965
1351183149,19.1959782,72.8218577
1351183157,19.1987298,72.8218944
1351247410,19.0620317,72.9175698
1351343339,19.2238008,72.8477674
1351352355,19.223962,72.8447161
1351377036,19.2237008,72.8495422
1352212388,19.219693,72.8418112
1352227902,19.229856,72.8418712
1353464530,19.2142987,72.83966
1353464532,19.2152458,72.8446913
1353464534,19.2127982,72.8425305
1353464547,19.2181473,72.8419117
1353467783,19.2099946,72.8400833
1353467798,19.2118237,72.8378632
1356240077,19.1883877,72.8586234
1361561210,19.1893552,72.8499481
1361563109,19.1899208,72.8500014
1361563721,19.1877588,72.8501143
1361576643,19.188581,72.8554127
1361589371,19.1856127,72.8501275
1361589388,19.1856252,72.8517616
1365570187,19.01729,72.8446026
1365570226,19.0201077,72.84315
1365949289,19.0461199,72.8597356
1366008977,19.0650538,72.8807541
1366008979,19.0652261,72.8768831
1366008980,19.0658596,72.8790426
1366008983,19.0660298,72.8747716
1366008998,19.0665517,72.8794655
1366009000,19.0668239,72.877716
1366009054,19.0704157,72.8777099
1366009077,19.0741205,72.8791224
1366009125,19.0760493,72.8775314
1366027983,19.0773079,72.8857358
1366028009,19.0827026,72.8852214
1366028025,19.0838244,72.9022528
1366028032,19.0844858,72.8849456
1366028051,19.085197,72.8849135
1366028055,19.0853784,72.883665
1366028058,19.0856151,72.8808543
1366054386,19.0806061,72.8962724
1366054432,19.0824612,72.8962938
1366096080,19.0824368,72.9006797
1366097095,19.0935027,72.8994374
1366097133,19.094092,72.8997278
1366097663,19.1028619,72.8990893
1366097698,19.1036949,72.8965453
1366097711,19.1041788,72.8967467
1366097769,19.1058682,72.8879104
1366097987,19.1144545,72.8978844
1366794682,19.0381285,72.9449796
1366794894,19.0527291,72.9203381
1366794913,19.0537543,72.9272339
1366794970,19.0553834,72.9111052
1366795134,19.0589153,72.9142455
1366795154,19.059263,72.9135262
1366795192,19.0607782,72.924912
1366795215,19.0647357,72.9309723
1366795254,19.0687878,72.921553
1366856852,19.0433189,72.9229195
1366856857,19.0435964,72.923217
1366856876,19.0439731,72.9202089
1366857014,19.0460771,72.9264778
1366857089,19.0489736,72.9303382
1366857124,19.0502749,72.933727
1366857176,19.051309,72.9366351
1366857240,19.0526963,72.9407883
1366857439,19.0554078,72.9105434
1366857555,19.0621254,72.9005919
1366857600,19.0630759,72.8985532
1366900343,19.051227,72.9364045
1366900349,19.0517553,72.9217615
1366900404,19.0590807,72.9237644
1366900663,19.0880157,72.9054962
1366900865,19.1004999,72.9186564
1366900900,19.1015339,72.9116059
1366901048,19.1037475,72.9112744
1366901065,19.1042433,72.9142526
1366901129,19.10598,72.9136183
1366901329,19.1154922,72.9165602
1366938229,19.0632504,72.9138851
1366938236,19.0636912,72.9124246
1366938254,19.0651366,72.8991816
1366956109,19.0623128,72.9176971
1366987045,19.0466082,72.9094706
1366987067,19.060915,72.9165691
1367092731,19.0519732,72.9105928
1367092952,19.0581506,72.886357
1367093074,19.0621117,72.8833503
1367093155,19.0640316,72.8816116
1367093183,19.0643862,72.8945878
1368753125,19.1569777,72.8459496
1369464570,19.1822957,72.9950877
1369464578,19.1823996,72.9951632
1375170610,19.1810484,72.8170722
1375170621,19.1821056,72.8188097
1375170686,19.1959781,72.8219647
1375170790,19.2152687,72.8337457
1375170792,19.2191962,72.8339561
1375170795,19.219823,72.8378993
1375170797,19.2240159,72.8377751
1375170801,19.2244709,72.8341677
1375170805,19.2264153,72.828151
1375170806,19.2273796,72.821926
1375170808,19.2303954,72.8288609
1375170809,19.2309431,72.8255395
1375215365,19.1332279,72.8549414
1375215404,19.136985,72.8547708
1375215407,19.1369644,72.855243
1375215424,19.1377267,72.8550179
1375215761,19.1449695,72.8555259
1375215803,19.1551832,72.8567035
1375251438,19.065383,72.8415628
1375251590,19.0958873,72.8553168
1375251720,19.1153603,72.8472852
1375251723,19.1158808,72.8455465
1375482657,18.9681388,72.8327945
1375482659,18.9684197,72.8330483
1375482674,18.9714136,72.8324276
1375482697,18.9728828,72.8325763
1375482733,18.9754429,72.8335675
1386573931,19.1671514,72.9318808
1386573973,19.1732942,72.9348475
1386573977,19.1734164,72.9348768
1386573993,19.1749599,72.9370734
1386595190,19.171187,72.9566163
1386641025,19.1578042,72.9466005
1386641054,19.1633322,72.9467065
1386641161,19.1776023,72.9408208
1386641179,19.1778248,72.9440582
1386641222,19.1833361,72.9535572
1386641229,19.1840166,72.9533155
1388354091,19.1645265,72.9477444
1388354096,19.1669563,72.9443736
1388354104,19.1691493,72.9526009
1388354147,19.1723921,72.9562074
1388354152,19.1725124,72.9488261
1388354157,19.1735532,72.954931
1388354178,19.1757722,72.9425055
1388354194,19.1766131,72.9529101
1388354213,19.1788307,72.9490235
1388374498,19.1505707,72.9363504
1388374508,19.1510694,72.9375672
1389409135,19.1763284,72.8776131
1389409137,19.1764707,72.881163
1389428534,19.1518891,72.8915345
1389428569,19.1557537,72.8884674
1389428790,19.1647737,72.8795793
1389428820,19.1672951,72.8768108
1389428824,19.1672944,72.8814931
1389428854,19.1723316,72.8800298
1389428867,19.1734356,72.8773102
1392429436,19.1164297,72.8444799
1392429440,19.1165909,72.8441185
1392485609,19.075244,72.8874091
1392485673,19.0846428,72.8904181
1392485677,19.0847415,72.8918253
1398117066,19.0541795,72.8473667
1398117085,19.0556609,72.8508936
1398117087,19.0557426,72.850813
1416525707,19.207653,72.8293634
1419256931,19.0190215,72.8602926
1448146968,19.1547604,72.9568248
1448146970,19.1513921,72.954923
1448146974,19.1515656,72.9546506
1448147562,19.1577745,72.9592111
1451795361,19.0890593,72.9171338
1451814005,19.0842861,72.9143057
1451814011,19.0846521,72.9137839
1451831897,19.0862536,72.9194406
1451864897,19.0813896,72.911899
1454672565,19.0851876,72.9085179
1454672572,19.0844279,72.9090241
1454673594,19.0833596,72.905924
1454673995,19.0814302,72.9086754
1454673998,19.0826689,72.9048148
1475178057,19.0459084,72.9088191
1480129878,19.2558291,72.87017
1480131114,19.2566477,72.8708075
1481078176,19.2297569,72.8609445
1481080651,19.2285197,72.8580529
1490200570,19.0190134,72.8404667
1490200632,19.0188756,72.840356
1490200676,19.0188641,72.8405557
1490200677,19.0188234,72.8404004
1494132036,19.0207641,72.8486022
1511336025,19.2504464,72.8664069
1511336027,19.2502243,72.8667686
1511525618,19.2420754,72.8642253
1511529014,19.2468466,72.8649249
1511531476,19.2442571,72.8646567
1511531477,19.2444025,72.8643524
1532750864,19.2324723,72.8635129
1596008547,19.1833997,72.9495031
1596008552,19.1789768,72.9496283
1596018871,19.1749148,72.9562572
1632712308,19.1885521,72.8581257
1632712320,19.1892568,72.8499426
1632712364,19.1917193,72.8587127
1633262408,19.0209899,72.8487744
1634012685,19.1839434,72.8638801
1634012703,19.1870322,72.8623781
1634012752,19.1881892,72.8638934
1634012860,19.1920124,72.8661912
1634250050,19.0488616,72.9303927
1634250054,19.0488749,72.9307172
1634250062,19.0491646,72.9306048
1634250074,19.0500683,72.9334515
1640191301,18.932473,72.8312419
1640273641,19.1185375,72.8481897
1640769588,19.1108184,72.925661
1640769609,19.1123442,72.9331321
1640769756,19.1263589,72.8937723
1640852143,19.1029177,72.8690778
1640972957,19.0486798,72.8383472
1642886278,19.2305075,72.8635241
1642951740,19.0521013,72.8788803
1642951748,19.0528192,72.88105
1642951800,19.0536044,72.8822871
1642951818,19.0538601,72.8833422
1642951846,19.0548219,72.885073
1642951851,19.0547729,72.884657
1642951881,19.058254,72.8896646
1642951891,19.058952,72.8903137
1642951893,19.0590868,72.8901831
1642954374,19.0500401,72.8772196
1642954383,19.0512008,72.8779646
1642954387,19.0513284,72.8776655
1642954393,19.0515356,72.8773129
1643007858,18.9282511,72.8242777
1643027258,19.0805037,72.9042303
1643031073,19.0742757,72.9031388
1643031078,19.0770226,72.9038366
1643035294,19.0742924,72.9051922
1643035296,19.0751767,72.9051076
1643035300,19.075148,72.9060729
1643035301,19.0753088,72.9034016
1643093983,18.9450278,72.8344905
1643093987,18.9451394,72.8347075
1643105813,18.9330252,72.8313453
1643105814,18.9327072,72.8300363
1643105819,18.9328578,72.8287805
1643105824,18.9329737,72.827907
1643105843,18.9345103,72.8309748
1643105844,18.9345388,72.8327715
1643105879,18.9380395,72.8344236
1643105886,18.9386305,72.8346985
1643105899,18.9452416,72.8340934
1643134423,19.0373769,72.8609092
1643134428,19.0374436,72.8607423
1643134459,19.0375597,72.8632033
1643134506,19.0456379,72.8637649
1643160144,18.9434155,72.8290133
1643160180,18.9403407,72.8347611
1643210452,18.9427335,72.8294645
1643210453,18.9426395,72.8269248
1643210456,18.9427291,72.8269495
1643210476,18.9431816,72.8297605
1643210478,18.9432948,72.8297121
1643210479,18.9432824,72.8292416
1643210481,18.9433401,72.8290661
1643210495,18.9436878,72.8294062
1643210496,18.9438646,72.8294138
1643210501,18.9439257,72.8286424
1643210508,18.9455044,72.827757
1643210511,18.9455687,72.8277211
1643210517,18.9462965,72.8290678
1643210518,18.9464793,72.8293651
1643263967,19.02583,72.8787243
1643264091,19.0367613,72.8950645
1643264250,19.0523435,72.8998598
1643264260,19.0526941,72.8999913
1643264325,19.0596656,72.9006889
1643264330,19.0597684,72.9003458
1643264361,19.0601819,72.900451
1643351712,19.0434014,72.9233037
1643351719,19.0435156,72.9235946
1643351766,19.053378,72.8969517
1643351828,19.056014,72.9005357
1643351830,19.0561729,72.8980838
1643351843,19.0569761,72.887222
1643351856,19.0598896,72.8966104
1643351868,19.0636991,72.8971917
1643351870,19.0638507,72.8966448
1643413863,19.2042318,72.9538167
1643413867,19.2078989,72.9582013
1643413903,19.2136565,72.9550899
1643413909,19.2143203,72.9586
1643413937,19.2194301,72.96627
1643413951,19.2225679,72.9663284
1643413992,19.2286267,72.96736
1644081954,19.1188449,72.9357708
1644081956,19.1210209,72.9370615
1644082010,19.1472916,72.936886
1644082014,19.1477135,72.9303129
1644082017,19.1479251,72.9300601
1644082876,19.1444754,72.9503651
1644082897,19.1503399,72.9441306
1644082906,19.1520071,72.9459038
1644085160,19.1468551,72.9471972
1644085190,19.1474577,72.9476742
1644085208,19.1503803,72.9491356
1644086510,19.0850839,72.9053901
1644086514,19.0865712,72.9089903
1644086520,19.0873923,72.9080539
1644089890,19.1054176,72.9306703
1644089893,19.1052764,72.9310481
1644089902,19.1091534,72.9322591
1644089912,19.1141724,72.9357905
1644089928,19.1206509,72.9388349
1645876418,19.0121711,72.8360819
1645876420,19.0120581,72.8362182
1645876426,19.0160266,72.8399825
1645876427,19.017158,72.8410193
1645876429,19.01721,72.8409831
1645876432,19.0172673,72.8410757
1645876435,19.0179181,72.8418398
1645876454,19.0194154,72.842639
1645876460,19.0204086,72.8433751
1645886293,19.0209956,72.8426816
1645886337,19.0212303,72.8428459
1645886338,19.0212516,72.8419635
1645886344,19.0216853,72.8426372
1645886348,19.0217,72.8423074
1645931715,19.1177151,72.9045836
1645931721,19.1196606,72.9051745
1645992814,19.2700516,72.9650637
1646070500,19.0682725,72.9998694
1646070517,19.0686048,72.9999006
1646070631,19.0691164,72.9927673
1646685591,19.1592291,72.8397395
1646685599,19.2032319,72.8341983
1646685601,19.203747,72.8281205
1646690888,19.2443667,72.863617
1646690901,19.2479063,72.8569343
1646690902,19.2481345,72.8574026
1646690963,19.2540442,72.8661705
1646690973,19.2545148,72.8696956
1646690976,19.2549173,72.8485662
1646703206,19.233996,72.869541
1646703693,19.2474107,72.8706322
1646746610,19.1353847,72.8476969
1646746621,19.1377993,72.8372844
1646746657,19.1441981,72.8407937
1646827550,19.1232666,72.844115
1646827559,19.1277871,72.8448455
1646854024,19.2012752,72.8214585
1646854031,19.2067977,72.8211522
1647015495,19.1689423,72.9655457
1647015589,19.1704323,72.961702
1647015728,19.1727915,72.9673047
1647015812,19.1742227,72.9617608
1647016078,19.1788685,72.9391561
1647016238,19.1833794,72.9489477
1647016346,19.1868155,72.9461211
1647016599,19.1910336,72.9769776
1647016706,19.1936392,72.962436
1647016714,19.195014,72.983064
1647017113,19.200484,72.9538201
1647048944,19.1911592,72.9804567
1647048997,19.1949311,72.9470391
1647049255,19.1970549,72.9799298
1647163158,19.0936523,72.8995295
1647285790,19.0747772,72.8796938
1647344919,19.053647,72.8461858
1647344926,19.0536493,72.8466136
1647344937,19.0539757,72.8463628
1647344940,19.0541117,72.8464251
1647344945,19.0542846,72.8461254
1647556137,19.2548261,72.8560884
1647747115,19.0472579,72.8522429
1647747116,19.0473388,72.8515744
1647747137,19.0482465,72.8563559
1647747259,19.0526547,72.8473869
1647747270,19.0529046,72.8473385
1647747278,19.0530645,72.8475864
1648168311,19.2142263,72.8680654
1648168316,19.2159524,72.8673101
1648234765,19.1808261,72.9666487
1648244726,19.1082461,72.9012446
1650164518,19.1188901,72.886865
1650291685,19.1972463,72.8786631
1650345897,19.0034323,72.8241343
1650382577,19.0127373,72.8167237
1650385405,19.0162865,72.8287902
1650385414,19.0186191,72.833357
1650385417,19.0187181,72.8331327
1650399569,19.1598566,72.9985702
1650406080,19.1944559,72.9946709
1650694511,19.0270115,72.8559858
1650694545,19.0274221,72.8555566
1650707622,19.0000451,72.8554847
1650716617,19.0260278,72.8660899
1650738244,19.0282093,72.8568992
1650753935,19.0212692,72.8520453
1650753960,19.0215158,72.8517709
1650753970,19.0220005,72.8511283
1650770679,19.0226988,72.8500344
1650770681,19.0229302,72.8500245
1651338387,19.0292053,72.9248844
1651338402,19.0331356,72.9289894
1651338410,19.0333417,72.9240999
1651338413,19.0352497,72.9304917
1651338416,19.0354597,72.9307335
1651338485,19.0366222,72.9248325
1651338487,19.0366688,72.9245554
1651338537,19.0379833,72.9246665
1651338640,19.0400519,72.9137479
1651338652,19.0420067,72.9251681
1651338660,19.0420201,72.9249001
1651338708,19.0430213,72.9249454
1651387817,19.0540824,72.8892738
1651404914,19.0461695,72.8998664
1651404922,19.0602643,72.8994933
1651414478,19.0619132,72.8978241
1651414481,19.0621954,72.8982197
1651421959,19.0605879,72.8970626
1651447381,18.9288448,72.8230443
1651522076,19.3032697,72.865166
1651522081,19.3053046,72.8609415
1651530803,19.269717,72.8722603
1651530815,19.2705524,72.8760845
1651530819,19.2707872,72.8734627
1651530826,19.2713642,72.8674328
1651530846,19.2739269,72.8696241
1651530849,19.2741426,72.8696269
1651530855,19.2749995,72.8769427
1651530899,19.2780701,72.8708671
1651530910,19.2821441,72.878039
1651530930,19.2842724,72.8804521
1651530938,19.2857446,72.8692851
1651530940,19.2856851,72.8693861
1651530966,19.2876625,72.8788301
1651530989,19.292785,72.8613034
1651530992,19.2927843,72.8721692
1651530994,19.2943463,72.8681321
1651530996,19.2953658,72.8635954
1651530997,19.2960457,72.8751485
1651530998,19.2967548,72.8649097
1651530999,19.299154,72.8780605
1651531001,19.2992234,72.8617525
1651531023,19.3036793,72.8656272
1651537105,19.2951666,72.8547094
1651537107,19.2954361,72.8575253
1651537108,19.295535,72.8576921
1651554245,19.2729478,72.8855136
1651800483,19.125621,72.8625519
1651800567,19.1312737,72.8628694
1651800604,19.1318839,72.8552771
1651800945,19.1354688,72.8574769
1651801084,19.1387609,72.8631168
1651936218,19.1192905,72.8554132
1654348796,19.0517977,72.8248625
1654348806,19.0518394,72.8246708
1654348854,19.0549338,72.8848162
1654348856,19.05508,72.8363362
1654348910,19.0607299,72.8844858
1654363420,19.0636649,72.8346774
1654383155,19.0553338,72.9106739
1654406810,18.9807632,72.8264871
1654406812,18.981122,72.8271734
1665624924,19.0646506,72.9110644
1665625025,19.0687246,72.9042299
1665625040,19.068818,72.904366
1665625106,19.070418,72.9080512
1665625108,19.0702686,72.9076426
1665625137,19.0706255,72.9072376
1665625168,19.0709565,72.9079441
1665625199,19.0712744,72.9084175
1665625258,19.0716479,72.9081463
1665625285,19.0720396,72.9078396
1665625322,19.0722957,72.9091216
1665625327,19.0727734,72.9102429
1665625665,19.1625274,72.9595169
1665625694,19.1630295,72.9615522
1665625808,19.1873452,72.9807646
1704905464,18.9315611,72.8355003
1714209578,19.1627187,72.9415489
1714209584,19.1650492,72.9433893
1728805935,19.1767909,72.9677982
1728805936,19.176419,72.9682695
1855281030,19.2233148,72.9735828
1855295799,19.2208462,72.9541112
1855295828,19.2188781,72.9525933
1855295830,19.216006,72.9560202
1855304294,19.2041239,72.9543436
1855304296,19.2081987,72.9548381
1855304304,19.2092593,72.9625736
1855304305,19.2050432,72.9500758
1855308653,19.2012422,72.9598331
1861339112,19.1638427,72.9633685
1861339114,19.1684866,72.9663024
1861339118,19.1640211,72.9630712
1861440281,19.1853444,72.955773
1861440284,19.1855847,72.9556697
1861440287,19.185487,72.9556265
1879817381,19.119529,72.9027504
1879817382,19.1195839,72.9051992
1879817385,19.1197885,72.9051353
1879817401,19.1202488,72.9000907
1879817408,19.1206329,72.9072593
1879817433,19.1216815,72.8989594
1879817474,19.1240356,72.8971457
1879817478,19.1237613,72.9100618
1879817489,19.1238509,72.9100578
1879817490,19.1238486,72.9126126
1879817493,19.1241153,72.8972795
1879817504,19.1243042,72.938243
1879817555,19.1250387,72.9326775
1879817632,19.1259388,72.9175329
1879817634,19.1259515,72.890874
1879817642,19.1261584,72.8907118
1879817644,19.1261586,72.9216206
1879817651,19.1265136,72.9215149
1879817653,19.1265459,72.92164
1879817672,19.1281559,72.9193037
1879817802,19.1294223,72.8804724
1879817815,19.1295316,72.880503
1879817825,19.1299616,72.8779183
1879817892,19.1342688,72.8744227
1879817893,19.134362,72.8745163
1879817894,19.1344031,72.8743695
1879817912,19.1390445,72.8710838
1879817913,19.1390886,72.8709923
1879818059,19.1405084,72.8550112
1880477225,19.1250981,72.9274088
1880477227,19.1251763,72.9274098
1906828922,19.106093,72.8537221
1906828925,19.1060906,72.8535834
1906829003,19.1202147,72.8558619
1906829046,19.1266795,72.8555428
1913053572,19.0923313,72.8465894
1913053586,19.0968629,72.8515775
1913053599,19.0983534,72.8459066
1913053602,19.0986437,72.8442945
1913053619,19.099677,72.8460998
1913053624,19.0998772,72.8444674
1913053666,19.1030656,72.8466647
1913053670,19.1058225,72.8462649
1913053676,19.1060703,72.8534682
1916634196,19.1265191,72.8194115
1916634220,19.1296362,72.8151527
1916634248,19.1361051,72.8172703
1919644786,19.1404354,72.8148045
1919753058,19.148982,72.836211
1920242277,19.1097787,72.8520836
1920242403,19.1160946,72.8372474
1920266039,19.1422627,72.8457211
1920266069,19.1458835,72.8481942
1920266074,19.1464522,72.848133
1920266094,19.1495301,72.8470257
1934768150,19.116155,72.8298429
1934768159,19.1172019,72.8298971
1934768165,19.1175658,72.8295061
1934768186,19.1238983,72.8237939
1934768200,19.1264375,72.8219528
1934779427,19.1171135,72.8297972
1936294786,19.1231019,72.8444517
1936355361,19.0594769,72.8369121
1936355368,19.0615756,72.8372496
1936355375,19.0639333,72.8372748
1936355384,19.067814,72.8373712
1936355393,19.0699253,72.8374589
1936355394,19.0713418,72.8374717
1936355426,19.078309,72.8378545
1936355441,19.0811284,72.8379536
1936355446,19.0826043,72.838037
1936355451,19.0840774,72.8380506
1936355487,19.0897276,72.8383336
1936355548,19.1014046,72.8394843
1936355567,19.1060055,72.8398534
1936355577,19.108081,72.8404217
1936355582,19.1137861,72.8420698
1936355587,19.1163504,72.8439791
1936355603,19.119921,72.8455894
1936499559,19.1243281,72.846817
1936499564,19.1275754,72.8472064
1936499595,19.1362112,72.8475178
1936499649,19.1419436,72.8431833
1936499662,19.1439118,72.8428261
1936499674,19.1458972,72.842975
1936499709,19.1494382,72.8432437
1936499715,19.1522946,72.8446337
1936499721,19.1589612,72.8460006
1936499722,19.1593503,72.8460083
1936499726,19.1617629,72.8461229
1936499738,19.1636031,72.8459644
1936499746,19.1647855,72.8458119
1936499748,19.1662495,72.8457177
1936499780,19.1733207,72.8452068
1936499782,19.1733242,72.8451092
1936499784,19.1735266,72.8451947
1936580349,19.128259,72.8471955
1936627863,19.1131295,72.8547841
1936627865,19.1132132,72.854456
1936627871,19.1150759,72.8504249
1936627903,19.1159233,72.845142
1936627909,19.115953,72.8436046
1936627911,19.1159399,72.8372632
1936627937,19.116195,72.8434964
1936627942,19.1161802,72.8402587
1936627943,19.1161857,72.8430713
1936627968,19.1162468,72.8438951
1936627976,19.1162512,72.8437711
1936627981,19.1164054,72.8436404
1960732185,19.1031953,72.915823
1960732187,19.1044437,72.9167981
1960732198,19.1160351,72.9059416
1960732236,19.123352,72.9383842
1960732239,19.1247551,72.9389641
1960732248,19.1272765,72.9399053
1960732258,19.1510778,72.9545985
1960732259,19.1511454,72.9544833
1960732300,19.1634574,72.9629541
1960732302,19.1635253,72.9628573
1960732315,19.1684083,72.9664128
1960732352,19.1746948,72.9684868
1960732364,19.175696,72.968441
1960732421,19.1812449,72.967668
1960732423,19.1812596,72.9677487
1960732441,19.1813499,72.9676479
1960732484,19.1813579,72.9676578
1960732501,19.1819542,72.9676614
1960732542,19.1821642,72.9679556
1960732544,19.182233,72.9679514
1960732549,19.1822733,72.9660963
1960732625,19.1847323,72.9649522
1960732626,19.1847274,72.9647987
1960732675,19.1854362,72.9559161
1960732684,19.185619,72.9558245
1960732686,19.1856267,72.955773
1960732748,19.1881282,72.9633327
1960732957,19.1913069,72.9679241
1960732962,19.1913117,72.9678717
1960732965,19.1913305,72.9678419
1960732994,19.1913921,72.9679981
1960733002,19.1914532,72.967842
1960733013,19.1915971,72.9629993
1960733045,19.1919998,72.9690345
1960733099,19.1929381,72.9701192
1960733120,19.1937595,72.9535984
1960733168,19.194491,72.949339
1960733213,19.1947012,72.9768357
1960733214,19.1947072,72.9770723
1960733223,19.1948385,72.9768852
1960733282,19.1950522,72.9740027
1960733288,19.1950787,72.9740583
1960733293,19.1951314,72.9739265
1960733296,19.195134,72.9740757
1960733327,19.19517,72.9739464
1960733382,19.1959304,72.9623578
1960733394,19.1959752,72.9711939
1960733396,19.1960124,72.9710694
1960733404,19.1966644,72.9623736
1960733406,19.1968281,72.9715634
1960733414,19.1971067,72.9804256
1960733463,19.1974009,72.9802011
1960733534,19.1988554,72.9817116
1960733537,19.1988716,72.9798187
1960733568,19.1989784,72.9798194
1960733664,19.2000478,72.9769559
1960733730,19.201278,72.9738458
1960733734,19.2013388,72.9739385
1960733766,19.2018227,72.9753518
1960733842,19.202826,72.9724274
1960733875,19.2035393,72.9772099
1960734099,19.2050877,72.9776359
1960734182,19.2073203,72.971868
1960734183,19.2074204,72.9717505
1960734187,19.2074589,72.9647764
1960734213,19.2083035,72.977084
1960734286,19.2093538,72.97395
1960734406,19.2111519,72.9821932
1960734408,19.2112748,72.9822148
1960734422,19.2117976,72.9761265
1960734426,19.2115536,72.9771973
1960734449,19.211658,72.9762674
1960734455,19.2117155,72.977202
1960734457,19.2117363,72.9773161
1960734521,19.2126641,72.9769758
1960734545,19.2137405,72.977374
1960734575,19.214121,72.977458
1960734582,19.214348,72.9587023
1960734583,19.2144751,72.9814939
1960734610,19.2149406,72.9581882
1960734638,19.2149562,72.97799
1960734699,19.2161062,72.9560633
1960734773,19.216871,72.978372
1960734783,19.217008,72.9717525
1960734794,19.2171218,72.9717716
1960734807,19.2175693,72.9788567
1960734822,19.2182133,72.983146
1960734864,19.2189084,72.952666
1960734881,19.219331,72.9662506
1960734956,19.2207743,72.954184
1960734972,19.220946,72.9606116
1960734983,19.2211837,72.9891355
1960735081,19.2224183,72.9663243
1960735101,19.2225429,72.9719087
1960735216,19.2281323,72.9734311
1960735262,19.230931,72.9767122
1960735299,19.2322201,72.9700205
1960735422,19.2360226,72.976186
1960735424,19.2361009,72.9761765
1960735428,19.2361592,72.9754879
1960735433,19.2362887,72.9757097
1960735438,19.2365344,72.9697876
1960735440,19.236496,72.9758494
1960735457,19.2365504,72.9698066
1960735465,19.2366403,72.9698091
1960735473,19.2366462,72.9693932
1960735487,19.2404439,72.9757173
1960735517,19.2418035,72.975892
1960735545,19.2467323,72.9759129
1960735564,19.2483978,72.9749003
1960735567,19.2512613,72.9730985
1960735568,19.2531471,72.972401
1960735576,19.2571619,72.9706946
1960735584,19.2641128,72.967962
1960735610,19.2701391,72.9652102
1960735677,19.2757233,72.9163606
1960735678,19.2757737,72.9162799
1960735932,19.283226,72.9525666
1960735935,19.2835411,72.9057452
1960735999,19.2851361,72.9363581
1960736024,19.2851925,72.9042981
1960736051,19.2853384,72.9044259
1966835463,18.9951465,72.8314561
1966835473,18.9943602,72.8448336
1966835479,18.983987,72.8351856
1966835489,18.9816857,72.8345605
1966835497,18.9805536,72.8342196
1966835498,18.9884697,72.8357453
2051567050,19.0147684,72.8175767
2051567054,19.0150661,72.817201
2069691762,19.1387892,72.8097948
2130331504,19.1404007,72.8111595
2146269444,19.0716126,72.9072031
2146827202,19.1446589,72.8020197
2146838100,19.1443682,72.8015529
2155937885,19.0349802,72.8600211
2155937886,19.0352176,72.8598014
2163503474,18.9385595,72.8359307
2163503475,18.9385833,72.8360366
2163503477,18.9386309,72.8363245
2163503480,18.938714,72.8347281
2163538986,18.9264618,72.8337276
2163539003,18.9301808,72.8352041
2163539007,18.9344735,72.8369958
2163539009,18.9352502,72.8370405
2163539013,18.935738,72.8373584
2163539014,18.9358116,72.8370712
2163539019,18.9382331,72.8378661
2163539020,18.9383071,72.8378831
2163539022,18.9385201,72.8368578
2163539024,18.9384981,72.8369561
2163539025,18.9392018,72.8381123
2163544983,18.9353731,72.8372162
2163559556,18.9352768,72.8307315
2163559569,18.9363866,72.8305339
2163592436,19.017533,72.8481109
2163592452,19.0179453,72.8481782
2163592463,19.0184448,72.8469099
2163935132,19.0709141,72.9014549
2166873264,18.9392456,72.8347999
2168580990,18.9260449,72.8297836
2168581025,18.9263055,72.8292197
2168581047,18.9265476,72.828042
2168581052,18.926648,72.8270885
2175129198,18.9264374,72.8286377
2175130238,18.9284804,72.8298953
2175130255,18.9285534,72.8313406
2175130316,18.9287208,72.8296817
2175568308,18.9322086,72.8339261
2176144722,18.9487339,72.840433
2176144726,18.9488364,72.8399242
2176144735,18.9488992,72.8399341
2176144736,18.9489006,72.8369682
2176144744,18.9490726,72.8405169
2176144748,18.948779,72.840551
2176144788,18.9528383,72.8415701
2176144797,18.9528589,72.8414569
2176144830,18.9573144,72.8425565
2176144837,18.9577605,72.8426796
2176144839,18.9601044,72.8433694
2176144842,18.9633026,72.8440074
2176215889,18.94856,72.83511
2176215896,18.9485363,72.8403847
2176215934,18.9487993,72.840449
2176684445,18.9244174,72.8247071
2176684582,18.9249062,72.8223857
2176684763,18.9259695,72.8230305
2176684837,18.9263589,72.8205981
2176701305,18.927643,72.8217115
2176701319,18.9285982,72.8212423
2176701333,18.9291491,72.8216265
2176726928,18.915798,72.8245771
2176742012,18.9218773,72.8312283
2178056750,18.9219085,72.8311531
2178289364,19.1481171,72.9951297
2178289418,19.1490704,72.9897724
2178289463,19.1545794,72.9570831
2178289464,19.154654,72.9567524
2178293601,18.9614887,72.8132743
2178293608,18.9618453,72.8130547
2178293618,18.9620445,72.813465
2178293626,18.9620152,72.8135662
2192596437,19.1241521,72.9381781
2192596454,19.1250717,72.9287613
2192596458,19.1251677,72.9293999
2216091725,19.1950938,72.8014295
2216534449,18.9980977,72.8291547
2216534453,18.9981219,72.8310982
2216534555,19.0010753,72.8311259
2216800747,18.9758816,72.8442602
2216800803,18.9907657,72.851199
2221887687,19.2197874,72.8339994
2222708534,19.2033498,72.8377515
2222708554,19.2035855,72.8308651
2222708871,19.2063205,72.838134
2222709056,19.2101979,72.8303452
2222709254,19.2129998,72.8594598
2224023731,19.1988038,72.820691
2227587399,19.2218359,72.9904309
2227587469,19.2221864,72.9902395
2227588045,19.2275172,72.9809261
2227588329,19.231388,72.9801519
2228291339,19.1913046,72.9879074
2228291492,19.1939533,72.98919
2228292627,19.209528,72.9622581
2230881385,19.1988656,72.9653679
2230881419,19.2003455,72.9729037
2230881545,19.2078979,72.9644617
2230881603,19.2114563,72.9675118
2230881915,19.2167448,72.9690011
2231178020,19.147144,72.7994992
2231178213,19.1614298,72.8058018
2231178576,19.1693926,72.7949676
2233650285,19.1604202,72.8396122
2233651344,19.1792363,72.8621401
2233651626,19.1803851,72.8641391
2233651771,19.1813959,72.8640962
2233652193,19.1843458,72.8500922
2233870975,19.1374775,72.8919073
2233871883,19.1724203,72.8820982
2233871937,19.1737349,72.8812607
2233871965,19.1750601,72.8812332
2236679363,19.1301456,72.8801162
2236679734,19.1354361,72.8823258
2237026865,19.1859329,72.9583201
2237116133,19.1578479,72.9590365
2238597919,19.0522774,72.9005747
2238597924,19.0525232,72.9007882
2241633911,19.1735887,72.9577037
2241842966,18.9303732,72.8262006
2242267356,19.1834622,72.9711273
2242576961,19.2929036,72.8668884
2242577182,19.2984351,72.8522515
2242577574,19.3024029,72.8671906
2242610558,19.1236945,72.8563376
2244632754,18.9464479,72.8290206
2244632763,18.9489792,72.8409419
2244632787,18.9515075,72.8415778
2244632789,18.951571,72.8412525
2244632808,18.9526541,72.8418434
2244632810,18.9527179,72.8415399
2244632843,18.9566112,72.8428174
2244632844,18.9566902,72.8425353
2244790383,19.2614293,72.8730737
2244790774,19.2700565,72.8690153
2244791091,19.277175,72.8731973
2244791352,19.281976,72.8613308
2244792180,19.2946005,72.8458946
2244792452,19.2970426,72.8523678
2244793235,19.304316,72.8590513
2244797443,19.067662,72.8469424
2244894190,19.2789784,72.9226028
2244894228,19.2792551,72.8911306
2244961394,19.0848249,72.9038455
2244961457,19.087701,72.904305
2244961593,19.0904773,72.9040347
2244962111,19.1002493,72.8785792
2244962171,19.101889,72.9116189
2244962270,19.1051816,72.9128824
2244962347,19.1076031,72.8806538
2244962391,19.1102824,72.8813514
2245075637,19.1028665,72.9162673
2245093304,19.2586302,72.9727385
2245095080,19.2744294,72.9599765
2246157800,18.948613,72.835474
2246471647,19.0599369,72.8850696
2246471784,19.0632943,72.914547
2246471991,19.0654272,72.8997275
2246472307,19.0726312,72.8844484
2246472316,19.0728851,72.9101422
2246472380,19.0744,72.9060935
2246472414,19.0758222,72.88817
2246472463,19.0763585,72.8888695
2246472695,19.0801679,72.9175014
2246473687,19.1215916,72.9376567
2246661809,19.1068735,72.8923551
2246662462,19.114345,72.8984931
2246850880,19.0666125,72.9927802
2246850897,19.0683657,72.9856056
2246850997,19.0704893,72.9904638
2246851004,19.0706478,72.9878259
2246851069,19.0719992,72.9967145
2246851094,19.0723722,72.9920933
2246851210,19.0748114,72.9923124
2247988700,19.037294,72.8739862
2247988788,19.039515,72.8739582
2247989176,19.0524643,72.8348014
2248464985,19.3145125,72.8996596
2248465012,19.3174101,72.8993806
2248482698,19.28494,72.9011016
2248781882,19.0610407,72.8468683
2248782010,19.2781602,72.8899498
2248800164,19.0389601,72.912106
2248800178,19.0393675,72.9126102
2248800994,19.0451624,72.8932939
2248801048,19.0455219,72.8936897
2248801573,19.0492468,72.9267225
2248802401,19.0554248,72.888318
2248802695,19.0607778,72.913879
2249163368,19.2608162,72.8729945
2249163422,19.2626321,72.8734891
2249163520,19.264813,72.8749679
2249163570,19.266815,72.8766993
2249163578,19.2669394,72.8766935
2249163670,19.2719484,72.8826804
2249163684,19.2723247,72.8825719
2249163695,19.2724409,72.8827463
2249163790,19.2737267,72.8852458
2249163812,19.274025,72.8850847
2249163902,19.2758783,72.8884527
2249163917,19.2760318,72.8882684
2249163925,19.2759202,72.8883557
2249163937,19.2761968,72.8884844
2249163963,19.2770028,72.8895997
2249163976,19.2779134,72.8903501
2249163998,19.2795346,72.8911045
2249201919,19.2357345,72.8631966
2249201922,19.2362698,72.8632275
2249201933,19.2420395,72.8641126
2249201946,19.2447864,72.8644079
2249201958,19.2468752,72.8647914
2249201967,19.2490305,72.8656335
2249201995,19.2519955,72.8679672
2249202000,19.2524084,72.8679965
2249202008,19.2544977,72.8694211
2249202017,19.2548312,72.8695434
2249202021,19.2567841,72.8709855
2249268387,19.1996374,72.8610582
2249268388,19.1999462,72.8609796
2249268394,19.2010842,72.8615948
2249268398,19.2011483,72.8616178
2249268415,19.2031131,72.8627796
2249268416,19.2032238,72.8632628
2249268453,19.2095009,72.8682598
2249268465,19.2120941,72.8683689
2249268491,19.2142242,72.8676308
2249268494,19.2140813,72.8677349
2249268505,19.2159433,72.8672047
2249268513,19.2186459,72.8662607
2249268595,19.2275706,72.8632885
2249268637,19.2353166,72.8634262
2249268668,19.2370538,72.8631339
2249268702,19.243808,72.8645908
2249268703,19.2441377,72.8643039
2249269726,19.2030403,72.8624804
2249302241,19.1936134,72.8596538
2249302243,19.1936697,72.8595311
2249326297,19.1702432,72.8590484
2249326319,19.1769367,72.8587571
2249326337,19.1786378,72.8582473
2249326345,19.1802934,72.8582074
2249326347,19.1802682,72.8586475
2249326353,19.1813472,72.8585191
2249330788,19.1909349,72.8585674
2250251314,19.1742227,72.9555763
2250655498,19.1978046,72.971764
2250655557,19.2125175,72.9772426
2250655573,19.2309856,72.977662
2250676354,19.2544854,72.8695491
2250757251,19.2412952,72.8564658
2250795688,19.0498042,72.8334385
2250795693,19.0502074,72.8369669
2250795705,19.0501187,72.8382229
2250795710,19.0501673,72.8383449
2250795734,19.0508816,72.8380144
2250795768,19.0535275,72.8483048
2250795781,19.0538556,72.8469752
2250795799,19.0545432,72.8465643
2250795804,19.0546711,72.8467109
2250795814,19.055198,72.8466583
2250825435,19.084074,72.846043
2250825438,19.0828471,72.8462338
2250825448,19.0843605,72.8460632
2250825449,19.0843875,72.8461593
2250825507,19.0929193,72.8504334
2250825525,19.0934922,72.8509279
2250992725,19.0802936,72.847207
2250992727,19.0993089,72.854142
2250992735,19.1032485,72.8544194
2250992746,19.1127799,72.8547036
2250992749,19.112981,72.8551791
2250992750,19.1135329,72.8539789
2250992754,19.1137971,72.8545572
2250992758,19.1195742,72.855853
2250992764,19.1206687,72.8561188
2250992777,19.1349954,72.85517
2250992787,19.1397105,72.8550704
2250992800,19.1558774,72.8571804
2250992804,19.1597298,72.8577321
2250992819,19.1767587,72.8589389
2250992834,19.1813326,72.8583547
2250992838,19.1842114,72.8583591
2250992839,19.1852866,72.8583718
2250992843,19.1884596,72.8581192
2251057053,19.1894937,72.8583325
2251057064,19.1918451,72.8584051
2251057070,19.1936257,72.8594248
2251057079,19.2032963,72.8633336
2251057081,19.2034748,72.8631181
2251057083,19.2036813,72.8635135
2251057084,19.2038319,72.8633136
2251057088,19.2249228,72.8642306
2251057093,19.252292,72.868078
2251057097,19.255973,72.8695053
2258304282,18.9481964,72.8354447
2258304283,18.9483987,72.8351665
2258304284,18.9485942,72.8352843
2258304310,18.9647279,72.832258
2258304311,18.9647465,72.8321554
2258304318,18.9680319,72.8326883
2258304319,18.9680346,72.8327928
2258304323,18.9688908,72.8326249
2258304326,18.970739,72.8325434
2258304338,18.9727599,72.833236
2258304349,18.9770513,72.8335652
2258304351,18.97849,72.8337717
2258304407,18.9953358,72.8365339
2258304411,18.9995442,72.8377203
2258304412,18.9995564,72.8376594
2258304421,19.0039276,72.8389189
2258304422,19.0039291,72.838802
2258304448,19.0094917,72.841807
2258304455,19.0109851,72.8429687
2258304456,19.01111,72.8429443
2258304479,19.0278045,72.856487
2258304482,19.0278438,72.8565232
2258304484,19.0284351,72.8568779
2258304486,19.0291644,72.8575173
2258304493,19.0308365,72.8581085
2258304495,19.0308705,72.8580312
2258304504,19.0321823,72.85879
2258304506,19.0322722,72.8585233
2258304514,19.0323694,72.8587602
2258304516,19.032401,72.8586764
2264152050,19.0759866,72.9141273
2264152051,19.0759852,72.9139234
2264152068,19.0814619,72.9186475
2264152069,19.0813802,72.9187461
2264152081,19.0846022,72.9211355
2264152102,19.1005856,72.9288398
2264152105,19.1050533,72.9308247
2264152106,19.1051132,72.9306736
2264152120,19.1119322,72.9335314
2294332756,19.0260491,72.8431997
2294332758,19.0261072,72.843301
2294332759,19.0261153,72.8431067
2294395058,18.9960262,72.8160425
2295481165,19.0195413,72.8402666
2298251380,19.1445355,72.9949865
2298251381,19.1446116,72.9950927
2298251384,19.1446163,72.9949888
2298251392,19.1450314,72.9880981
2298251394,19.1450909,72.9881387
2298251395,19.1451005,72.987988
2298251396,19.1451599,72.9880289
2298251470,19.1481138,72.9952429
2298251493,19.1490855,72.9896473
2298251537,19.1513719,72.995354
2298251539,19.1514486,72.9927831
2298251541,19.1514769,72.9929045
2298251549,19.1515168,72.9927851
2298251556,19.1514524,72.9893293
2298251616,19.155333,72.993215
2298251620,19.1555851,72.9947618
2298251647,19.1647255,72.9891985
2299204430,19.1829494,72.9946964
2299204467,19.191292,72.9877977
2299204470,19.1928327,72.98762
2299204481,19.1961564,72.9874358
2299204482,19.1962051,72.9872098
2299204488,19.1962651,72.9874235
2299204489,19.1963043,72.9872854
2299204492,19.1964385,72.9872273
2299255893,18.9939483,72.8144434
2299255929,19.0040469,72.8134453
2299255930,19.0040342,72.8130631
2299255933,19.0041762,72.8135258
2299255934,19.0043848,72.8132664
2299255935,19.0044294,72.8131948
2299255936,19.0044644,72.8133121
2299255937,19.0045049,72.8132403
2299255940,19.0049661,72.8136097
2299255950,19.012553,72.8167041
2299255967,19.0150758,72.8172465
2299255976,19.0152694,72.8170692
2299861335,19.166539,72.9988511
2299861338,19.1687298,72.9911023
2299861339,19.1687345,72.9912344
2380846331,19.0440132,72.8580251
2381984473,19.0482559,72.8536737
2399105035,19.2377444,72.8588733
2399106337,19.2377808,72.8587801
2399106360,19.2371793,72.8631522
2399367035,19.2392525,72.8595937
2399368782,19.2390413,72.8596216
2399394927,19.2377954,72.8550893
2399394966,19.2380758,72.852175
2399394978,19.2378775,72.8549058
2399394979,19.2380839,72.8513945
2399395001,19.2377452,72.8545914
2399395002,19.2377759,72.8549118
2399395004,19.2375638,72.8548859
2399395019,19.2376083,72.8549764
2399395046,19.2380314,72.8548873
2399395054,19.237896,72.8551266
2399395056,19.2378231,72.8545553
2399395062,19.2380031,72.854807
2399395064,19.2377697,72.854848
2399395066,19.2378648,72.8548325
2426264772,19.1215063,72.9377769
2439202899,19.0546609,72.9236883
2439202907,19.0547188,72.9240351
2439202936,19.0567121,72.912034
2439252012,19.0644504,72.8971696
2439252016,19.0646737,72.8970985
2439252028,19.0659836,72.8995643
2439273023,19.0684585,72.8923342
2439359832,19.0738162,72.8812507
2439602110,19.0467064,72.862778
2439602112,19.0467201,72.862885
2439615338,19.1032212,72.8337835
2439615340,19.1057353,72.8299469
2439615342,19.1065448,72.8299792
2440210928,19.1445433,72.9502441
2440235113,19.1835525,72.9534836
2440247158,19.2002678,72.9729946
2440630027,19.0744838,72.9977347
2440694454,19.2958226,72.857995
2441666125,19.0175589,72.8305232
2442374465,19.1048532,72.8265911
2442510061,18.9557968,72.8125155
2442510064,18.9562802,72.8138279
2442510065,18.9563153,72.813911
2442510069,18.9566598,72.8156676
2442510072,18.9568563,72.8155846
2442510074,18.9582202,72.8109482
2442519133,18.9616734,72.8132557
2442705633,19.0416429,72.8761409
2442705639,19.041746,72.8760938
2442809536,18.9649653,72.8388311
2442886081,19.0134315,72.8336808
2442886083,19.0142301,72.8305068
2442886089,19.0159783,72.8347261
2442886101,19.0185365,72.8357847
2442886106,19.0203926,72.8411019
2443096204,18.9739706,72.8447749
2443096207,18.9760767,72.8444376
2443139103,19.0525124,72.8476364
2443139105,19.0528658,72.8477079
2444311221,19.009239,72.8307448
2444311224,19.0093176,72.8329485
2444311228,19.0094833,72.8308381
2444311229,19.0095283,72.8307534
2444311230,19.011051,72.8320222
2444311234,19.0136249,72.833866
2446329348,19.0132572,72.8239996
2446353351,19.0176374,72.8304062
2453954667,18.9640958,72.8076768
2489283687,19.2339568,72.9764166
2489283688,19.2339627,72.9764845
2489283691,19.2360456,72.9759078
2489283692,19.2361247,72.9758961
2489283694,19.2390676,72.9758945
2489283696,19.2396399,72.9753549
2489283697,19.2404478,72.9758499
2489283700,19.2417407,72.9760623
2489336306,19.2334357,72.9764088
2489336312,19.2378038,72.9758943
2491194122,19.2204293,72.9777635
2491194123,19.2228461,72.9773465
2491202549,19.2439715,72.9758167
2491214681,19.2439749,72.9759178
2491214687,19.2466277,72.9759394
2493158941,19.2479116,72.9777033
2493158943,19.2479341,72.9776554
2493158947,19.248024,72.9776945
2493165202,19.2309395,72.9768495
2493592661,19.2398786,72.981325
2493682475,19.2571262,72.9706278
2493905821,19.1946347,72.9770078
2493905822,19.1946473,72.9768768
2523206675,19.1328558,72.8298981
2529081507,19.0684768,72.9973626
2529081508,19.0684856,72.9972535
2529081571,19.0743596,72.9978723
2529081572,19.0744521,72.9981603
2529081573,19.0744722,72.9978832
2529081579,19.0747714,72.9978921
2529081586,19.0767736,72.998077
2559494248,19.0510701,72.9369197
2562413149,19.2349637,72.8552364
2568065851,19.0428309,72.9296728
2568065861,19.0431167,72.9249584
2568065865,19.0430814,72.9252209
2568778981,19.0428349,72.9295608
2610804984,19.1160271,72.8305113
2610805004,19.1156036,72.8298558
2610805121,19.1160805,72.829444
2610805155,19.1156188,72.8299638
2622177265,19.0600242,72.8723376
2622177275,19.0707566,72.8753551
2622177289,19.0759339,72.8772747
2622177290,19.0761061,72.8774466
2622177292,19.0777927,72.8787234
2622177294,19.0799401,72.8803765
2622177309,19.0845663,72.8849418
2622177312,19.084701,72.8904208
2622177318,19.0850005,72.8860826
2622177324,19.0851006,72.8866785
2622177342,19.0875124,72.9025598
2622177346,19.0877976,72.9041795
2622177356,19.0892362,72.9078339
2622177385,19.1005707,72.9185348
2629418478,19.0595424,72.8368342
2629418495,19.0636842,72.8351267
2629418497,19.0644662,72.8347031
2629418501,19.06786,72.83358
2629418520,19.070312,72.8339359
2629418526,19.0717033,72.8340986
2629418529,19.0753595,72.8342539
2629418531,19.0785451,72.8344187
2629418536,19.0845095,72.8346183
2629436073,19.1439674,72.8427308
2629436075,19.1442828,72.8407975
2629436082,19.1463419,72.8366887
2629682548,19.2124638,72.8446871
2629682549,19.2141728,72.8448425
2629741737,19.0518193,72.878559
2629741740,19.0524868,72.8999145
2629741747,19.053514,72.8970229
2629741752,19.0541314,72.8947246
2629741753,19.054155,72.8903677
2629945972,19.1238447,72.8541193
2647295173,19.0275789,72.8850957
2647295191,19.029082,72.8880041
2647317724,19.1005791,72.8547396
2702435812,19.2098135,72.9917357
2702435814,19.2096085,72.9943874
2715411943,18.9756934,72.8450315
2715411959,18.9983617,72.8548128
2715412064,19.0253019,72.8806074
2715412065,19.0251842,72.8801704
2715412066,19.0274646,72.8851516
2715412074,19.0306128,72.8902629
2715412076,19.0308257,72.8909371
2744937782,19.204761,72.8376942
2800312558,19.1829992,72.8561141
2804431000,19.0688255,72.8929308
2804433701,19.0687055,72.8934011
2804433703,19.0685703,72.8933031
2804441140,19.0674194,72.8886221
2804441143,19.067178,72.8884493
2804441145,19.0675273,72.888952
2804441150,19.0673455,72.8886976
2804441153,19.0676154,72.8888783
2804443043,19.0676981,72.8891834
2804444332,19.0671832,72.8883997
2804449479,19.067791,72.8887245
2804449481,19.067624,72.888447
2804449483,19.0671885,72.8889123
2804449487,19.0672519,72.8892373
2804449494,19.0677592,72.889156
2804450686,19.0699612,72.8866101
2804450687,19.0700283,72.8866994
2804481645,19.074335,72.8710305
2804491972,19.0653159,72.8932941
2804491973,19.06548,72.8933438
2804500706,19.0647795,72.8952923
2804500716,19.0649436,72.895342
2804548109,19.0760847,72.8743926
2804574485,19.0711934,72.8857925
2804574486,19.0710167,72.885532
2804584123,19.0742913,72.8801552
2841960950,19.0519765,72.824517
2892843890,19.0734729,72.8821416
2892843893,19.0746535,72.8796214
2897022050,19.0586595,72.8613506
2897022062,19.0589878,72.8641349
2897022073,19.0592858,72.8601337
2897022074,19.0593282,72.8602685
2897022076,19.0593746,72.8601984
2897022096,19.0599579,72.8681119
2897022098,19.0600092,72.8589106
2897024506,19.0601619,72.8589345
2897024513,19.0603051,72.8670497
2897024515,19.060357,72.8669497
2897024517,19.0604201,72.8669861
2897024519,19.060448,72.8581675
2897024523,19.06051,72.8587076
2897024540,19.060689,72.8589985
2897024595,19.062061,72.8606761
2897024597,19.0620899,72.8605959
2897024601,19.0621323,72.8595009
2897024609,19.0623085,72.8599894
2897024611,19.0623955,72.8599657
2897024614,19.0625151,72.8594183
2897024615,19.0625283,72.8595962
2897024623,19.0627423,72.8650923
2897024625,19.0627744,72.8649853
2897024627,19.0628348,72.8651286
2897024628,19.0629396,72.8597078
2897024642,19.0640995,72.8633965
2897024644,19.0649493,72.8624265
2897024648,19.065036,72.8619752
2897024651,19.0652128,72.8622599
2897024656,19.0652947,72.8620802
2897024658,19.0653357,72.8621463
2897024667,19.0656789,72.86755
2897024676,19.0657648,72.8675642
2897024695,19.0660495,72.8595089
2897024696,19.0661686,72.8664872
2897024710,19.0663543,72.8571782
2897024737,19.0671204,72.8653326
2897024740,19.0671532,72.8702796
2897024742,19.0672299,72.8651975
2897024748,19.0673731,72.8541274
2897024749,19.0675053,72.8695203
2897024751,19.0674304,72.8541734
2897024753,19.0675481,72.8695814
2897024772,19.0678886,72.8701127
2897024776,19.0683232,72.8717946
2897024777,19.0683469,72.8690198
2897024783,19.068516,72.8710938
2897024785,19.0685648,72.871356
2897024795,19.0690471,72.8684361
2897024798,19.0691817,72.8683414
2897024813,19.070729,72.872317
2897024816,19.0709401,72.871974
2897024818,19.070981,72.8721745
2897024822,19.071135,72.872119
2897024850,19.0724825,72.871507
2897024861,19.0743008,72.8709551
2897024862,19.0744629,72.8605998
2897024865,19.0744731,72.8604745
2897024866,19.0745539,72.8600807
2897024870,19.0746669,72.8604977
2899067851,19.0744913,72.8469886
2899067852,19.0746867,72.8469878
2913868728,19.0752163,72.9883453
2913869240,19.0749062,72.9923209
2913877841,19.0751317,72.9883506
2913877843,19.0750838,72.9882819
2913877844,19.07511,72.9882012
2920010928,18.9552913,72.8186006
2929595426,19.0177751,72.8732331
2929595428,19.0178967,72.8731878
2929595433,19.018159,72.8673947
2929595468,19.0329455,72.8742664
2929595473,19.0332194,72.878967
2929595495,19.0350137,72.8793106
2929595508,19.0357749,72.8800446
2929595509,19.0358414,72.87962
2929595510,19.035906,72.8800784
2929595511,19.0359333,72.879929
2929595533,19.036636,72.8743896
2929595539,19.0367418,72.8692567
2929595542,19.0367748,72.8739916
2929595543,19.0367746,72.8741103
2929595613,19.0427804,72.8792721
2929595648,19.0514978,72.8776319
2952579402,19.1825796,72.9944229
2952579406,19.1829946,72.9944934
2952579407,19.1830703,72.9945891
2958525029,19.195633,72.8351494
2966349058,19.0582932,72.9131081
2966349059,19.0582315,72.9131783
2966349066,19.0591536,72.9137333
2966389529,19.0407979,72.9085492
2966389530,19.0408059,72.9087412
2966389856,19.0546737,72.911468
2966389863,19.0566792,72.9120849
2966422707,19.051631,72.936433
2969409500,19.1349338,72.8553277
2973125832,19.2336779,72.8551587
3008529668,19.1060176,72.8397914
3105782022,19.2102486,72.8744479
3110861693,19.2415533,72.8444101
3110861696,19.2401084,72.8461678
3203218272,19.1386335,72.8629011
3212163820,19.059898,72.9140196
3213739255,18.9531357,72.8349804
3215559553,19.0634543,72.9188789
3217430317,19.1012402,72.8761645
3217430319,19.1018437,72.8725274
3217430342,19.1030586,72.8767638
3217430345,19.10306,72.8744854
3217430355,19.1031276,72.8746847
3217430426,19.1008856,72.8765191
3217430464,19.1031928,72.875038
3217430477,19.1035177,72.8745895
3217430479,19.1036922,72.8744727
3217437361,19.1250149,72.9253122
3217437362,19.1250332,72.9252164
3217437363,19.1253542,72.9253152
3217437364,19.1253142,72.9252134
3217449164,19.0549149,72.9236351
3234240202,19.084,72.9037169
3234264503,19.0837122,72.9055828
3234280490,19.0919363,72.9080731
3243952040,19.2208987,72.8541492
3243952044,19.2206503,72.8528351
3244522367,19.0926751,72.9106562
3244522368,19.0919818,72.9116277
3245616507,19.0842327,72.9208288
3245626610,19.092409,72.9119565
3245626611,19.0920576,72.9119829
3245675983,19.0843584,72.9048765
3269084026,19.1732703,72.9566576
3269084027,19.1739354,72.9573215
3273736210,19.0528007,72.8726744
3273736680,19.2732248,72.8823417
3273736683,19.2903419,72.8700471
3359112086,19.1418731,72.8291583
3376195596,19.0626186,72.8995422
3405371511,19.0395163,72.874077
3405453665,19.0218555,72.8759327
3455073157,19.0225451,72.876435
3455073158,19.0226302,72.8763337
3455073159,19.0227767,72.8765015
3455073168,19.0233243,72.8771315
3455073175,19.0236368,72.876692
3455073183,19.0245468,72.8783375
3455073186,19.0248551,72.8798503
3526719584,19.1038346,72.8314787
3568776812,19.0003707,72.8463738
3633829123,19.1769527,72.841876
3663657595,19.101497,72.8393975
3708877804,19.1031923,72.8886738
3708878218,19.1087864,72.8780439
3708878506,19.124855,72.8930011
3708878517,19.1251606,72.8931199
3708879243,19.1059034,72.8878195
3708879264,19.1072401,72.8839336
3708879285,19.1077909,72.8807092
3708879297,19.108399,72.8785649
3708879330,19.1094449,72.8762388
3708879333,19.1096127,72.8877416
3708879345,19.1109164,72.8627024
3708879354,19.111264,72.8708146
3708879372,19.111978,72.8586638
3708879375,19.1122985,72.8884394
3708879376,19.1121655,72.8667646
3708879380,19.1122866,72.8669444
3708879392,19.1138544,72.8886851
3732540596,18.9951731,72.8345545
3736838666,19.207203,72.8396826
3736882567,19.0052909,72.844255
3736885986,19.0689488,72.8930286
3736905344,19.1161189,72.8682812
3736905346,19.116188,72.870286
3736905353,19.1182349,72.8697251
3736922371,19.1189367,72.8703593
3736953724,19.2155075,72.8379432
3736964759,19.1008446,72.8792592
3736964761,19.1008106,72.8789309
3737129890,19.0558344,72.9219874
3737129897,19.0595214,72.9164372
3737943440,19.1022706,72.8566638
3747300131,19.100502,72.9291275
3747300132,19.1006357,72.9287093
3762234397,18.9329513,72.8281538
3791183342,19.2568196,72.8507897
3791204936,19.2652368,72.971671
3791205111,19.2688542,72.9714884
3792949321,19.2555946,72.8704386
3793874736,19.2334451,72.8536615
3793874755,19.2401844,72.8462288
3793874875,19.2544408,72.8538792
3793874877,19.2550883,72.856977
3793874882,19.2561226,72.8581978
3794262396,19.1889702,72.8355011
3794269318,19.1957582,72.8336182
3794378170,19.2613491,72.8731855
3794378247,19.2668724,72.8733531
3795056351,19.1980094,72.8399385
3795056480,19.2007073,72.8488138
3796394579,19.2030001,72.8510481
3796499961,19.2484216,72.978128
3796685893,19.2949099,72.8510856
3796685898,19.2950236,72.8530316
3796685899,19.2950332,72.8510607
3796685914,19.2955376,72.8555626
3796685916,19.2956258,72.8576874
3796685917,19.2956249,72.8578421
3797666810,19.2758016,72.8885178
3797889277,19.1141096,72.862018
3797889591,19.1251093,72.8647506
3808239216,19.0244665,72.8374584
3878367738,19.1197069,72.8485505
3878367744,19.1199507,72.8479607
3878413305,19.1149061,72.8602311
3878413319,19.1165769,72.8553351
3878413320,19.1167801,72.8550145
3878413328,19.1191589,72.8509945
3878413343,19.1203691,72.8490834
3878413345,19.1203569,72.8489588
3878492882,19.1559804,72.8352416
3878492883,19.1561006,72.835541
3878492884,19.1561365,72.8352322
3878492885,19.1561376,72.835133
3878492889,19.1592467,72.8351543
3878492898,19.1634729,72.8347633
3878492908,19.1705494,72.835376
3878492911,19.1737929,72.83654
3878559848,19.0446734,72.9183144
3878559855,19.0456797,72.9141001
3890125193,19.0637873,72.9790428
3890222324,19.0525624,72.9408319
3890222330,19.0589491,72.9596194
3890222353,19.0651343,72.9949049
3890222354,19.065198,72.9948327
3890222355,19.0658255,72.9965323
3890222356,19.0658551,72.9966016
3890222357,19.0659077,72.9964938
3890222358,19.0665802,72.9982988
3890222359,19.0666172,72.9983854
3890222361,19.0666618,72.9982589
3890222362,19.0666818,72.9928408
3890222372,19.0669053,72.9960268
3890222378,19.0669875,72.9959884
3890222382,19.0670202,72.9960559
3890222389,19.0675562,72.997532
3890222397,19.0681507,72.9973323
3893167782,19.1314834,72.8750112
3981413772,19.0592522,72.9240209
3981413816,19.0621102,72.9182078
4014863213,19.1032026,72.8744841
4014863218,19.1029403,72.8662736
4046420989,18.9344942,72.830318
4048579846,18.915073,72.8251938
4050193893,18.9286939,72.8211311
4099754310,18.9283345,72.8313554
4104861727,19.1016491,72.8724053
4104861752,19.1032142,72.8707517
4104861753,19.103205,72.8746087
4140551636,19.1482272,72.9951958
4146135269,19.0637716,72.9975771
4146135281,19.0654898,72.9967726
4146373095,19.1492863,72.9900873
4146373181,19.1540279,72.9877837
4146373389,19.1553407,72.9930867
4162615475,19.0651231,72.9947798
4178790375,19.1166528,72.8298179
4213259528,19.2331107,72.9761146
4213259529,19.2360573,72.9757664
4214654600,19.2134758,72.9775047
4214654628,19.2116358,72.981319
4214654632,19.2109244,72.9848247
4214654657,19.2168427,72.9782804
4233541824,19.2481266,72.9835568
4233541826,19.2490051,72.9841613
4233545103,19.1705866,72.932998
4233563027,19.1553113,72.9476228
4233787585,19.2391258,72.8026535
4244274459,18.9189054,72.8254924
4244274462,18.9209706,72.8262633
4244274463,18.9229718,72.8266508
4244274466,18.921038,72.8262803
4244306273,18.9265786,72.8268237
4244306274,18.9265124,72.8269144
4244306276,18.9266152,72.8271623
4260125481,18.9463393,72.835139
4264598303,19.0540011,72.8945412
4264598304,19.054147,72.8945737
4264598306,19.0566662,72.8951344
4264598312,19.0604841,72.8972015
4264598325,19.0709681,72.9013295
4264598329,19.0743142,72.9030515
4264598331,19.0753086,72.9033169
4264598335,19.0770409,72.9037344
4264598351,19.0838343,72.9142551
4264598354,19.0839363,72.9141652
4264781363,19.0809886,72.8911889
4264781384,19.0827133,72.8961728
4264834966,19.0359699,72.857768
4264834980,19.0360415,72.8578253
4292873308,19.0000583,72.8426698
4294951431,18.9619582,72.8176341
4294951453,18.9657791,72.819118
4294951462,18.9687728,72.8208072
4294951473,18.971934,72.8220016
4294951726,18.9797105,72.832048
4307040267,18.9063505,72.8150568
4307040271,18.9066022,72.8147079
4307040279,18.906658,72.8147917
4307040281,18.906685,72.814791
4307040282,18.906705,72.814658
4307040287,18.9067364,72.8147026
4307040292,18.9069409,72.8149823
4307040305,18.9095391,72.8172298
4307040343,18.92107,72.8268953
4307040346,18.9218681,72.8311294
4307040348,18.9296405,72.8255115
4307040451,18.9689143,72.815516
4307040453,18.9690176,72.8151575
4307040457,18.969097,72.815733
4307040465,18.9691845,72.8158915
4307040466,18.9691752,72.8156712
4307040478,18.9696213,72.8151014
4307211851,19.0446117,72.8677359
4307211865,19.0448286,72.8676813
4310550234,19.0565275,72.8368788
4323055307,19.1142685,72.8621018
4323064898,19.1110648,72.8626287
4323078802,19.1088084,72.859055
4323656421,19.1136958,72.8672938
4328035957,19.0541454,72.8377919
4328035970,19.0551353,72.830045
4328161625,19.0522541,72.8476858
4328161648,19.0550609,72.846771
4328236683,18.9229659,72.8332412
4335012905,19.0840437,72.8379647
4335012908,19.0844459,72.8345268
4335012910,19.0847834,72.8322159
4340930308,19.0980622,72.9166321
4340930310,19.0981377,72.9165563
4340967981,19.1092768,72.8761775
4342420719,19.0804181,72.84752
4342420724,19.0804284,72.847057
4342420750,19.0807895,72.852615
4342421081,19.084833,72.859751
4342421082,19.0848494,72.8596664
4342421083,19.0848475,72.8597725
4342421098,19.0849583,72.8597477
4343231499,19.2075804,72.8349936
4343426716,18.9683153,72.8417988
4352245939,19.0630289,72.8736834
4352377830,19.1468666,72.8239085
4352377833,19.1461025,72.8259893
4357075033,19.2003853,72.875509
4357151383,19.1211809,72.8298665
4357170877,19.1165318,72.8299272
4357170878,19.1161537,72.8303324
4357272781,19.053976,72.8898169
4357273820,19.055882,72.8975897
4357300487,19.0725281,72.908444
4357358592,19.0764911,72.8766069
4361337153,18.9256036,72.8315656
4361337156,18.9258502,72.83174
4361545033,19.002011,72.8294053
4362345197,18.9633509,72.8076156
4362345214,18.953701,72.8165239
4362526717,19.0105557,72.8174595
4362728160,19.0559732,72.8892791
4362728161,19.0545438,72.8889344
4362728164,19.0540397,72.888781
4362787515,19.0343845,72.8628518
4365981540,19.1628372,72.9415083
4366004642,19.1648238,72.9437871
4366037002,19.1108658,72.9255413
4366129978,19.045899,72.8654759
4367646530,19.1487604,72.948277
4367705362,19.2505148,72.9857258
4367705365,19.2480533,72.9836939
4367741813,19.2653654,72.9716649
4367741846,19.2833793,72.952372
4368992602,19.158928,72.9333714
4374611143,19.2871189,72.8671177
4374680526,19.1395513,72.8442175
4374680531,19.1396581,72.8443779
4374680532,19.1397684,72.8448255
4390304646,18.9979502,72.831089
4415746717,19.0765608,72.8766348
4461968005,19.1160893,72.8350397
4461980218,19.1253234,72.8564966
4465528799,19.065918,72.8994182
4513730336,18.9666529,72.8137283
4513730350,18.9661232,72.8131429
4567650388,19.0700858,72.9905519
4569925675,19.0470975,72.9096005
4590912466,19.1261409,72.8209914
4611102156,19.1529784,72.8512651
4611102159,19.1534865,72.8562003
4611102160,19.1535869,72.8564366
4611102161,19.1527968,72.8520663
4611102162,19.153023,72.8520505
4611102181,19.1532293,72.8564148
4611106873,19.1531746,72.8548224
4625570716,19.1480958,72.9995536
4625570781,19.1604605,72.9461634
4625570783,19.1605846,72.9463845
4625570785,19.1610975,72.9453185
4625570786,19.1611932,72.9453727
4632210322,19.1259552,72.9252117
4632210328,19.1393876,72.9309519
4632210526,19.155546,72.9990569
4650001241,19.1546867,72.9571558
4697188966,19.1279922,72.8431725
4699029729,19.1494402,72.8470466
4711099271,19.1696552,72.8751607
4745836949,19.1606702,72.946451
4759328550,19.119217,72.9086264
4759328576,19.115651,72.9163962
4759328594,19.1169908,72.9101782
4759328596,19.1170602,72.9102696
4759328597,19.1170606,72.9103038
4759328602,19.1168934,72.9103898
4759328605,19.1168418,72.9102594
4759328607,19.1168812,72.9101951
4759328609,19.1169847,72.9104003
4759328736,19.1045677,72.9171002
4759328737,19.1023839,72.9199187
4759328741,19.1042545,72.9172788
4759328742,19.1044111,72.9170973
4759328743,19.1045937,72.9169665
4759328761,19.1155784,72.9163204
4759328773,19.1187126,72.9118257
4759328776,19.1188121,72.9118782
4759328777,19.1188245,72.9119174
4759328780,19.1187467,72.9120362
4759328782,19.1186639,72.9120145
4759328783,19.1186361,72.9119681
4759328786,19.118649,72.9118599
4759328788,19.1187749,72.9120227
4759328797,19.1181113,72.9158932
4759328800,19.1180746,72.9159955
4759328804,19.1179739,72.9159645
4759328807,19.1179848,72.9158664
4759418241,19.119936,72.9125483
4761676585,19.145382,72.9352416
4791359622,19.2451027,72.9479864
4819972371,19.0654618,72.9967029
4819972384,19.0637427,72.9975074
4906196445,19.0050703,72.8439747
5056119960,19.0433444,72.8449936
5056119961,19.0428583,72.8454021
5122630382,19.0202706,72.8440743
5130752067,19.1031842,72.8754874
5130752071,19.1031502,72.8767231
5130752102,19.0995706,72.8540021
5130752103,19.0992195,72.8539115
5172459964,19.1359434,72.8256628
5172459965,19.1360153,72.8257671
5242502017,19.0805433,72.8897085
5265547246,19.0591352,72.8367908
5265559170,19.0598318,72.8370129
5271602084,19.0252851,72.8407153
5271602112,19.031514,72.8420862
5271602930,19.0353966,72.8424175
5271602938,19.0370177,72.8423448
5271602944,19.0384627,72.842074
5271602946,19.0389255,72.8419758
5271613087,19.0228066,72.8424691
5271613101,19.025077,72.8405952
5279685268,19.1096499,72.8337559
5293581268,19.1155126,72.9124472
5330411163,18.9833217,72.8477347
5342165308,19.0595419,72.8369254
5345482091,19.1406761,72.8546374
5346620502,19.1397197,72.8440159
5346620503,19.1394534,72.8441304
5346620507,19.1394196,72.8443462
5346644809,19.1403892,72.8546325
5346805345,19.0453352,72.8648592
5346805346,19.045317,72.8650804
5346805348,19.0442298,72.8646033
5346805349,19.0445258,72.8644611
5346805354,19.042326,72.8642585
5346806114,19.0649455,72.8467032
5346806116,19.0649452,72.8468793
5348834827,19.0969524,72.8532954
5348834828,19.097053,72.8529698
5349392408,19.0672757,72.902194
5353822010,19.0594256,72.834167
5354454748,19.0457674,72.9089358
5354533140,19.0109694,72.8351483
5355278570,19.1401685,72.8539225
5355278580,19.1406801,72.8550031
5355360602,19.2112978,72.9757784
5369728233,18.9907719,72.8355542
5378007196,19.2609511,72.9790163
5378011630,19.2613782,72.9770581
5380524537,19.2601719,72.9848033
5380524547,19.2600591,72.9847358
5380524548,19.2600999,72.9849439
5421715134,19.2973148,72.8764088
5467677837,19.0504879,72.8653719
5470238123,19.071028,72.8626526
5470707466,19.0863539,72.9195309
5470707481,19.0915785,72.9131287
5470707483,19.0921104,72.9117511
5470707484,19.092142,72.9116238
5470707489,19.0845803,72.9207338
5470707490,19.0843283,72.9209038
5477703669,19.091542,72.9078212
5477703693,19.092581,72.910599
5477703696,19.0920137,72.9114979
5483788798,19.150309,72.8564246
5483788799,19.1505312,72.8561296
5488342584,19.1076248,72.8592575
5488342587,19.1008005,72.8636602
5488342590,19.1093037,72.853594
5488342591,19.1092356,72.8539593
5488442637,19.1153481,72.8474013
5488442638,19.1154622,72.8487862
5488442640,19.1156626,72.8474987
5488442681,19.1094346,72.8530717
5494560187,19.0512951,72.8283662
5496410669,19.0745096,72.9974034
5496410673,19.074776,72.9977799
5511142448,19.070353,72.9975187
5518220112,19.0682708,72.9898
5518220729,19.0662758,72.9933858
5518220730,19.0671087,72.9940792
5518220731,19.0671794,72.994138
5518220734,19.0662217,72.9974598
5518220735,19.0673772,72.9969063
5518220737,19.0744006,72.9973938
5518220742,19.0740851,72.9977204
5518220743,19.0740763,72.9978295
5518220749,19.0743381,72.9981502
5624302328,19.1962366,72.9872161
5624302341,19.1825989,72.9948299
5624422771,19.0513868,72.9368541
5624422776,19.0433007,72.9236144
5624422777,19.0433412,72.9230801
5637109060,18.9707434,72.8326564
5639804517,19.0505412,72.8653103
5639804518,19.0504642,72.8652466
5639804519,19.0504151,72.8653116
5681647592,18.9613967,72.8131342
5681647593,18.9617238,72.8130234
5681647596,18.9613672,72.8132352
5681648023,18.9568931,72.7999334
5727308497,19.1486841,72.9927063
5727308501,19.1485779,72.9925493
5727308502,19.1486187,72.9924762
5727570452,19.0668808,72.9916901
5741272927,19.2168847,72.9780614
5741272928,19.2176564,72.9783439
5758624138,19.089324,72.9077961
5761649100,19.1576469,72.9587893
5761649106,19.1572559,72.9589376
5771476801,19.2652662,72.9708753
5792167748,19.0566052,72.8874693
5792168761,19.053126,72.8808458
5792364474,19.0447843,72.8676273
5792425830,19.0377946,72.8629605
5836311787,19.0461968,72.8654965
5836311789,19.0460334,72.8653562
5838250403,19.0463753,72.9088042
5838250404,19.0462144,72.9086835
5838250417,19.0539506,72.8949957
5839628054,19.1697417,72.9322073
5839628060,19.1706541,72.9329067
5839628064,19.1719869,72.9343888
5839628071,19.1733328,72.9347804
5839628072,19.1719438,72.934472
5841547795,19.1393377,72.9310441
5841547800,19.1453327,72.9353254
5841547809,19.1511037,72.9376866
5841547810,19.1517816,72.9376235
5841547818,19.1637615,72.9377455
5841547819,19.1638496,72.9377548
5841999703,19.0508121,72.8747808
5841999704,19.0506375,72.8748522
5843735650,19.0707033,72.9073765
5845797344,18.9714961,72.8326367
5848131200,19.0845062,72.9206158
5848131204,19.0838906,72.9205334
5848131205,19.083937,72.9210458
5848131207,19.0876038,72.923362
5848131210,19.1105425,72.9328439
5848131211,19.1104425,72.9331451
5848131220,19.1242229,72.9384705
5848131221,19.1240672,72.9384059
5848596597,19.0053296,72.8398144
5848596599,19.0035868,72.8418816
5848596601,19.003648,72.8419802
5848596602,19.00365,72.8419528
5848596603,19.0035009,72.8419782
5848596607,19.0035706,72.8420403
5848596615,19.0035056,72.8419277
5848596617,19.0035611,72.8418817
5848596620,19.0031934,72.8422278
5848596622,19.0032423,72.8422821
5848596628,19.0161788,72.8466987
5861033680,19.1887061,72.9639872
5861036485,19.1883648,72.9638328
5865499853,19.2217221,72.9905021
5865499856,19.2204763,72.9779129
5865538270,19.0655925,72.8993212
5865538271,19.065669,72.8994426
5865538272,19.0650793,72.8990917
5868392390,19.2124203,72.9770898
5868392396,19.2138546,72.9772219
5875787592,19.1563782,72.949731
5878590691,18.942294,72.8260212
5878590700,18.9527942,72.8174219
5879197463,18.9645482,72.8079779
5879197464,18.9642004,72.8077731
5880236188,18.9763832,72.8089561
5880236189,18.9764574,72.8089703
5887563939,19.0670202,72.8338161
5887563940,19.0669948,72.8337118
5896564331,19.0673433,72.852046
5907165648,19.0043039,72.8118355
5907165669,19.0101055,72.8150083
5907165803,19.0070482,72.8131572
5907166061,19.013835,72.8112267
5907166289,18.9291388,72.8247579
5907166295,18.929108,72.8250089
5907166301,18.9289762,72.8249933
5907269895,19.0112875,72.8177628
5907931707,19.0004967,72.8556707
5908530884,18.998192,72.8528257
5909698700,19.1376486,72.8487772
5911310869,19.0742698,72.8529879
5912237845,19.0595843,72.9164429
5912237848,19.0585737,72.9176867
5912237867,19.055884,72.9219547
5912237873,19.0558212,72.9219213
5912237877,19.0528791,72.9203225
5912237878,19.0528648,72.9202403
5912237921,19.0492032,72.926709
5912237922,19.0497975,72.9252033
5912237924,19.0492214,72.9267941
5912237928,19.0537396,72.9272942
5913226245,19.0610151,72.9167404
5913226250,19.0607033,72.9138806
5913226350,19.0527934,72.9202063
5913278404,19.0591685,72.9235866
5913278406,19.0618642,72.9179939
5913743697,19.2532025,72.9724901
5921457054,18.9884103,72.8453839
5921457055,18.9853174,72.8421852
5921457076,18.98806,72.8413959
5921458122,18.9929083,72.8431902
5921458142,19.0016237,72.8441219
5921458143,19.0013578,72.844506
5921458144,19.0014204,72.8445517
5921458147,19.0007866,72.8456349
5921458148,19.0008682,72.8456701
5921458164,19.0016835,72.8441688
5921458166,19.0020072,72.8437134
5921458177,19.0027288,72.842772
5921458178,19.0027753,72.8428265
5921458183,19.016872,72.8472665
5921458184,19.017018,72.847004
5921458188,19.0155579,72.8462344
5921458189,19.0156851,72.8460116
5921458230,19.0279506,72.8415424
5923862696,19.1929265,72.9702228
5923862714,19.1871438,72.9762474
5923862717,19.1912004,72.9762937
5923862776,19.1972224,72.9822832
5923862777,19.1972688,72.9838346
5923862796,19.197403,72.9838888
5923862802,19.1972754,72.9840018
5923862810,19.1973926,72.9843827
5923862821,19.1966569,72.977278
5923939959,19.2188178,72.9839299
5923939966,19.2177357,72.9783347
5923939970,19.2184817,72.9841738
5923939973,19.217879,72.982379
5923940460,19.209905,72.9653041
5923940476,19.2094561,72.9650493
5924611756,19.1785275,72.9455242
5924611759,19.1777947,72.9441936
5924612034,19.1638445,72.9380603
5924612037,19.1642325,72.9377809
5924612046,19.178603,72.9451094
5924612047,19.1788733,72.945293
5924612055,19.1832325,72.9490739
5924612057,19.1832605,72.9495093
5924612061,19.1838617,72.9533742
5924612063,19.1843826,72.9544893
5924612066,19.1847939,72.9550131
5924612073,19.1833339,72.9486462
5924612075,19.1757075,72.9426095
5924612081,19.1720127,72.9409112
5926760156,19.0650821,72.8807894
5928768104,19.2935319,72.9055883
5936571775,19.1301145,72.8765778
5936572189,19.1300625,72.8764781
5936572194,19.123217,72.8714708
5936572199,19.1220293,72.8706426
5936572203,19.1190066,72.8702626
5936572210,19.1179384,72.8649615
5936572214,19.1169209,72.86257
5936572231,19.114917,72.860099
5936572235,19.114976,72.8593826
5938773130,19.176409,72.8811622
5938773141,19.1757604,72.8740351
5938773142,19.1757554,72.8739104
5938773148,19.1756324,72.8675531
5938773153,19.1746534,72.8615066
5938773154,19.1742526,72.8596191
5938773155,19.1742145,72.8592039
5938773157,19.1736815,72.8572975
5938773175,19.1736514,72.8451804
5938773176,19.1736456,72.8450652
5938773707,19.1758662,72.873911
5953038212,19.0062702,72.8232837
5968928400,19.1628022,72.9415948
5968988237,19.0701316,72.990448
5969984647,19.16652,72.9640305
5969984648,19.166182,72.9645645
5969985405,19.17506,72.9593515
5969985427,19.1742467,72.961856
5969985432,19.1731837,72.9620248
5969985436,19.1703986,72.9617729
5969985441,19.1683947,72.9607193
5982461354,19.264107,72.9678366
5982461355,19.2639533,72.9680242
5984944615,19.1773303,72.9394131
5984944617,19.1776003,72.9404588
5986915335,19.0019352,72.8436751
5988087560,19.2336497,72.8551937
5988087561,19.2337476,72.8552389
5994888011,19.1188266,72.9114889
5994888016,19.1192101,72.9121666
6016244843,19.283247,72.9523508
6016244852,19.2761371,72.9584416
6016244859,19.2640969,72.9681269
6016244862,19.270215,72.965332
6016245699,19.2866808,72.9394124
6017561677,19.200974,72.9490952
6017562071,19.2093398,72.9516946
6017562079,19.2162046,72.9556256
6017562124,19.2092963,72.9518686
6017562127,19.2092338,72.9517936
6017562136,19.2050753,72.9500594
6017562138,19.2050159,72.9499781
6017562141,19.205074,72.9499859
6017562149,19.2049953,72.9500483
6017562368,19.1967901,72.9713978
6017562387,19.2013306,72.9598737
6017562394,19.2041657,72.9537993
6017562399,19.2040506,72.954289
6046553754,19.0745662,72.8466048
6046553755,19.0747345,72.8466091
6046553756,19.074672,72.8470958
6072268838,19.0176691,72.8481923
6078180260,18.9385311,72.8357064
6078180263,18.9387835,72.8358735
6078180264,18.9388217,72.8359723
6078180283,18.9397174,72.8348994
6078180284,18.939715,72.8347967
6078180496,18.9425948,72.8307119
6091828621,19.0841922,72.914182
6091905974,19.0673126,72.9979024
6091905975,19.0672488,72.9978356
6117461538,19.139502,72.8445607
6117461543,19.1389764,72.8489281
6117461549,19.1393229,72.8489607
6117575882,19.1579644,72.9466622
6117576024,19.0247047,72.8768941
6117576025,19.0247204,72.8767733
6117576026,19.0251718,72.8769792
6117576027,19.0251908,72.8768535
6117579489,19.1562122,72.9506499
6117628325,19.059672,72.866555
6117628326,19.0596247,72.8666577
6117653724,19.1738898,72.8365798
6117653725,19.1738259,72.8367511
6117653732,19.1748136,72.8330539
6117653733,19.174924,72.8324512
6117660551,19.3187626,72.8977396
6118419652,19.2552345,72.982693
6118419653,19.2553203,72.9825556
6118577149,19.289098,72.8646948
6119066789,19.2046224,72.9687102
6130158660,19.1024838,72.919995
6130727578,19.1413503,72.8133126
6130727579,19.1414782,72.8132589
6133862185,19.1261783,72.893787
6133862186,19.126281,72.8938915
6133891680,19.0544397,72.8461767
6133947523,19.1248251,72.8930896
6133947524,19.1251279,72.8932179
6134580032,19.1990694,72.9960825
6135274276,18.9841696,72.8476177
6136332298,19.0161985,72.8722414
6136332304,19.0177024,72.8727991
6136332320,19.0112953,72.8700301
6136332321,19.0178669,72.8730021
6136332322,19.0177434,72.8730507
6136332324,19.0175151,72.872985
6154192085,19.263959,72.9681848
6165302134,18.9951414,72.8313294
6165302144,18.9866823,72.8317461
6165302145,18.9865428,72.8317571
6165302146,18.9866265,72.8318267
6165302148,18.9867589,72.8318303
6165302156,19.0090754,72.8307163
6165302165,19.006215,72.8308903
6165302166,19.006271,72.82359
6165603878,19.0135821,72.833745
6165604792,19.021783,72.8376082
6165604797,19.0189086,72.8360765
6165604798,19.0189436,72.8359669
6165604799,19.022872,72.8385271
6165604800,19.0227708,72.8385859
6165604807,19.0189965,72.8403982
6165604808,19.0194211,72.8403507
6165604811,19.0251787,72.8404563
6165604812,19.0250013,72.8405398
6165604817,19.0204525,72.8432969
6165604823,19.0251812,72.8455399
6165604830,19.0398601,72.846724
6165604834,19.0375829,72.8473912
6165604835,19.0351547,72.8477514
6165604842,19.0457065,72.8423904
6165604846,19.0457283,72.842468
6167532214,18.998635,72.8173426
6167532215,18.9987797,72.8173984
6167532216,18.9984703,72.8173946
6167532221,18.9903318,72.8139662
6167841731,18.979631,72.8320592
6167841739,18.9746566,72.831772
6167841744,18.9747426,72.8320614
6167841745,18.9779118,72.8112029
6167841746,18.9780141,72.8111482
6167841747,18.9780395,72.8112932
6167841748,18.9784621,72.8116312
6167841753,18.978137,72.8119359
6167841754,18.9780326,72.8119606
6167841760,18.9773674,72.8116059
6167881714,18.9773072,72.8114646
6167881718,18.9777611,72.8105643
6174486136,19.1599567,72.999938
6197216779,19.000867,72.8310756
6197216780,19.0008719,72.8312022
6197216783,18.998088,72.8311974
6197216784,18.9980098,72.8312012
6197221585,18.9980162,72.8313278
6197221586,18.9980943,72.8313239
6204119841,19.1797239,72.8364798
6204119845,19.1841639,72.8357355
6204119850,19.2031882,72.8340222
6204119853,19.2071879,72.8347734
6204119861,19.2146649,72.8377622
6204119862,19.2150331,72.8381272
6204119875,19.21951,72.8406345
6204119877,19.220162,72.8478139
6204119879,19.2206006,72.8523096
6204121997,19.220915,72.8533401
6215526117,18.94501,72.8253731
6215526119,18.945082,72.8258456
6215526121,18.9450258,72.8258682
6243685412,19.0636713,72.8465293
6243685414,19.0584586,72.8464517
6243685415,19.0584587,72.8465908
6243685417,19.061048,72.8467367
6243685418,19.0636801,72.8466686
6246728887,19.1633775,72.9467452
6246728889,19.1648627,72.9438114
6246728893,19.1650961,72.9434166
6259250492,19.1685212,72.9663222
6259256954,19.1711906,72.9677323
6259256961,19.1746883,72.9683651
6259262379,19.172848,72.9673601
6259262384,19.1716107,72.9679091
6259267281,19.1724829,72.9670478
6262416573,19.0195345,72.8562747
6262416578,19.0187592,72.8557738
6262416583,19.0188581,72.8557463
6262416885,19.018901,72.8557983
6262416886,19.018907,72.8558421
6262416889,19.0188703,72.8559049
6262416891,19.018825,72.8559198
6262416893,19.0187604,72.8558944
6262416896,19.0187406,72.8558451
6271834098,19.0751585,72.8236622
6271834099,19.0752209,72.8240431
6271834100,19.0752735,72.8245019
6274819761,19.168255,72.9609744
6280229504,19.0594374,72.8365159
6280229508,19.0594986,72.836455
6280378088,19.0594405,72.8371923
6292777302,19.0595197,72.8372019
6292784553,19.0598493,72.8366499
6295206335,19.0591841,72.8368862
6380230494,19.1138102,72.8531324
6428667004,19.082822,72.8459478
6428781759,19.1113453,72.8501157
6428811261,19.0601247,72.8522487
6428811262,19.0604697,72.851398
6428811263,19.0604934,72.8513361
6428811268,19.060552,72.8513494
6428811270,19.0602045,72.8522816
6428838989,19.0838108,72.8466122
6428838990,19.0837561,72.8464392
6428843059,19.1024558,72.8627913
6428893717,19.030699,72.8457616
6429005901,19.015513,72.8394954
6429005902,19.0156083,72.8393859
6429017345,19.0583137,72.8619167
6429017348,19.0587156,72.8620654
6429075943,19.1309011,72.8475587
6429075944,19.1308954,72.847481
6429408888,19.1449063,72.8561376
6429588362,19.070063,72.8753865
6429588363,19.0700834,72.8752569
6429734745,19.0660476,72.874655
6430016907,19.0532267,72.8675664
6430016908,19.0532923,72.8674782
6430340549,19.1389709,72.8632304
6430382336,19.0512713,72.8364329
6430382337,19.051629,72.8365064
6430399597,19.0680563,72.8750869
6430416810,19.0583706,72.8711541
6430416811,19.0583273,72.8712283
6430474047,19.0691588,72.8751322
6430474048,19.0691511,72.8752191
6430474706,19.1496654,72.8563517
6430474708,19.1449438,72.8557482
6430497206,19.0476102,72.8607186
6430607035,19.0504787,72.8731006
6430607036,19.0502448,72.8731769
6430673820,19.071196,72.8725951
6430673825,19.0714596,72.8721025
6430837133,19.0133366,72.8337374
6430875930,19.1242687,72.8416552
6430875931,19.1245065,72.8419841
6430899937,19.1729085,72.8552956
6430899938,19.1729986,72.8552609
6430906958,19.172686,72.8540674
6430937037,19.1518652,72.844443
6430960763,19.0737686,72.8802672
6430960767,19.0740375,72.880484
6431009346,19.0189834,72.8603571
6431094364,19.0189257,72.8577205
6431094365,19.018997,72.8577204
6431155719,19.1269828,72.8743082
6431155720,19.1270282,72.874227
6431266164,19.0048292,72.8540217
6431289415,19.0848698,72.832145
6431289416,19.090455,72.8333185
6431441210,19.1810645,72.8582098
6435423923,19.0798537,72.8804755
6436057783,19.1569806,72.845858
6489866777,19.0577107,72.838356
6489866778,19.0577231,72.8383812
6490900890,19.1282428,72.860037
6490900899,19.1281853,72.859674
6491197973,19.0193323,72.8362822
6491549419,19.0485092,72.8640223
6491549420,19.0485578,72.8639471
6491605226,19.0137198,72.8341858
6491605232,19.0138872,72.8339854
6493265091,19.1116253,72.8688004
6493265092,19.1117846,72.8688478
6493927744,19.0554453,72.8691119
6493927745,19.0554808,72.8692675
6494817881,19.0756853,72.8738429
6494856674,19.029146,72.8577555
6494896736,19.0630641,72.8735626
6494909532,19.0566657,72.8700397
6494909533,19.0567165,72.8699542
6494934163,19.0578013,72.8708521
6494934164,19.0578498,72.8707791
6494934165,19.0574431,72.8705958
6494934166,19.0574868,72.8705149
6494952052,19.0599909,72.872415
6494952054,19.0602051,72.872411
6495099185,19.1529803,72.8510767
6495099186,19.1528863,72.851078
6495203633,19.0132289,72.8550861
6497126508,19.0751095,72.8766583
6497126509,19.0750587,72.8767259
6497154927,19.0793133,72.880066
6497154928,19.0791837,72.8802945
6497342996,18.9998122,72.8537324
6497342997,19.0005129,72.8538501
6552240725,18.9542159,72.8318124
6552261005,19.1034537,72.8744744
6552261009,19.1031997,72.8742335
6552380192,19.1026384,72.8626949
6552380193,19.1026788,72.8628972
6552380198,19.1025407,72.863093
6552594955,19.0654516,72.8618884
6552594957,19.0651609,72.8618647
6552758940,19.0710344,72.8725921
6552758946,19.0713635,72.8720389
6552758948,19.0710692,72.8717995
6553104157,18.9504407,72.820438
6553104160,18.9506927,72.8204484
6554302593,19.065969,72.8601867
6554384670,19.0649163,72.8601638
6554614255,18.9567903,72.8157139
6554614256,18.9537228,72.8166042
6554614259,18.9566934,72.8157669
6554614261,18.9558438,72.8160818
6557556694,19.0470307,72.8617609
6557556695,19.0471278,72.8618059
6567775293,19.1250635,72.8924503
6567775294,19.1253266,72.8925565
6569087155,19.0702378,72.9068478
6569087156,19.0705353,72.9073197
6569087157,19.0706516,72.9074797
6569340935,19.1268175,72.8943552
6569340936,19.1269065,72.894248
6569409222,19.120487,72.9257454
6569409223,19.1204707,72.9256363
6569979210,19.1138191,72.888789
6570055106,19.103964,72.8314526
6571717034,19.1839602,72.8584825
6571717035,19.18396,72.8583598
6571743942,19.0168118,72.8587135
6571887194,19.0412907,72.8751567
6571887195,19.0413938,72.8751096
6571910349,19.0565528,72.8875106
6572386235,19.0190711,72.8602277
6572386240,19.018944,72.8604671
6573759450,19.052313,72.9004649
6573759451,19.0521395,72.9004184
6573759453,19.0522058,72.9007891
6573886332,19.0608186,72.892888
6573933915,19.059596,72.8911991
6574282572,18.9711499,72.8321263
6574294052,19.0517914,72.8940736
6574486283,19.1472443,72.9369942
6574605039,19.1142628,72.9175273
6574605040,19.1142717,72.9175918
6575856520,19.1506134,72.9360732
6576003269,19.0423986,72.8782403
6576003270,19.0425018,72.8781932
6576032315,19.0372953,72.874105
6576059825,19.0648465,72.8993034
6576059826,19.0649493,72.8993721
6576059828,19.0651734,72.8995455
6576059829,19.0651399,72.8993964
6576059830,19.065304,72.8994116
6576088910,19.0616827,72.9134654
6576712151,19.0848182,72.8917896
6580768154,18.9937917,72.8517254
6580768155,18.9953307,72.8526416
6580768156,18.9953592,72.8524994
6580768160,18.9906758,72.8484183
6580768166,18.9937009,72.8518277
6581003010,19.1097695,72.9177593
6581003011,19.1097819,72.9176722
6581097857,19.0799542,72.9175249
6581097858,19.0802428,72.9179787
6581239902,19.0874371,72.9188003
6581239903,19.0873743,72.9186885
6581281333,19.1016164,72.9194695
6581281334,19.1016853,72.9193617
6581629094,19.1726926,72.8742506
6581629095,19.1727039,72.8743891
6583122230,19.0802685,72.9174139
6583122231,19.0796625,72.9168691
6583128782,19.0891191,72.9171683
6583145396,19.1331401,72.927876
6583145397,19.133189,72.9277892
6583169979,19.0859837,72.8954541
6583169980,19.086064,72.8954338
6583554930,19.0917155,72.9018992
6583578109,19.0631032,72.9144439
6583665827,19.0744604,72.8470937
6583666745,19.1142322,72.9262453
6583666746,19.1142345,72.9261262
6583716264,19.1345631,72.92865
6583716265,19.1345989,72.9285529
6586019606,19.0546171,72.9111259
6590384792,19.0672676,72.8520818
6598130893,19.0916181,72.8385299
6598130894,19.0916008,72.8385917
6598737611,19.1098581,72.8521405
6601751017,19.1998335,72.949107
6601751018,19.1998358,72.9491866
6601803824,19.2314778,72.8565904
6601803825,19.2314301,72.8564949
6601803826,19.2313301,72.8567831
6601808735,18.9445078,72.8393995
6601808736,18.9444779,72.8395027
6601867496,18.9335421,72.824265
6601867497,18.9334295,72.8242434
6601941185,18.9329319,72.8312
6602221633,18.9317687,72.8298993
6602226913,19.1547107,72.9873487
6602367954,19.2450144,72.8647693
6602500399,19.2410813,72.8585064
6604299451,19.1264312,72.8220729
6604321014,19.0303667,72.8472518
6604321015,19.0303876,72.8471527
6604559419,19.2182803,72.9782479
6605148991,19.1394872,72.8235613
6606994871,19.0501387,72.8663978
6607668198,19.1970407,72.9804207
6607668202,19.1969048,72.980538
6608759215,18.9326024,72.8277899
6608759216,18.9324818,72.8278459
6608764027,19.2190765,72.9678299
6608764028,19.2190023,72.9678078
6608770472,19.1957966,72.831255
6608841334,19.2518403,72.8679938
6608978820,19.2544755,72.8697637
6615745370,19.2660104,72.8707204
6615790230,19.2298983,72.8417269
6615924775,19.2446883,72.8520235
6616033768,19.2328835,72.8441783
6616354713,19.2227005,72.9561159
6616354714,19.2227697,72.9560975
6616472888,19.2855343,72.8692632
6616635522,19.1446121,72.8427878
6616861151,19.1238126,72.8542463
6618201525,19.241382,72.8445085
6618261801,18.9263099,72.8285431
6618295251,19.2505303,72.8459269
6618301525,18.9632845,72.8077347
6618302834,19.258948,72.9698696
6618316493,18.9210187,72.8266984
6618316498,18.9213129,72.8264406
6618748008,19.1644067,72.8584888
6618748009,19.164449,72.8581483
6627598671,19.2483533,72.9782104
6637361660,19.1534921,72.9645201
6637361661,19.1536625,72.9645695
6638816988,19.0928239,72.8493415
6638816990,19.0922401,72.8466001
6786447353,19.1833908,72.9493293
6786447356,19.1836576,72.9489428
6786447360,19.185047,72.9478648
6786447363,19.1836676,72.9487981
6786447367,19.1833941,72.9490607
6786448271,19.1635465,72.9376009
6786448274,19.1638062,72.9373419
6802412609,19.1933568,72.9703479
6802412610,19.1933807,72.9702247
6802412611,19.1935182,72.9703249
6802412626,19.1998189,72.9724836
6802412627,19.1996989,72.972463
6802412628,19.1997511,72.972574
6802445263,19.2019085,72.975275
6802445266,19.2054388,72.9776001
6802445273,19.2048793,72.9776229
6802445275,19.2081882,72.9770155
6802495490,19.2019187,72.9754109
6802495517,19.2002603,72.9796538
6802495532,19.2049027,72.9775068
6802852073,19.187396,72.9675731
6802893016,19.1830915,72.9665811
6802893017,19.183038,72.9666873
6802893019,19.1832459,72.9667466
6805491833,19.0598545,72.8681011
6805491835,19.0597643,72.868036
6925978233,18.9681568,72.8246668
6925978242,18.9688409,72.8208471
6925978243,18.9688466,72.8207536
6926138475,19.0609894,72.8476583
6944189888,18.9806288,72.8364515
6944189892,18.9804411,72.8363928
6986983418,19.0574043,72.8644503
7007093657,19.1716254,72.8588241
7010109320,19.2049826,72.9774658
7010109325,19.2049038,72.9776624
7010109339,19.2050392,72.9776887
7037578470,19.2335654,72.8550109
7043548004,19.0605971,72.8371308
7097850903,19.0994222,72.8921474
7097850904,19.0993434,72.8919818
7103910192,19.2096267,72.9736328
7103987019,19.1621888,72.9429068
7103987020,19.1622595,72.9429406
7104166103,18.9437948,72.8234161
7108600455,19.1087724,72.9244752
7112996977,19.2613184,72.9855941
7112996981,19.261432,72.9857208
7113040786,19.261301,72.9858998
7113040790,19.2611489,72.9857618
7113040792,19.2611823,72.9856548
7123994600,19.2283901,72.9732354
7157873781,19.128147,72.831029
7157873782,19.1280128,72.8311117
7157873783,19.128035,72.8310144
7157873784,19.1281251,72.8311333
7158617885,19.104761,72.8270912
7158617888,19.1049052,72.8265909
7158617889,19.1048503,72.8267135
7159714370,19.1327565,72.8256441
7206394769,19.0491473,72.827609
7206407288,19.0507512,72.829843
7206407296,19.0491134,72.8276785
7206407299,19.0482006,72.8272855
7206407305,19.05247,72.8342696
7238373729,18.926971,72.82972
7238373733,18.9269641,72.8281323
7239147682,19.200091,72.9979248
7239257007,19.1995295,72.9774275
7241399961,19.1432932,72.8038951
7241667052,19.1706233,72.8298095
7241667062,19.1706338,72.831595
7241667064,19.1706451,72.8354074
7241667066,19.1706302,72.8355692
7241667069,19.1705796,72.8296935
7241667076,19.1750761,72.8314787
7241667082,19.1749587,72.8314672
7241667083,19.1785019,72.8313039
7241682806,19.1799456,72.8306584
7241682812,19.184262,72.8284549
7271727250,19.1750599,72.8812918
7271727260,19.172416,72.8812568
7271727261,19.17245,72.8813004
7271727265,19.1724041,72.8814175
7271727270,19.1722965,72.8812849
7271727271,19.172289,72.8813677
7271727272,19.1724533,72.881357
7271727274,19.176486,72.881245
7271727275,19.1764268,72.8812547
7271727286,19.1723479,72.8814228
7271727287,19.1723727,72.8812435
7279521030,19.0331946,72.9243278
7279521031,19.0333354,72.9243425
7279521035,19.0332243,72.9246196
7279521036,19.0330404,72.9246152
7280008176,19.1550543,72.9574049
7280008177,19.1545907,72.9575871
7280008178,19.1538802,72.962339
7280008179,19.1540144,72.9623435
7280044352,19.1562575,72.9499107
7280044353,19.156362,72.9499336
7280051310,19.1565384,72.9502065
7280128602,19.2211236,72.9602591
7280128605,19.2285246,72.9673195
7280128610,19.2211865,72.9602929
7280128664,19.2281461,72.9696402
7280128666,19.2281727,72.9697915
7285424904,19.1775417,72.9408082
7285424910,19.1778853,72.9441227
7285424940,19.1778512,72.9442646
7288662229,19.1552871,72.9478693
7288662230,19.1556702,72.9491832
7288676450,19.1487167,72.9483769
7298841985,19.0751674,72.8240546
7298842002,19.0752082,72.8247456
7298842020,19.070616,72.8224336
7298860363,19.0559337,72.9218743
7298860365,19.0558624,72.9218263
7298879766,19.1812566,72.96765
7299051582,19.1561544,72.8880415
7299062696,19.1560739,72.8880183
7299062709,19.1561879,72.887914
7304660266,19.1498383,72.9860296
7304660267,19.1497039,72.9860056
7305466573,19.2543932,72.9906738
7305880333,19.2927066,72.8722694
7305880340,19.2959876,72.8752137
7305880350,19.2870614,72.8672016
7305880352,19.28721,72.8673159
7305880356,19.2902622,72.8701583
7308710008,19.2911356,72.8115273
7308710011,19.29115,72.8104262
7309530516,19.1468263,72.8237965
7309530535,19.1401053,72.8261619
7311309979,19.0282447,72.9250663
7311314087,19.0291521,72.9251403
7311314091,19.0290804,72.9249002
7311314097,19.0292382,72.9251079
7315351969,19.1723589,72.8820961
7320265241,19.0542202,72.8243855
7320265243,19.0506365,72.8215609
7321670646,19.0632308,72.9970935
7321670649,19.0631421,72.9970814
7324602775,19.2860621,72.9029027
7324784805,19.2834912,72.9056641
7325017690,19.2329352,72.8258926
7325017691,19.2327172,72.8272213
7325017692,19.2326392,72.8272069
7325017694,19.2317535,72.8330838
7325017703,19.2323883,72.8292257
7325017704,19.2301986,72.8409235
7331358909,19.2300309,72.840924
7331358914,19.2300738,72.8410561
7331358915,19.2301574,72.8410553
7331358917,19.230044,72.8409028
7331358918,19.2300325,72.8410139
7331358921,19.2301807,72.8410374
7331358923,19.2301512,72.8408762
7331358926,19.2301013,72.8410651
7331361857,19.2442932,72.996616
7331361867,19.2443607,72.9965559
7331361893,19.2436675,72.9957891
7331361896,19.2431161,72.9946231
7331361901,19.2410821,72.9926469
7331361914,19.2431791,72.994595
7331438999,19.2331342,72.840714
7331439002,19.2567552,72.8509738
7331439008,19.2414691,72.8443513
7331439021,19.2548004,72.8486817
7331439037,19.2504954,72.8460635
7331439047,19.2451322,72.8455037
7331439052,19.24145,72.8445577
7331439079,19.2580936,72.8535289
7331456303,19.2560961,72.8685521
7331456305,19.2559916,72.868435
7331456316,19.2575355,72.8644153
7331456320,19.2556617,72.8685581
7334101312,19.0565031,72.9312332
7334220522,18.9556607,72.8000582
7334296263,19.2336469,72.9878938
7340067044,19.1041007,72.8298816
7340159712,19.215667,72.8209969
7340258725,19.2365216,72.9701552
7340258732,19.236611,72.9701551
7340258735,19.236888,72.9698494
7345105024,19.2153744,72.8285704
7345105030,19.2153612,72.8337678
7345105043,19.2088514,72.820678
7345211329,19.2069991,72.834076
7345211334,19.2073294,72.8347923
7345211349,19.2088866,72.8222938
7345211352,19.2151256,72.838233
7345377635,19.2118268,72.8316558
7345377643,19.2152826,72.82847
7345377647,19.2102858,72.8283544
7345377652,19.215376,72.8284711
7345377653,19.2103457,72.8283643
7345377655,19.2101708,72.8304507
7345377657,19.2053975,72.8284404
7345377659,19.1995755,72.8279749
7345377667,19.2102911,72.828286
7345377669,19.2102521,72.8305116
7345377675,19.2076954,72.8292376
7345380794,19.2037183,72.8282387
7345380801,19.1962755,72.8275524
7345380802,19.2075516,72.8293019
7345415529,19.2324031,72.8291352
7345415530,19.2323261,72.8291211
7345415532,19.2304152,72.8287643
7345415536,19.2263958,72.8280734
7345415553,19.2194147,72.8286744
7345515748,19.1180098,72.9158482
7345515753,19.1181149,72.9159401
7345603892,19.1155852,72.9123271
7345603896,19.1156168,72.9123823
7345603904,19.1154822,72.9123841
7345603906,19.1155114,72.9123298
7345826551,19.2987217,72.8411399
7345826552,19.2987294,72.8409648
7350602914,18.9310832,72.8313585
7350614505,18.947551,72.8337015
7353554810,18.9279282,72.8320216
7353554811,18.9278269,72.8319383
7353775774,19.1343245,72.8257769
7353844854,19.2864651,72.8825793
7353935256,19.1843569,72.8284313
7353935260,19.1842001,72.834653
7353935261,19.1841014,72.8346576
7353935262,19.1841761,72.8332119
7353935263,19.1840862,72.8332132
7353935270,19.1841625,72.8338893
7353935271,19.184273,72.8357432
7353935272,19.1843023,72.8283669
7357554326,19.2579189,72.9775335
7357632676,19.2687543,72.8757902
7357634686,19.2705338,72.8761742
7357634696,19.2749583,72.877017
7357634700,19.278302,72.879211
7357634701,19.2784418,72.8793343
7357634710,19.2669808,72.8768351
7357634711,19.2670475,72.876739
7357652039,19.1299559,72.8229668
7357688946,19.2649401,72.9749142
7357688950,19.2649961,72.9747701
7357688952,19.2650955,72.9748031
7357688956,19.265075,72.9749485
7357688961,19.26507,72.9710492
7357688997,19.2652912,72.9710571
7357689011,19.2651708,72.9711142
7357689013,19.2650516,72.9709642
7357689018,19.2599832,72.9848758
7357700173,19.0341023,72.8788902
7357726523,19.2239956,72.8418019
7358192348,19.2541868,72.9828968
7358292787,19.2460601,72.9821927
7358292791,19.2475238,72.9801325
7358292807,19.248442,72.9783078
7358292808,19.2485087,72.9782238
7358348615,19.2387606,72.8484044
7358348616,19.2386728,72.8483508
7358348617,19.2386416,72.8486064
7358348618,19.2385736,72.8485079
7358357973,19.0380667,72.8908274
7358357980,19.038483,72.8908441
7358363785,19.0382908,72.8908468
7358363790,19.0382905,72.8906899
7358363794,19.0384349,72.8908894
7358417238,19.1246793,72.8798453
7358502414,19.2309006,72.8525822
7358502434,19.2304466,72.8476132
7358502445,19.2302583,72.8441951
7358502447,19.2301028,72.8416702
7358567225,19.1773503,72.8563614
7358597865,19.1191421,72.8853527
7358719649,19.2467802,72.9759924
7358719650,19.2466763,72.9760081
7358719684,19.2540794,72.982802
7358734433,19.2647457,72.979669
7358788703,19.1265331,72.821915
7358788704,19.1265356,72.8220315
7361391770,19.0400887,72.9135641
7361391771,19.0393344,72.9120517
7361391772,19.0402505,72.9137642
7361584928,19.2290962,72.8443815
7361696430,19.1445648,72.9952047
7361696431,19.1445356,72.99509
7361772690,19.144444,72.9376681
7361772692,19.1443338,72.9376071
7361947945,19.2332351,72.840702
7361947948,19.2302644,72.8443507
7361947954,19.232816,72.8440271
7361947959,19.2303677,72.8443453
7361947961,19.2323848,72.8441084
7361947983,19.2352602,72.8513318
7361947984,19.2353178,72.8536005
7362076297,19.0460777,72.8998703
7362076314,19.0459635,72.897719
7362494687,19.1088124,72.9244101
7362994444,19.1296985,72.8779227
7365871208,19.061499,72.8536231
7365882733,19.0598952,72.8680323
7365882734,19.0598049,72.8679602
7366008439,19.2312458,72.9801398
7366008441,19.2307903,72.9768726
7366008442,19.2307863,72.9767317
7366031168,18.9990653,72.8173029
7366043800,19.0720434,72.8702595
7366043901,19.0014323,72.8157594
7366043902,19.0013281,72.8157938
7366127468,19.2297889,72.8563345
7366127469,19.2299134,72.8535213
7366127478,19.2306373,72.8566844
7366128614,19.2415407,72.8544011
7366128616,19.2415246,72.854495
7366152051,19.2005639,72.8738021
7366182503,19.2397238,72.9811703
7366182519,19.2458201,72.9822491
7366182522,19.2457823,72.9824496
7366246698,19.0743562,72.8606101
7366248532,19.2319333,72.9702021
7366248537,19.2318717,72.9700058
7366248542,19.2322522,72.9702054
7366248543,19.2323188,72.9703663
7366248550,19.2320494,72.9695778
7366287326,19.2258481,72.9798307
7366287329,19.2335774,72.9879842
7366287334,19.2301845,72.9853544
7366287339,19.2274127,72.980964
7366287345,19.2259344,72.9799074
7366340611,19.2323062,72.9699992
7366340614,19.2322607,72.9698387
7366340616,19.2323086,72.9698652
7366340622,19.2321873,72.9700012
7366340626,19.2321577,72.9699227
7366340627,19.2321725,72.9698785
7366340631,19.232323,72.9699763
7366380222,19.2252296,72.9814168
7366380223,19.2251605,72.9813327
7366380226,19.2188635,72.9840267
7366380238,19.2260194,72.9799495
7366380239,19.2260682,72.9798438
7370574854,18.9683503,72.8329819
7370574857,18.9684178,72.8327736
7370620008,19.1161003,72.8373432
7370723839,19.1818625,72.957603
7371027858,19.1659964,72.9648712
7371029953,19.1141387,72.8365839
7371029962,19.1159472,72.8373536
7371054100,19.0421885,72.933466
7371054102,19.0415899,72.9361727
7371054103,19.0416702,72.9361856
7371054121,19.0379463,72.9248591
7371054122,19.0382424,72.92492
7371054124,19.03827,72.9247024
7371054128,19.0339393,72.9243786
7371054129,19.0339315,72.9246742
7371054130,19.0340679,72.9246819
7371054131,19.0340834,72.9243879
7371058897,19.1628485,72.9549775
7371092120,19.0250959,72.8404096
7371092122,19.0279598,72.8413314
7371419747,19.1463622,72.8454347
7371481513,19.0188309,72.8359206
7371481514,19.018829,72.8360462
7371481515,19.0190421,72.8364813
7371570195,19.0134068,72.8338006
7371795866,19.0227208,72.8490309
7371795867,19.0227341,72.8494163
7371795868,19.0232688,72.8495287
7371795869,19.0231912,72.8498021
7371795870,19.0234043,72.8496367
7371795872,19.0226332,72.8497808
7371795880,19.022871,72.8492062
7371796085,19.0254414,72.8502158
7371796096,19.0270457,72.854823
7371920936,19.0359227,72.8579913
7371920939,19.0358511,72.8579339
7371953277,19.1152917,72.8505144
7371959393,19.1114711,72.832543
7371959394,19.1140767,72.8364829
7371959395,19.1141439,72.8364303
7372036698,19.0481967,72.8562022
7372036720,19.0482771,72.8562186
7372036724,19.0377142,72.8619601
7372175019,19.0420702,72.8643402
7372175037,19.05429,72.8684016
7372175038,19.0543562,72.8683159
7372175044,19.0539647,72.8681282
7372175045,19.0540199,72.8680568
7372455153,19.03417,72.8634077
7374011299,19.2954649,72.8547765
7374011329,19.2900665,72.8640183
7374085968,19.2866615,72.8557026
7374085969,19.2866583,72.8555861
7374085978,19.2951767,72.8548057
7374290525,19.2849089,72.8573969
7374290526,19.2814744,72.8582815
7374290529,19.282229,72.8581898
7374290543,19.2850173,72.8574622
7374290549,19.2849263,72.8574598
7374320615,19.0169058,72.8588252
7374320616,19.0169654,72.8587567
7374320622,19.0199787,72.8542044
7374413675,19.1739502,72.840822
7374437593,19.2815603,72.8583457
7374437594,19.2815531,72.8582697
7374437609,19.2713048,72.867377
7374437621,19.2735733,72.8629564
7374437629,19.2759435,72.8596263
7374437642,19.2699648,72.8689945
7374437664,19.2834233,72.8634913
7374437666,19.2833782,72.8634961
7374437670,19.2833964,72.863386
7374437672,19.2858046,72.8692028
7374437674,19.2856592,72.8690838
7374443585,19.2839453,72.865649
7374443590,19.2833698,72.8633926
7374443602,19.2820494,72.8612987
7374443604,19.2834466,72.863439
7374443605,19.2834785,72.8640376
7374443607,19.2838988,72.8656749
7374443626,19.2870003,72.8602442
7374459516,19.0132926,72.8549632
7374459527,19.0131868,72.8551842
7374507888,19.0048265,72.8541276
7374507889,19.0005817,72.8538537
7374507903,19.0112603,72.8545247
7374507906,19.0005832,72.8537219
7374507910,19.0048338,72.8538765
7374507918,19.0113046,72.854301
7374507921,19.0168259,72.8589689
7374507922,19.016711,72.8588599
7374550820,19.1911225,72.846945
7374550837,19.1954811,72.8379105
7374800282,19.0294594,72.8632453
7374802786,19.029516,72.8666811
7375293990,19.2207596,72.960977
7375339573,19.2144734,72.9585225
7375884906,19.0184511,72.863688
7375884907,19.0184091,72.8636587
7375911811,19.0088146,72.8613803
7375911818,19.0087424,72.8612386
7377462936,19.1915913,72.8586657
7377462937,19.1917366,72.858364
7377619412,19.2749653,72.8701437
7377619413,19.2750056,72.8700532
7377619417,19.2712483,72.867444
7377619418,19.271305,72.867503
7377619426,19.276578,72.8704057
7377619427,19.2766146,72.8703839
7377619430,19.2766644,72.8704773
7377619433,19.2765756,72.8704739
7377619436,19.2766689,72.8704131
7377660275,19.2212302,72.852942
7377660276,19.221219,72.8530217
7377660280,19.2139903,72.8511618
7377660282,19.2306538,72.8566001
7377660284,19.2298013,72.8562726
7377674085,19.2297299,72.8562463
7377674097,19.2232002,72.8537435
7377674103,19.2206411,72.8527054
7377674116,19.230755,72.8566471
7377674117,19.2138473,72.851099
7377674132,19.2150747,72.8383817
7377674133,19.2143396,72.8396908
7377674137,19.2128982,72.8424762
7377674138,19.2128928,72.8425839
7377674147,19.2139202,72.8510409
7377729180,19.0196266,72.8562352
7377993815,19.2811353,72.872335
7377993816,19.2810776,72.8723723
7378436342,19.20411,72.8496922
7378436343,19.2040706,72.849599
7378436344,19.2041344,72.8496106
7378436346,19.2055325,72.8419081
7378436348,19.2056607,72.8418181
7378436363,19.206695,72.8380774
7378436375,19.2049695,72.8413515
7378448192,19.2073677,72.8349698
7378448222,19.2065009,72.850111
7378448223,19.2054311,72.8498398
7378915192,19.2183007,72.8448065
7379061338,19.1824947,72.8500156
7379493802,18.9808953,72.8431924
7379493811,18.9758961,72.8443253
7379493814,18.9720834,72.8452221
7379493821,18.9697663,72.8454745
7379493826,18.9675773,72.8449084
7379512624,19.0897596,72.8346993
7379522520,19.1964214,72.9989281
7379522548,19.2021616,72.9990956
7379522549,19.2022526,72.9990522
7379522562,19.2004463,72.9977533
7379602410,19.0798187,72.9172177
7379602411,19.0797287,72.9173416
7379630117,19.2000006,72.9979671
7379630125,19.1991427,72.9960434
7383810756,18.9568744,72.8156754
7383810757,18.9570973,72.8155399
7383810759,18.9562354,72.814008
7383907141,19.0737756,72.8855989
7383907163,19.0565477,72.8839
7383907165,19.0562191,72.8835112
7384002972,18.9583507,72.8259069
7384002973,18.9580897,72.8264223
7384002979,18.9580406,72.8285453
7384002984,18.9578045,72.8190111
7384062488,18.9581285,72.8320653
7384062489,18.9580988,72.831851
7384062496,18.9570189,72.8165394
7384417484,18.9556383,72.8125574
7384691411,18.9592201,72.8099317
7384691416,18.9618435,72.8131754
7384981353,19.0906129,72.8436316
7385909174,19.1493161,72.843237
7385909175,19.1493225,72.8431542
7385934392,19.1489353,72.8363114
7385934393,19.1489245,72.8362212
7388110222,19.1956033,72.8338328
7388110229,19.1956143,72.8336207
7388110232,19.1961994,72.8275527
7388110233,19.1959948,72.8229624
7388110234,19.1961032,72.8229605
7388110243,19.1962132,72.8274233
7388123457,19.1924457,72.8425104
7388123459,19.1936946,72.8397189
7388408789,19.112796,72.8829744
7388408793,19.112667,72.8829607
7388408794,19.1126688,72.8828424
7388408795,19.1128247,72.8829193
7389083468,19.0096484,72.8416336
7389365086,19.2315345,72.8675414
7392412407,19.1985872,72.8482671
7392412412,19.2006809,72.8488997
7392412417,19.1982544,72.8481752
7392412418,19.1978862,72.8481059
7394064166,19.0162575,72.8185932
7394074688,19.012167,72.8219648
7394074690,19.0120608,72.8220298
7394086382,19.0323158,72.8386853
7394094897,19.0254134,72.8358579
7394094903,19.0226594,72.834419
7394094907,19.0198213,72.8322861
7394094911,19.0337036,72.8387523
7394181646,19.1635003,72.8458842
7394181653,19.1632864,72.8436588
7394181656,19.1632058,72.8417215
7394181663,19.163029,72.8393595
7394181670,19.1633968,72.8348737
7394181671,19.1635274,72.8459714
7394181672,19.163397,72.8347605
7396708276,19.2334342,72.8535549
7396708277,19.2335164,72.8536328
7396757085,19.2334169,72.8535801
7396757087,19.2334794,72.8535485
7396757090,19.2335181,72.853586
7396757092,19.2335019,72.8536516
7396975453,19.1006743,72.863735
7397055936,19.0343862,72.8513598
7397055939,19.0309241,72.8487499
7397055940,19.0311926,72.8489564
7397055946,19.034315,72.8513778
7397055962,19.0358698,72.8529489
7397055978,19.0309917,72.8487145
7397128958,19.2005052,72.8735694
7397142005,19.2004798,72.8737877
7397333159,19.1990122,72.8571506
7397333164,19.2019894,72.8563579
7397333179,19.2012744,72.8611753
7397336298,19.1989127,72.8570697
7397336333,19.1981921,72.8483354
7397336334,19.1982043,72.8481667
7397336335,19.1982058,72.8480792
7397865784,19.219439,72.9778498
7398009409,19.1176134,72.8734256
7398009425,19.1075723,72.8642231
7398009429,19.1074486,72.8641685
7398009430,19.1075455,72.8640799
7398089775,19.1239045,72.8239183
7398093905,19.2054259,72.9673203
7398093906,19.2053672,72.967269
7398098987,19.1238477,72.8238447
7398098990,19.1326997,72.8257628
7398169355,19.1898826,72.8468229
7398169359,19.1888467,72.8466136
7398169361,19.1887017,72.8466068
7398222686,19.1759699,72.8456019
7398222690,19.1913012,72.8469532
7398222695,19.1908206,72.8469747
7398222703,19.1914118,72.8470089
7398222708,19.1912928,72.847003
7401188984,19.0935321,72.8853949
7401192400,19.0940003,72.8832985
7404711447,19.0778083,72.8624528
7416417262,19.0937712,72.8872272
7416417264,19.0943825,72.8874712
7416417273,19.1029386,72.8886372
7416469191,19.103121,72.8887724
7416574444,19.1202821,72.8801248
7416574460,19.1247083,72.8799071
7416574461,19.1202928,72.8801818
7416594673,19.0458181,72.8482818
7416644609,19.0459051,72.8482729
7416644622,19.0469409,72.8518616
7416644624,19.0468637,72.8517364
7416644625,19.04662,72.8512849
7425930309,18.9760977,72.8422755
7459252380,19.0447476,72.8392369
7459352414,19.0307137,72.8456705
7459352417,19.0306814,72.8455669
7459352419,19.0308652,72.8455798
7459352420,19.0306826,72.8456152
7459352423,19.0308574,72.8456287
7459352439,19.0370115,72.8401186
7461994655,18.9210155,72.8266183
7461994656,18.9209296,72.8266284
7461994658,18.9209445,72.8263592
7462923338,18.9320961,72.8282605
7462923344,18.9283507,72.8296969
7463765661,19.0293387,72.9254193
7463765662,19.0296413,72.9250525
7466006862,18.9571148,72.7997953
7501169160,18.9989716,72.8615139
7655321774,19.0688478,72.9969476
7655321775,19.0691466,72.9973081
7655321779,19.0684493,72.9977002
7655342086,19.0685124,72.996923
7655342087,19.0687834,72.9977316
7655342091,19.0690826,72.9974133
7684836950,18.9981353,72.8527774
7684969501,19.0593574,72.9238202
7687784341,19.1979534,72.9879556
7728028038,19.067383,72.9845277
7735948667,18.9985391,72.8503603
7736314481,19.1884417,72.9638096
7736314482,19.1882567,72.9634995
7736314483,19.1884561,72.9634396
7736314484,19.1886044,72.9637622
7736314995,19.1936742,72.96268
7736315005,19.1994922,72.9639708
7736315008,19.1995298,72.9637972
7736315009,19.1994588,72.9637389
7736315010,19.1996495,72.9635203
7736315011,19.1995767,72.9634659
7736315016,19.204493,72.9689938
7736315018,19.2045296,72.9686122
7736315026,19.2116442,72.976543
7749797394,19.0659853,72.860022
7749797422,19.0518912,72.8428196
7749797456,19.0587409,72.8644484
7803568898,19.07176,72.9989014
7803568902,19.0719325,72.9975409
7803568922,19.0719816,72.9976548
7803568924,19.0718651,72.9976451
7803568927,19.071877,72.9989062
7803568928,19.0717405,72.9991349
7803568929,19.0718565,72.9991519
7944344486,19.1293525,72.8256708
8214053619,19.1591252,72.8413166
8318460417,19.0423451,72.9249157
8318460418,19.0423321,72.9251884
8323355831,19.0724942,72.8218121
8336655686,19.2366659,72.9697178
8336655693,19.2365432,72.9696922
8336655696,19.2366572,72.969791
8336655701,19.2364021,72.9699269
8336655702,19.236283,72.969803
8336655704,19.234667,72.9696757
8336655705,19.234667,72.9698095
8360469288,18.9637307,72.8452803
8441348211,19.2361364,72.9757572
8443491302,19.0522601,72.8447163
8443498429,19.0590308,72.8626426
8443498434,19.0588866,72.8628462
8443498438,19.0592719,72.8645153
8443498442,19.058747,72.8645519
8443498445,19.0589598,72.8648575
8443498448,19.0589837,72.8642582
8443532427,19.0719937,72.8497103
8448787215,19.2439186,72.9758179
8450022934,19.2365348,72.9699949
8450022981,19.2224237,72.9663736
8460008417,19.2291138,72.9659896
8485170335,19.238151,72.9697567
8493462503,19.2163674,72.9779496
8493462508,19.2180303,72.9780283
8507768263,19.0709143,72.907136
8507768265,19.0710035,72.9072976
8512886669,19.263961,72.9678752
8512889150,19.2639142,72.9677355
8531002108,19.2290045,72.9659517
8531005259,19.2208669,72.9609071
8564342791,19.222841,72.9613364
8564342792,19.2228944,72.9612117
8564342795,19.2219928,72.9608829
8564342796,19.2220509,72.9607579
8592007389,19.2710414,72.9675297
8592017227,19.2633903,72.9710759
8592017232,19.258707,72.9728136
8592017259,19.2548194,72.9821669
8592800197,19.2532027,72.9721021
8592800200,19.2573499,72.9740175
8592800203,19.2589823,72.9760115
8592800213,19.2641706,72.978125
8592846824,19.2656307,72.9813436
8628297887,19.2503753,72.9858101
8628297900,19.2544456,72.9908059
8628324124,19.2460525,72.9825828
8628324125,19.245931,72.9821776
8628324126,19.2461729,72.9824242
8628324165,19.2489198,72.984312
8628324166,19.2488298,72.9842518
8637519667,19.2150588,72.9878487
8637519674,19.2151177,72.9923051
8695912820,19.2584083,72.8552013
8703487829,19.0751604,72.905445
8703487830,19.0749367,72.9052545
8703487842,19.0750727,72.9054509
8779392329,19.2472199,72.983228
8779392330,19.247285,72.9830689
8780753156,19.2020844,72.9870198
8780753168,19.2052743,72.9909096
8780753171,19.2151957,72.9923784
8780753176,19.2133956,72.9941371
8780753183,19.209653,72.9944909
8780799418,19.2133493,72.9940471
8788708024,19.221045,72.9778531
8796504397,19.2533405,72.972318
8796504400,19.2573788,72.974011
8796504401,19.2574741,72.9740809
8796504406,19.2614007,72.9769318
8844296109,19.0363292,72.9202511
8844296113,19.0365331,72.9200761
8867307187,19.0174305,72.8483932
8878074693,19.1194352,72.9162919
8878074695,19.1193159,72.9163631
8878074696,19.1193196,72.9164407
8878171598,19.1105546,72.9016444
8882200680,19.0521997,72.8442638
8909137831,19.0559603,72.8860948
8909137832,19.055711,72.8863152
8909137845,19.0534944,72.8819876
8928692503,19.0553345,72.8503939
8928692504,19.0554159,72.8503593
8928728233,19.2045905,72.9997019
8973745204,19.0562008,72.9311833
8973761596,19.0626758,72.9142344
8973771545,19.0517447,72.9366325
8976481323,19.0796065,72.9169426
9023192699,19.1995772,72.8278434
9023192700,19.1995078,72.8278393
9080858009,19.1431354,72.8199851
9115710877,19.2286022,72.8558426
9115710879,19.2286531,72.8558611
9115783835,19.2128209,72.8365709
9115783837,19.2129718,72.8364855
9115783842,19.2195169,72.8408025
9115783843,19.2196271,72.8406532
9117998473,19.1293345,72.8257527
9117998474,19.1292388,72.8257466
9117998475,19.1292546,72.8256654
9118087826,19.1300316,72.8221835
9118087857,19.12986,72.8229424
9121870533,19.1300543,72.8220657
9130240870,19.2957694,72.8582819
9130240883,19.2824219,72.8738936
9130240888,19.2800389,72.8771635
9130240890,19.2768177,72.8814406
9130240897,19.2737379,72.882319
9130240898,19.2732899,72.8825235
9130240899,19.2731027,72.8825872
9130240904,19.2720702,72.8828544
9130240906,19.2956252,72.8585134
9130240907,19.2955065,72.8585135
9130240908,19.2953812,72.8583864
9130240910,19.295527,72.8580987
9130272922,19.2956862,72.8581337
9130272923,19.2956104,72.8580985
9130272936,19.2991515,72.8618564
9130272941,19.3015925,72.8638762
9130272953,19.2996528,72.8674285
9132477581,19.2789092,72.9226769
9137843242,19.116061,72.833759
9137843243,19.1159322,72.8350075
9137843244,19.1157665,72.834238
9169171618,18.9638292,72.8183559
9171437948,19.0913504,72.8849169
9198613307,19.0366266,72.8703795
9201422013,19.1263369,72.8397117
9201441623,19.1244565,72.8418625
9201441624,19.1242231,72.8420091
9201441656,19.1220348,72.8462267
9201447745,18.9618816,72.8175439
9203147550,19.2224724,72.9698311
9203147551,19.2224571,72.9699787
9203147552,19.2225742,72.9700603
9203147553,19.2226468,72.9700406
9203147554,19.2227042,72.9699683
9203147555,19.2226959,72.9698489
9212473110,19.2360727,72.975585
9212473115,19.2358862,72.9757822
9267777726,19.0618466,72.918052
9311818784,19.0461106,72.9007824
9311818795,19.0560154,72.9004615
9311818800,19.0596792,72.9004558
9311818811,19.0539341,72.9003416
9311818812,19.0539332,72.9005776
9313040201,18.9256343,72.8258468
9313040213,18.9255428,72.8253213
9313040215,18.9259105,72.8231283
9313040216,18.9258342,72.8230785
9313067502,18.9250809,72.8222635
9313067503,18.9259012,72.8229732
9313067504,18.9249904,72.822186
9313067505,18.9270294,72.8197245
9313067506,18.9269534,72.8198235
9326413671,19.1763295,72.9603951
9348015285,19.1996424,72.9633008
9348015286,19.1997208,72.9633553
9348015288,19.1993879,72.963903
9350085605,19.0646964,72.9970618
9350085606,19.064725,72.997133
9350865539,19.2248447,72.9817982
9350865540,19.224799,72.981717
9352141082,19.1998775,72.9856723
9352141084,19.199927,72.9857973
9379261058,19.2397342,72.9813714
9379261060,19.2398679,72.981194
9379261061,19.2398159,72.9811586
9379801860,19.0631176,72.8415866
9379801861,19.0628556,72.8416646
9379801884,19.0553359,72.8440088
9447798820,19.257725,72.9778739
9447798917,19.2651178,72.9708577
9447929175,19.1963861,72.9988847
9449324904,19.1981026,72.9962079
9449324908,19.198883,72.9958785
9449324909,19.1989867,72.996103
9469495781,19.0660741,72.8664911
9469495782,19.0661162,72.8664307
9579825706,19.2044002,72.9689
9587618666,19.1950174,72.9470437
9653113125,19.0357571,72.9253883
9653113126,19.0354816,72.9253757
9665373519,19.2283389,72.9732966
9665373520,19.2283586,72.9733935
9674225639,19.0869549,72.834637
9674225640,19.0869454,72.834552
9679154866,19.0551554,72.911285
9679154869,19.0519386,72.9107743
9679154877,19.0463509,72.9095462
9679154878,19.0459065,72.9097963
9681688973,19.0552115,72.8308263
9681688974,19.052172,72.8240856
9681688994,19.0550193,72.8363276
9681688999,19.0548476,72.8283615
9681689000,19.0547747,72.8283741
9684318527,19.1775572,72.836845
9684318528,19.1775667,72.837024
9684614893,19.2172119,72.9780955
9684614894,19.2172249,72.9782475
9684698236,19.0053938,72.8395414
9684698238,19.0052574,72.8397423
9691859215,19.0712402,72.862694
9694187773,19.1249577,72.8646765
9694187775,19.1249941,72.8648997
9694187776,19.1224827,72.8640902
9697895007,19.2143682,72.8686742
9697895008,19.2144753,72.8686351
9697896119,19.2142363,72.8676748
9697896120,19.2143532,72.8680163
9697896121,19.2147359,72.8718025
9697896122,19.2146205,72.8721065
9697896124,19.2140978,72.8671731
9697896125,19.2139402,72.8665892
9697896126,19.2137851,72.8666456
9697896127,19.2134286,72.865068
9697896128,19.2135177,72.8650233
9697896131,19.2132073,72.8623691
9697896132,19.2130975,72.8623633
9697896134,19.2130273,72.86019
9708696938,19.2100843,72.8400039
9708696939,19.2100046,72.8399273
9708696942,19.2117552,72.837797
9713144360,19.2350394,72.8439947
9713144363,19.235058,72.8459527
9713504789,18.944545,72.8248201
9713504790,18.9447182,72.8247488
9717246523,19.2060067,72.8666678
9717246525,19.2103783,72.869203
9719535812,19.1124169,72.8887935
9719535814,19.1125659,72.8885269
9719600346,19.1121227,72.8885411
9719600347,19.1121054,72.8884479
9726750973,19.1862215,72.9639607
9726750974,19.186354,72.9641314
9739950371,19.0540568,72.8379336
9739950372,19.0540433,72.8378055
9739950373,19.0541574,72.8379152
9740934234,19.0844353,72.8346131
9751375355,19.0692587,72.9893549
9764141725,19.0738437,72.8466147
9764141726,19.0738539,72.8464528
9771116368,19.1083313,72.8368957
9771116369,19.108322,72.8370283
9771116370,19.1079747,72.8403059
9771116371,19.1079727,72.8403961
9778641844,19.0675242,72.984374
9784935413,19.1223706,72.856518
9784935414,19.1224578,72.8560836
9800986543,19.286653,72.8868597
9800986546,19.2796834,72.8891702
9800986552,19.2773963,72.8899536
9805620649,19.1540642,72.9878493
9828583078,19.1543348,72.9569335
9828583079,19.154506,72.9574076
9855725446,19.2500926,72.8480333
9855725447,19.2500683,72.848203
9857764833,19.0609082,72.8932787
9860341831,19.0607079,72.913922
9860341832,19.0607811,72.9139213
9860341836,19.0617189,72.9135382
9860341840,19.0634782,72.9121744
9860341841,19.0637598,72.9119193
9860341846,19.0640208,72.9118334
9860683103,19.0113906,72.869993
9861074902,19.1849304,72.8500812
9861074903,19.185343,72.8501273
9861077433,19.1849272,72.8501749
9861077517,19.180293,72.8580988
9861077518,19.1809729,72.8580989
9866047004,19.0379509,72.8538261
9866047005,19.0380177,72.8538625
9867473974,19.0666178,72.9987791
9867473981,19.0662371,72.9985713
9868433322,18.9633421,72.8441311
9868433324,18.963663,72.8450912
9869792498,19.2548716,72.8579853
9869792513,19.233864,72.8572166
9871495788,19.2312576,72.8568297
9871781416,19.285299,72.8999029
9880815282,19.1707587,72.8746789
9884695315,19.1187747,72.9114598
9884695316,19.1192899,72.9085986
9884748090,19.1270279,72.8373088
9884748097,19.1316758,72.8375486
9884748109,19.1316198,72.8376426
9884748110,19.1316307,72.8375499
9884840342,19.1530752,72.8301012
9884931949,19.1511959,72.8359895
9884931950,19.1512251,72.8358331
9887031963,19.1432807,72.8201266
9891097276,19.070188,72.9904384
9891097277,19.0702259,72.9906086
9891102528,19.0686939,72.9893921
9891102542,19.0683392,72.9898608
9896839471,19.2333969,72.8441528
9901775155,19.1220063,72.8707398
9901775159,19.1210644,72.8705238
9901775210,19.132745,72.8812583
9902397681,19.1827334,72.9799641
9902397686,19.1826904,72.9796952
9902397687,19.1826131,72.9796708
9902397689,19.1843989,72.9770359
9902397694,19.1826639,72.97991
9902397700,19.1827535,72.9800736
9902397705,19.1825332,72.9799431
9902397716,19.1961853,72.9874463
9902469429,19.1959896,72.9871989
9903536150,19.0297509,72.8577966
9903871430,19.1295254,72.8805512
9903871431,19.1294122,72.8805427
9903929402,19.2197678,72.8378985
9904682624,19.2206541,72.960458
9904682627,19.2210632,72.9603794
9909376357,19.2244092,72.827678
9909376358,19.2243775,72.8277563
9909512441,19.0322464,72.8389809
9909512445,19.0320653,72.838715
9910448046,19.1661143,72.9438818
9911626375,19.2028269,72.852169
9911678744,18.9357948,72.8307974
9911678745,18.9356989,72.8310062
9916313764,19.0826692,72.8466762
9916313765,19.0826067,72.8462915
9916444554,19.0550739,72.8300536
9925314950,19.2184652,72.9698153
9925314962,19.2184,72.9699509
9925314965,19.2184018,72.9697883
9925314969,19.2183311,72.969919
9925314979,19.1971052,72.9803416
9925314985,19.1971866,72.9798397
9925314991,19.197079,72.9800348
9925314992,19.1971278,72.9800655
9925314993,19.1971499,72.9800733
9925314998,19.1972668,72.9799054
9925314999,19.1972669,72.9800084
9925315000,19.19724,72.9800465
9925315011,19.1970567,72.9785178
9925315038,19.2145735,72.9775577
9925315040,19.2161816,72.9779028
9929331421,19.1850919,72.9648741
9929331422,19.1851499,72.9650687
9931191124,19.0610374,72.8463771
9931893591,19.0785715,72.9102258
9936124555,19.195114,72.9830977
9936198617,18.9992069,72.8613952
9936198618,18.9964885,72.8540286
9936198632,18.9987098,72.8599709
9936198659,18.9960109,72.8542983
9936198672,18.9979287,72.8590992
9942486328,19.0462538,72.9093458
9952087233,19.0109996,72.8203072
9952087235,19.0106385,72.8204363
9955110357,19.2625073,72.9848459
9955110405,19.2531402,72.9841209
9955110406,19.2532279,72.9842005
9955110407,19.2545666,72.9819325
9955110409,19.2544783,72.9822417
9955110410,19.2545709,72.9823141
9955110411,19.2547204,72.9823025
9955110412,19.2548114,72.9820501
9955110413,19.2547046,72.9819348
9955122519,19.2544476,72.9820724
9956773846,19.2609503,72.9788605
9956773849,19.2611878,72.9788592
9958608572,19.2902295,72.8815427
9969180380,19.11834,72.8287248
9969180381,19.1183769,72.8287908
9972058097,19.1909306,72.8582121
9973027426,19.2479654,72.977763
9979171945,19.0684611,72.8310918
9979171948,19.0677884,72.8334903
9979171956,19.0677338,72.8373712
9979171957,19.0677829,72.8335927
9979171964,19.0676502,72.8372115
9979171965,19.06765,72.8373713
9985506399,19.0906987,72.8420162
9985506406,19.0899621,72.8396355
9985506415,19.0896476,72.8383289
9985506416,19.0896489,72.8382309
9985517318,19.089905,72.8396614
9991999290,19.106341,72.8270135
9991999291,19.107148,72.8269132
9991999301,19.1121321,72.8290622
9991999303,19.1063443,72.8269445
10001764598,19.08103,72.8379495
10005632789,19.1155695,72.8503878
10017305035,19.1632064,72.9568313
10017305036,19.1631654,72.9569001
10017305037,19.1630168,72.9567301
10017305038,19.1629917,72.956792
10017787219,18.9505761,72.8202181
10023271198,19.1659004,72.9648042
10023271199,19.1660875,72.9645017
10023271200,19.16643,72.9639708
10023271204,19.168141,72.9610166
10023271205,19.1681862,72.9609417
10026289247,19.1071011,72.8592061
10026289257,19.1052712,72.8589951
10026289258,19.1052497,72.8589388
10044201331,19.0714938,72.8615566
10054380639,19.1991089,72.9775033
10061003741,19.0619583,72.8979916
10072781495,19.207109,72.9710258
10074701685,19.2411932,72.9813266
10074701686,19.2410921,72.9813505
10079336604,19.2102753,72.8730944
10081148282,19.0803623,72.8467013
10081148287,19.0806522,72.8430479
10082236368,19.0720069,72.8256055
10082236369,19.0706219,72.8223242
10082236370,19.0706599,72.8224042
10089667071,19.0513527,72.8285599
10089667078,19.0508587,72.8298596
10089667079,19.0507893,72.8299055
10091403656,19.0619636,72.8565305
10091403659,19.06052,72.8578863
10093838939,19.1959886,72.8220596
10093838969,19.1820936,72.8188653
10098502200,19.115553,72.9083009
10099005667,19.2585605,72.9700514
10099954517,18.9803444,72.8221393
10099954520,18.9796265,72.8193922
10100669503,19.1144121,72.8979731
10106787077,19.1877931,72.9756556
10107630356,19.1363757,72.829599
10107630357,19.1360055,72.825662
10107630362,19.1363043,72.8296085
10108007321,19.1902542,72.820026
10108007322,19.1902236,72.8201066
10110467909,19.2426647,72.8651559
10110467910,19.2426858,72.8650838
10110799432,19.2171483,72.8480011
10112883700,19.2174157,72.9790827
10116201901,19.0544392,72.9117437
10116201902,19.0546285,72.9114282
10116201906,19.0550439,72.9110166
10116201907,19.0549021,72.9112128
10116201908,19.0548052,72.9111813
10127913586,18.9741762,72.8447269
10127913587,18.9741637,72.8446591
10131724354,19.1971217,72.8724033
10131724355,19.1970134,72.872405
10131724356,19.1969914,72.8724825
10134735413,19.0536956,72.846578
10134735414,19.0539708,72.8469846
10134735415,19.0538032,72.8464953
10134735416,19.053862,72.8466139
10151560371,19.0620934,72.9006787
10156895294,19.2125708,72.867497
10168211183,19.2298042,72.8418614
10168211190,19.2290544,72.8443439
10168211197,19.2284833,72.8478797
10168211200,19.2286431,72.8495867
10168886524,19.2046252,72.9684588
10168886525,19.2047011,72.9685375
10168886526,19.2042668,72.9680885
10168886529,19.204721,72.968196
10171212565,19.1170476,72.8827631
10171212578,19.1175114,72.8837501
10171361140,19.0606863,72.8476868
10171361141,19.0609648,72.8471878
10173255201,19.1236546,72.8513902
10173255202,19.1236532,72.8511613
10173512310,19.2466287,72.9756907
10173512311,19.2465444,72.975704
10174843049,19.1198435,72.8853719
10174843051,19.1204338,72.8853225
10196684383,19.1822553,72.9662137
10196782306,19.199654,72.9864873
10198760881,19.1180881,72.9071771
10198760884,19.1187098,72.908191
10198760885,19.1192659,72.9086658
10199556121,19.1455502,72.9353811
10199556125,19.1454307,72.9354081
10207278292,19.0195774,72.8455226
10207309407,19.0805523,72.8963011
10207309411,19.0790467,72.8927935
10207331617,19.0757504,72.8882324
10207331621,19.0725695,72.8845128
10207331622,19.0737256,72.8856492
10207346702,19.0508334,72.89388
10207346709,19.0537697,72.8896423
10207346710,19.0539557,72.8894926
10207346711,19.0540892,72.8893941
10207346714,19.0554917,72.8884363
10207346716,19.0566977,72.8875752
10207397917,19.056974,72.887368
10207397918,19.0570328,72.8873221
10207397921,19.0582139,72.886437
10207397922,19.058547,72.8861882
10207397924,19.0600126,72.8851781
10207397928,19.0620616,72.8834939
10207397934,19.0608133,72.8845983
10209609633,19.1340461,72.8701
10209641926,18.9968107,72.845367
10209641929,18.9967859,72.8454331
10211936519,19.1734471,72.8591445
10211936520,19.1734122,72.8595412
10216570896,19.0624919,72.8950226
10224997234,19.2285863,72.8559537
10225596845,19.1516526,72.8318835
10225596847,19.1515674,72.8316104
10225596851,19.1517586,72.8318939
10225596852,19.1519266,72.8315624
10225596953,19.1512884,72.8329803
10226925141,18.9652244,72.8455446
10226925142,18.9648845,72.8456681
10229985329,19.0914795,72.9043793
10229985330,19.0912926,72.9043069
10232942652,18.9673826,72.8458202
10232962358,19.2179605,72.9828264
10232962359,19.21806,72.9828004
10243354692,19.0846156,72.9049958
10243354694,19.0845007,72.9051001
10243941079,19.1690988,72.9455331
10243941080,19.1690241,72.9455771
10243941083,19.1687297,72.9458354
10243941088,19.1691081,72.945643
10243941091,19.1687551,72.9453896
10244218140,19.1592353,72.9438664
10244259977,19.0279386,72.8975392
10244259988,19.0348303,72.8957557
10244260001,19.045168,72.8933736
10244260002,19.0455029,72.8933513
10245111440,19.1655486,72.9436365
10245359654,19.1676297,72.9318328
10245973641,19.1488764,72.8328359
10245973643,19.1512166,72.8329502
10247313328,19.1944851,72.9492211
10247313329,19.1917619,72.9492952
10247313330,19.1945857,72.9494549
10247313331,19.1947426,72.9494668
10247313332,19.1948493,72.9493719
10247313333,19.1948697,72.9492232
10247313334,19.1947823,72.9490926
10247313335,19.1946424,72.9490637
10247313344,19.1955693,72.9429993
10247313345,19.1954812,72.9430904
10247313346,19.1953976,72.9430838
10248977459,19.2128189,72.8424225
10248977467,19.2071822,72.8396194
10248977468,19.2099144,72.8400263
10251547847,19.2210051,72.9606406
10251547865,19.2187592,72.9841084
10251547866,19.2186411,72.9842024
10251547869,19.2185821,72.9840912
10251547870,19.2533843,72.9724185
10254904765,19.0680616,72.8749541
10258911097,19.1538861,72.8283211
10260826682,19.1790343,72.9496241
10260826686,19.1783746,72.9509356
10260888814,19.1835538,72.9535655
10260888815,19.1837495,72.9535115
10260888816,19.1838964,72.9534513
10264297672,19.064041,72.8817172
10264297673,19.0639829,72.8816482
10264297687,19.062169,72.8832991
10264297688,19.0622103,72.8833646
10264297689,19.0621588,72.8834101
10264297691,19.0640883,72.8816745
10264514244,19.1898759,72.8467634
10264617831,19.1027599,72.8626265
10264617834,19.1021949,72.8629481
10264617837,19.1024325,72.8626932
10265648784,19.0738728,72.8512201
10265662174,19.0739793,72.8605825
10265662175,19.0736118,72.8606495
10265837614,19.0699086,72.8695123
10265837619,19.0747248,72.8793666
10265870154,19.1134823,72.8796869
10266102462,19.0850938,72.8866205
10266957922,19.0507907,72.8939757
10266957923,19.0507273,72.8939506
10267187204,19.1012912,72.8762575
10268111711,19.0867017,72.9231681
10271314344,18.9990698,72.8175188
10272736790,19.0596281,72.8368562
10273014620,19.0499057,72.8370973
10273617618,19.1153786,72.8486811
10273617655,19.1165039,72.844138
10274112134,19.1060397,72.8398644
10274112136,19.1061649,72.8431238
10274112167,19.098426,72.8459125
10274112204,19.0929002,72.8493165
10275432944,19.2058661,72.8652617
10275432946,19.2055801,72.8655775
10275495179,19.1786281,72.9482059
10275495182,19.1788725,72.9489931
10275948052,19.1849993,72.9437758
10277239762,19.2820674,72.8780209
10277239768,19.2820715,72.8781111
10277239769,19.2839541,72.8802246
10277239770,19.2840123,72.8801627
10277239771,19.2837089,72.8799527
10277239772,19.2837631,72.8798853
10277245410,19.2951891,72.8576187
10277254601,19.2310818,72.8476085
10277254604,19.2310189,72.8475025
10277254607,19.2309245,72.8476044
10277265394,19.2316269,72.8577593
10277265407,19.2348313,72.8585697
10277271915,19.2841079,72.8806482
10277271920,19.2584415,72.8555921
10277277831,19.2459713,72.861202
10277277840,19.2519794,72.8640957
10277277846,19.2539764,72.8662536
10277277850,19.2555703,72.8686048
10277277855,19.2557355,72.8701138
10277304359,19.2088838,72.8224418
10277304360,19.2087743,72.8223608
10277304363,19.2075418,72.8348185
10277304366,19.2072268,72.8345296
10277304514,19.2379823,72.859608
10277304517,19.2312667,72.8577267
10277311792,19.2274674,72.8627406
10277311794,19.2303386,72.862163
10277314001,19.214571,72.8718008
10277314002,19.2147305,72.8716419
10277314310,19.2350848,72.8551818
10277314311,19.2350592,72.8552517
10277314312,19.2352165,72.8543198
10277314313,19.235129,72.8543055
10277314316,19.2331973,72.8525965
10277314317,19.2331371,72.8525344
10277314318,19.2331262,72.8526196
10277314332,19.2308349,72.8535074
10277314338,19.2308896,72.8534191
10277314340,19.2308424,72.8534735
10277314342,19.231012,72.8535908
10277314345,19.2310132,72.8534412
10277314347,19.2310347,72.8534792
10277314348,19.2308914,72.8536113
10277314349,19.2310239,72.8535745
10277333721,19.2312247,72.8357542
10277333722,19.2311313,72.8357263
10277333723,19.231653,72.8330618
10277336164,19.2304918,72.8288773
10277336170,19.2310337,72.8255541
10277336188,19.2305086,72.8287809
10277336192,19.2274797,72.8218782
10277336193,19.2274681,72.8219424
10277336200,19.2264588,72.8280844
10277339572,19.2041884,72.8494002
10277339575,19.2042851,72.8496372
10277339576,19.2041177,72.849361
10277339579,19.203856,72.8495728
10277339582,19.2029509,72.8494116
10277477742,19.1912196,72.8539253
10277477743,19.1912316,72.8539949
10277477745,19.1912946,72.8539273
10277477764,19.1902902,72.8525862
10277477766,19.1898351,72.8499937
10277477773,19.1914763,72.8542589
10277477774,19.19141,72.8542952
10277477775,19.1902699,72.8524213
10277477776,19.1901958,72.8524529
10277477777,19.1898658,72.8511448
10277477778,19.1897912,72.8511404
10277511240,19.1405089,72.8110998
10277511242,19.1404839,72.8148799
10277511253,19.1935212,72.8396128
10277511258,19.187386,72.8382864
10277511263,19.187342,72.8384319
10277511269,19.1872987,72.8383502
10277511272,19.1874325,72.8383239
10277547712,19.1811583,72.8331909
10277547713,19.1810774,72.8332391
10277547716,19.1741367,72.8368788
10277547720,19.1738505,72.8370516
10277547721,19.173993,72.8363017
10277547725,19.1740602,72.836647
10277547726,19.1607102,72.8570924
10277547729,19.1616358,72.8570708
10277547739,19.1533129,72.8562344
10277590749,19.1276548,72.8471231
10277590753,19.128085,72.8431597
10277590767,19.1272981,72.8403002
10277590773,19.1264983,72.8396545
10277590774,19.1263661,72.8396037
10277591779,19.1278848,72.8448617
10277591782,19.1242581,72.8482339
10277591783,19.1243303,72.8482996
10277591787,19.1242149,72.8483115
10277636651,19.13405,72.8700052
10277636665,19.1389136,72.8710218
10277666160,19.1122059,72.8289398
10277666162,19.113481,72.8277045
10277666163,19.1134944,72.8278276
10277700917,19.0543447,72.837517
10277700921,19.054426,72.8377316
10277700925,19.0517777,72.8673172
10277700932,19.0263443,72.8662168
10277700933,19.0264445,72.8663334
10277700947,19.0264984,72.8662066
10277700948,19.0296075,72.8667038
10277700949,19.0295893,72.8668273
10277717588,19.0142856,72.8306101
10277717591,19.0151211,72.8323964
10277717600,19.0003952,72.8462963
10277719229,19.0398012,72.8463798
10277719231,19.0401116,72.8465883
10277719235,19.0166483,72.8527223
10277719244,19.0167072,72.8526617
10277746010,19.0045592,72.8308382
10277746013,19.0045432,72.8309348
10277749846,18.9972073,72.8374986
10277749847,18.9953163,72.8367229
10277749848,18.9944378,72.8448528
10277749856,18.9950576,72.8386567
10277749858,18.9953995,72.836734
10277765343,18.9984395,72.8215295
10277765345,18.9985917,72.8217793
10277765351,18.9988214,72.8175579
10277765354,18.9985847,72.8178783
10277780846,19.0014923,72.8153598
10277780850,19.001625,72.81558
10277780854,19.0007179,72.8557314
10277780855,19.0007459,72.855478
10277780859,19.0015027,72.8573495
10277780863,19.0019859,72.8603401
10277780870,19.0013818,72.8573781
10277786593,18.9764641,72.8464454
10277786597,18.9760375,72.8467165
10277786603,18.9688222,72.8402432
10277786606,18.9683858,72.8404409
10277786607,18.962319,72.8373047
10277817410,18.962563,72.8377273
10277817411,18.9622622,72.8372787
10277817414,18.9625253,72.837135
10277817415,18.9621368,72.8320762
10277817418,18.9619592,72.8324215
10277817420,18.9672438,72.8282698
10277817426,18.9690528,72.8156805
10277817430,18.9692149,72.816011
10277829350,18.966066,72.8192798
10277829355,18.9655076,72.8193967
10277829356,18.964107,72.8184583
10277829360,18.9639713,72.8186949
10277829361,18.9645865,72.8043827
10277829362,18.9646543,72.8045022
10277829372,18.9640687,72.8074748
10277829376,18.965302,72.8074016
10277829377,18.9641466,72.8072886
10277829381,18.9643222,72.8074305
10277863427,18.9558471,72.8128446
10277863431,18.9556904,72.8128171
10277863433,18.9572973,72.816709
10277863436,18.9571984,72.8168347
10277863437,18.958176,72.8261623
10277863438,18.9582896,72.8261738
10277881676,18.9547963,72.8257702
10277881679,18.9549258,72.8258121
10277881688,18.9549895,72.8256601
10277881690,18.9529802,72.8172536
10277881693,18.9530227,72.8174819
10277881694,18.9530638,72.8175591
10277881700,18.9318427,72.8230927
10277881704,18.9314631,72.8232336
10277881705,18.9313078,72.8228492
10277881998,19.0942484,72.8547195
10277882001,19.1086306,72.8647277
10277909613,19.1086062,72.8647731
10277909614,19.1094242,72.8757781
10277909618,19.1090059,72.8759445
10277909619,19.1091741,72.8764475
10277909622,19.1089561,72.8760454
10277913367,19.1150429,72.8602977
10277913370,19.1148851,72.8603628
10279331281,19.2773627,72.9574116
10279331282,19.2774729,72.9575681
10279331283,19.2769817,72.9577306
10279331284,19.277101,72.9578809
10279331289,19.2725708,72.9627698
10279331290,19.2726396,72.9628475
10279333663,19.1071563,72.833797
10279333667,19.1070652,72.8269248
10279333670,19.1071001,72.8298705
10279333671,19.1070901,72.8299831
10279333677,19.1070875,72.8368161
10279336967,19.2417199,72.97588
10279336968,19.2416788,72.9760494
10279336972,19.2406781,72.9772803
10279336994,19.2408352,72.9770485
10279336995,19.2408968,72.9771058
10279377260,19.1999,72.9637519
10279377266,19.1997015,72.9639597
10279403407,19.2201346,72.9869622
10279414813,19.221035,72.9890677
10279453013,19.2075514,72.9646693
10279457373,19.1887781,72.9676855
10279457378,19.1887848,72.9675992
10279457379,19.1887343,72.9676413
10279470671,19.1880297,72.9896191
10279470675,19.1879387,72.9895414
10279470676,19.1879093,72.9895806
10279470680,19.1879895,72.9896662
10279520071,19.1532708,72.9669821
10279520072,19.1530279,72.9669416
10279523297,19.185891,72.9469355
10279523305,19.185988,72.9467988
10279523306,19.186031,72.9468709
10279539037,19.1701892,72.9661996
10279539038,19.1699419,72.9661054
10279539040,19.1673635,72.9645008
10279539041,19.1669463,72.9642774
10279539046,19.1691497,72.9657795
10279539048,19.1699097,72.9661805
10279539049,19.170164,72.9662761
10279539059,19.1678291,72.9647971
10279539060,19.1677813,72.9648666
10279539063,19.1670985,72.9643331
10279539064,19.1670513,72.9644112
10279540080,19.171939,72.9408798
10279540081,19.1719689,72.9407417
10279564678,19.118835,72.8802464
10279564679,19.1188386,72.8803058
10279602916,19.110674,72.8973597
10279602917,19.110667,72.8974393
10279602936,19.1143799,72.8978771
10279602937,19.1143867,72.8977908
10279602938,19.1144641,72.8978003
10279615797,19.1059724,72.887847
10279615798,19.1059344,72.8879362
10279617327,19.1037387,72.8965606
10279704563,19.1044529,72.9168833
10279704565,19.1015167,72.9115203
10279704566,19.1014899,72.9115035
10279704572,19.1013713,72.9117029
10279704583,19.1008937,72.8798011
10279730304,19.0820168,72.9045717
10279730305,19.0816686,72.9044162
10279730306,19.081641,72.9045227
10279730307,19.0818046,72.904453
10279730308,19.081777,72.904562
10279742511,19.0787627,72.9039726
10279742512,19.0787539,72.904089
10279761586,19.0533511,72.9142129
10279761587,19.0533383,72.9143089
10279771616,19.0739862,72.9030377
10279771620,19.0742767,72.9035791
10279771621,19.0674965,72.8998796
10279771622,19.0674527,72.9000679
10279771623,19.0692267,72.8687256
10279771626,19.0688713,72.868651
10279771627,19.0673349,72.8656783
10279771631,19.066865,72.8657184
10279771641,19.0586924,72.8859595
10279771642,19.0580343,72.8854281
10279771643,19.0572803,72.8848504
10279771646,19.0567771,72.884396
10279771648,19.0564743,72.8839591
10279771650,19.0562104,72.8839185
10279771653,19.057099,72.8845885
10279771654,19.0570456,72.8846627
10279771659,19.0565568,72.8901904
10279771661,19.056489,72.8901225
10279771663,19.0564556,72.8901433
10279771668,19.0565243,72.8901272
10279771671,19.0564513,72.8902149
10279771678,19.0582007,72.8895949
10279771680,19.0566401,72.8876202
10279809011,19.0540205,72.8940883
10279809014,19.0537093,72.8944766
10279809028,19.0525858,72.8996224
10279809044,19.0535217,72.914333
10279835718,19.0458995,72.9085239
10279835719,19.0457646,72.9087111
10279835722,19.0452633,72.9089822
10279835723,19.0369966,72.9245831
10279835724,19.0369829,72.9248397
10279857150,19.0351659,72.8955309
10279857151,19.0351994,72.8956245
10279857152,19.034795,72.8956603
10279857154,19.0345441,72.8957437
10279857155,19.0345727,72.8958429
10279857156,19.0340713,72.8958741
10279857157,19.0341215,72.8959983
10279857160,19.0333424,72.8961032
10279857161,19.0333889,72.8962424
10279869766,19.2208519,72.8525477
10279869768,19.2208706,72.8529066
10279869769,19.2208665,72.852785
10279934754,19.0844368,72.9050693
10281786083,18.9697309,72.8459756
10281786101,18.9721106,72.8457312
10281796502,18.9833839,72.8476141
10281800020,18.978507,72.8455468
10281800034,18.9907939,72.8511412
10281883194,19.0544691,72.845943
10281883195,19.0543765,72.8461545
10281938566,19.0059077,72.8461926
10281938570,18.9351382,72.8309157
10281959313,19.0751001,72.9060105
10281959314,19.0751897,72.9060028
10281959318,19.2418034,72.8526508
10281959321,19.2417807,72.8525069
10281959324,19.2418484,72.8525931
10281959328,19.241737,72.8526448
10281959330,19.2417088,72.8526072
10281984324,19.2414921,72.8544146
10282000612,19.2154769,72.8385866
10282000618,19.2178901,72.8403984
10282000622,19.2196432,72.8408144
10282000627,19.2240234,72.8409595
10282040378,19.0091243,72.8415903
10282040381,19.0157318,72.8516276
10282040383,19.0154587,72.8514389
10282040392,19.0126485,72.8493393
10282040406,19.0058445,72.8462606
10282040408,19.0057393,72.8459963
10282056982,18.9380733,72.8370045
10282056984,18.9383733,72.8371732
10282056990,18.9397285,72.8346023
10282069983,18.956649,72.8283897
10282069985,18.9565694,72.8285475
10282069986,18.9566547,72.8285869
10282069988,18.9567225,72.8284339
10282069991,18.9565512,72.828483
10282070002,18.9567379,72.8284959
10282070004,18.9433703,72.8293413
10282070005,18.943371,72.8292263
10282074751,19.0721537,72.9089083
10282074752,19.0722544,72.9092984
10287277761,19.1361391,72.8092806
10292442915,19.0606905,72.8642628
10294767394,19.2324356,72.8631659
10299243220,19.1492603,72.9433823
10301894313,19.1115852,72.8675908
10301894314,19.1115591,72.8676357
10306082438,19.0601664,72.9007554
10310473456,19.0396031,72.8670133
10310473458,19.0397324,72.8671988
10310473459,19.0395906,72.8672031
10310493154,19.2210901,72.9780242
10310498024,19.1195365,72.902248
10310498025,19.1194574,72.9022266
10310503648,19.1532628,72.8543556
10310857472,19.2551102,72.8568541
10310857477,19.2546912,72.8538453
10310857481,19.2546995,72.8530581
10316090270,18.972713,72.8330517
10384248274,19.0746516,72.8598101
10384248275,19.0744553,72.8597652
10536657607,19.0063904,72.8380154
10536657610,19.0088321,72.834169
10548664763,19.1862372,72.8586329
10548664764,19.1862342,72.8582085
10561765781,19.1764837,72.9685036
10564266718,19.1891223,72.8378668
10564298261,19.1094849,72.8761312
10564308399,19.1390466,72.8157792
10564313449,19.1804511,72.8315165
10564313451,19.1800245,72.8306258
10564469937,19.2215098,72.8651529
10564469938,19.2215336,72.8655136
10564469945,19.2215722,72.867544
10578626163,19.0655139,72.8997078
10580688537,18.9677203,72.8264721
10580913575,19.2039093,72.9706692
10580913576,19.203838,72.9706472
10583826072,18.9961488,72.8394476
10583826082,19.0019954,72.8435978
10593412252,19.1518818,72.8459896
10595428375,19.0555316,72.8466621
10595428376,19.0555344,72.8463249
10595441721,19.2036711,72.8281165
10595675492,18.9336866,72.8235887
10595675493,18.9335783,72.8235629
10598322635,18.9315716,72.8356252
10598322636,18.9316531,72.8357139
10598322640,18.932365,72.8355496
10598322643,18.9323111,72.8357543
10603240106,19.0541313,72.8245101
10603240107,19.0541143,72.8245609
10603240108,19.0542308,72.8245562
10603240109,19.0542192,72.8246061
10603299587,19.0847574,72.8321602
10603299588,19.0848002,72.8321324
10603805379,18.9570778,72.7998571
10610724587,19.1987793,72.965335
10613389619,19.0051591,72.8440931
10613389627,19.0053023,72.8439736
10613423002,19.0053023,72.8437261
10614318013,18.9604131,72.8440015
10614318015,18.9635325,72.8452603
10614318018,18.9636755,72.8453073
10617498617,19.0186582,72.840099
10629352244,19.074938,72.8794798
10629587074,19.0308162,72.8455048
10629624864,19.0304743,72.8471802
10629659785,19.162751,72.9414654
10635507224,19.1836068,72.9534644
10635507229,19.1837832,72.9531194
10635534062,19.0717087,72.8340099
10635682402,19.0955718,72.8524152
10636113355,19.1158074,72.9087471
10636113356,19.1157509,72.9087813
10636709125,19.098699,72.8443025
10636915871,19.1060515,72.8398026
10636989239,19.1170985,72.8299035
10653480112,19.0743802,72.9030698
10653480113,19.0743567,72.9031613
10653480115,19.0744241,72.9052049
10653480123,19.0786217,72.9101092
10653536589,19.1147605,72.8602007
10653548875,19.1030593,72.8746114
10653552916,19.1026095,72.8625905
10653592689,19.0819093,72.8587181
10653604966,19.1123616,72.866939
10653604967,19.1121369,72.8668721
10653604968,19.1123064,72.8668707
10653616785,19.1041167,72.8868351
10653616787,19.1041676,72.8867407
10653616789,19.1042929,72.8869242
10653616790,19.104341,72.8868497
10653810932,19.1135907,72.9001933
10653828790,19.0840267,72.9211252
10654153514,19.0380522,72.8537905
10654153518,19.0416052,72.8559273
10654529061,19.2062559,72.8381822
10654529066,19.204778,72.8377771
10654529068,19.2033481,72.8378377
10656668354,19.04432,72.8646392
10657225552,19.0516179,72.8293073
10657225553,19.0516493,72.8293806
10679996837,19.2043383,72.9690563
10679996838,19.2044206,72.9691526
10682240349,19.055256,72.8479453
10682240352,19.0550269,72.8482115
10685130180,19.0517935,72.8244897
10687844876,18.9533644,72.8308126
10696472335,19.0654916,72.8498304
10698653947,19.1282533,72.847278
10712165144,19.2437241,72.9957239
10712165145,19.2417526,72.9931268
10712165146,19.2416962,72.9931986
10712165147,19.2434057,72.9950386
10712165148,19.2433371,72.9950703
10713480684,19.2284647,72.9732305
10720897942,18.9569087,72.8425901
10722958771,19.0351131,72.8600721
10723296482,19.108428,72.8369073
10723311425,19.1057366,72.8298385
10723311426,19.1056705,72.8298381
10724781030,19.0657047,72.8542532
10732120463,19.0319747,72.8669697
10732120466,19.0335178,72.86644
10732120472,19.0367069,72.8683147
10732120473,19.0366476,72.8684118
10732120476,19.0305216,72.8670797
10732120477,19.0305468,72.8669872
10732416719,19.2380686,72.8522718
10732416720,19.2379785,72.8522682
10733085808,19.040919,72.8656856
10738867822,19.0483078,72.8778831
10738867823,19.0482775,72.877811
10739951330,19.2835388,72.864024
10750563816,19.0657901,72.8996234
10750564862,19.0588664,72.885972
10750564863,19.0587707,72.8860273
10765194734,19.1048604,72.8271533
10770482043,19.2036477,72.8282281
10770722930,19.0797211,72.8802079
10770749309,19.0558666,72.8340946
10772904744,19.0738158,72.8692471
10772904746,19.0725062,72.8664424
10772904760,19.0756082,72.8733435
10774729902,19.1998425,72.9857535
10777556514,19.2365795,72.8577942
10809175117,19.0697383,72.9052842
10809175121,19.0671579,72.9019997
10809175122,19.0670734,72.9020857
10820417298,19.0706303,72.9070676
10820417302,19.0699286,72.9063113
10820417303,19.0701985,72.9066787
10824774388,19.0631618,72.9149102
10839469177,19.230045,72.8410419
10845362178,18.9328619,72.8313704
10845925893,19.1462109,72.8364698
10845925895,19.1460403,72.8366876
10845962342,19.1706374,72.831682
10845962344,19.1722891,72.8319287
10845962346,19.1725155,72.831975
10845962350,19.1747383,72.8323884
10845966982,19.2197712,72.8418123
10845966983,19.2239782,72.8420378
10877132827,19.25608,72.8582022
10877132833,19.2559401,72.8589828
10877132840,19.2559013,72.8589425
10877132861,19.2552417,72.8604658
10877132885,19.2540081,72.8661261
10877132886,19.2539367,72.8662049
10877132888,19.255295,72.8604456
10877179697,19.0896712,72.8347336
10877195122,19.1449627,72.855614
10877195128,19.150416,72.8562882
10877277214,19.0130437,72.8239089
10877277215,19.0129248,72.8236102
10877430387,19.0180589,72.8417187
10877441444,19.0158733,72.834566
10877441446,19.0157809,72.8346469
10877451381,19.0159053,72.8346962
10877451382,19.0159336,72.8348172
10877637591,18.9398154,72.8348946
10877664324,18.9692521,72.8156283
10877664325,18.9692693,72.8155331
10877664326,18.9691908,72.815575
10877664327,18.9684988,72.8163115
10877664329,18.9689434,72.8158858
10877664330,18.9688435,72.8158876
10877664331,18.9685428,72.8162163
10877693755,18.9277162,72.83225
10877916796,19.0709216,72.8740839
10878020685,19.090991,72.9074012
10878020686,19.0910997,72.9074864
10878020696,19.0893724,72.9078849
10878020697,19.089294,72.9079166
10878020699,19.0884754,72.9080058
10878501990,19.06383,72.8349492
10878501991,19.0638781,72.8350523
10878501997,19.0625769,72.8415636
10878535987,19.0807676,72.8405405
10878535988,19.0806867,72.8405344
10879477385,19.1494357,72.8480997
10879528547,19.1420876,72.8491038
10879528609,19.1377407,72.8371821
10879528613,19.1389954,72.844199
10879569089,19.2549895,72.8567925
10879569090,19.248388,72.8591472
10879569091,19.248388,72.8590381
10879569097,19.2286717,72.8535042
10879625875,19.2301694,72.8416941
10880265732,19.2992905,72.8376959
10880265733,19.2991793,72.8360211
10880265735,19.2992511,72.8337047
10880319881,19.2490785,72.8626508
10880324974,19.2459478,72.8612366
10880324989,19.2438066,72.8653235
10880461000,19.2298061,72.8610416
10880461003,19.230206,72.8620946
10880461004,19.2302508,72.8621914
10880492213,19.2456195,72.8541696
10880492220,19.2535181,72.854131
10880537043,19.228487,72.8575155
10880576113,19.1955363,72.7998322
10880766501,19.1397976,72.8092853
10880784908,19.1361628,72.8093298
10880784922,19.1388889,72.8065125
10880784941,19.1389171,72.8064524
10880826045,19.1058241,72.8463184
10880826047,19.1113079,72.8501652
10880826048,19.1112405,72.850119
10880918992,19.1271234,72.8672969
10882363456,19.128554,72.8685214
10882363458,19.1292266,72.867979
10882615919,19.1147025,72.8797327
10882615923,19.1181513,72.8802647
10882615925,19.1169332,72.8800278
10882615926,19.1170333,72.8800456
10882615927,19.1170345,72.8801311
10882615928,19.1169367,72.8801189
10882649102,19.0985848,72.8649718
10882649104,19.1008504,72.8637471
10882674716,19.1104389,72.8784962
10882695005,19.1007242,72.8638219
10882695006,19.0996457,72.8644432
10882696217,19.0750442,72.8259765
10882696219,19.0750885,72.825988
10882702403,19.051203,72.836377
10882715558,19.0595118,72.8295294
10882715559,19.0595636,72.8295268
10882715560,19.0597345,72.8240888
10882715562,19.0595811,72.8251001
10882727459,19.0594305,72.829534
10882727463,19.0573598,72.8297018
10882727464,19.0551232,72.829988
10882727465,19.0550635,72.8299944
10882768312,19.0522464,72.8342121
10882768313,19.0524673,72.8341963
10882768315,19.0503044,72.8367396
10882768316,19.0503897,72.8368808
10882768320,19.0515821,72.8364608
10882769268,19.1027871,72.899108
10882769269,19.1020035,72.8987721
10882769272,19.1028646,72.8989915
10882783547,19.060966,72.9165671
10882788615,19.0619414,72.883499
10882788616,19.0619844,72.8835533
10882918292,19.047552,72.8606491
10882945923,19.0481781,72.8657386
10882945924,19.0461456,72.8653748
10882945925,19.0462361,72.8654399
10882945928,19.0453029,72.865155
10882965948,19.0374594,72.8643215
10882965954,19.0375688,72.8626929
10883072798,19.0129589,72.8281591
10883072800,19.0116477,72.8288212
10883072803,19.0116748,72.8288857
10883588501,19.0005268,72.8404041
10883614928,19.0035963,72.8420371
10883614931,19.0058118,72.8459171
10883614936,19.0052181,72.8443088
10883614938,19.004977,72.8439905
10883640311,18.9986066,72.8394372
10883640313,18.9976054,72.8376101
10883640314,18.9976445,72.8378047
10883640320,18.9981907,72.8389176
10883640321,18.9981425,72.8389481
10883677654,18.9854602,72.8420806
10883677660,18.9869746,72.8417145
10883705290,18.9686625,72.840667
10883734226,18.9671458,72.8288096
10883734239,18.971221,72.8321483
10885590276,18.9480283,72.7973834
10885590281,18.9482636,72.7977395
10885590282,18.9488323,72.7983921
10885590287,18.9523901,72.8023803
10885590288,18.9525491,72.8025356
10885590289,18.9526794,72.8026477
10885603689,18.9478644,72.7974749
10885603696,18.9516759,72.8032112
10885603698,18.9530015,72.8056025
10885603703,18.9539474,72.8071268
10885618307,18.9553497,72.8079458
10885618315,18.952948,72.8056268
10885618323,18.9516341,72.803244
10885618341,18.9490671,72.800074
10885684489,18.9635777,72.8099661
10885684490,18.9636201,72.8097359
10885739622,18.9618399,72.8174579
10885739623,18.9559253,72.8161141
10885739626,18.9563802,72.8163455
10885739627,18.9570479,72.8166337
10885739628,18.9571406,72.8166643
10885739629,18.9584164,72.8170993
10885746539,18.9559973,72.8101913
10885746540,18.9561353,72.8101913
10885746541,18.9564891,72.810214
10885746545,18.9580711,72.81094
10885746546,18.958178,72.8110156
10885757448,18.9620034,72.8199484
10885757450,18.9644373,72.820249
10885774555,18.961844,72.8229696
10885774557,18.9616637,72.8261461
10885774562,18.9618761,72.8199533
10885774568,18.9617083,72.8244415
10885775497,18.96591,72.8189312
10885775500,18.9657564,72.819027
10885775501,18.9656997,72.8190807
10885780893,18.9573843,72.8197179
10885804557,18.9532799,72.8277069
10885804880,18.9646151,72.8203386
10885804881,18.9663286,72.8249535
10885845626,18.9540084,72.8316822
10885845628,18.9544453,72.8320197
10885845632,18.9541865,72.8318476
10885845674,18.9583904,72.8363776
10885845678,18.9584069,72.8382132
10885845682,18.9573813,72.842575
10885845683,18.9573486,72.8426924
10885994188,18.9305644,72.8261041
10885994195,18.9304962,72.8261923
10886054716,18.9296301,72.8282269
10886054717,18.9284987,72.8281827
10886054719,18.9265318,72.8281276
10886054720,18.9263767,72.8281215
10886054721,18.9260977,72.8281215
10886054725,18.9218173,72.8279662
10886066849,18.9210295,72.8331405
10886066851,18.9188736,72.8292354
10886129700,19.1877882,72.9725021
10886147013,19.1874562,72.9675792
10886147014,19.1874549,72.9674813
10886175646,19.1770684,72.9523826
10886175648,19.1766948,72.952823
10886182055,19.1767905,72.9512884
10886182061,19.1771534,72.9508779
10886182064,19.1789954,72.9501121
10886182067,19.1789488,72.9501065
10886219105,19.1187349,72.9080459
10886219106,19.1186569,72.9081163
10886219517,19.0599683,72.9002863
10886407640,19.0528211,72.9203783
10888917521,19.1810386,72.9961105
10888917522,19.1810043,72.9959929
10908118289,19.1018852,72.91152
10920909532,19.1236767,72.8540833
10921183511,19.0862853,72.9195774
10921183512,19.0861908,72.9194829
10921183535,19.0810927,72.9171398
10921440677,19.1755703,72.9684692
10923387492,19.0829811,72.8462131
10923446393,19.0995998,72.864371
10925691263,19.144621,72.8427062
10926043604,19.2214954,72.8648825
10926044209,19.2217607,72.865067
10926044210,19.2210995,72.8652945
10926044216,19.2213612,72.8648639
10926246153,19.2222096,72.9663476
10927904424,19.1591327,72.8397165
10927904427,19.1591227,72.8397949
10927904430,19.1592086,72.8398132
10927904433,19.1591203,72.8397341
10927904434,19.1591354,72.8398106
10927904436,19.1592224,72.8397983
10936517722,19.0826227,72.8961844
10936517723,19.0824597,72.8961887
10936517726,19.0805746,72.8962084
10936517727,19.0805153,72.8962365
10936586333,19.2194816,72.8286763
10936586334,19.2194847,72.8287327
10936586340,19.219207,72.8338292
10936694574,19.2385736,72.8485468
10936740241,19.2382563,72.8483193
10939000431,19.035828,72.879714
10939000436,19.0323737,72.8780655
10939673573,19.0537316,72.8946297
10945682229,19.2349755,72.8551635
10945839589,19.1592998,72.8477151
10956689089,19.2267802,72.8444711
10956744325,19.224036,72.8407645
10956744326,19.2239555,72.8407655
10956744327,19.2239493,72.8409614
10956744328,19.2239145,72.8419593
10956744329,19.2239088,72.842035
10956744330,19.223919,72.8418821
10956744331,19.2239227,72.8418038
10956744332,19.2239902,72.8418815
10956744340,19.2238975,72.8447172
10956744341,19.2238992,72.8447829
10956744342,19.2239621,72.8447828
10956744347,19.2237145,72.8477669
10956744352,19.2231386,72.8537194
10956744353,19.2231228,72.8537845
10956832461,19.2286951,72.8496637
10956832462,19.2286444,72.8496647
10956832468,19.2236948,72.8496396
10956832469,19.2236252,72.8496394
10956832474,19.2236299,72.8495421
10956905146,19.2200622,72.8449291
10956905147,19.2183099,72.8447205
10956905152,19.2199385,72.8447669
10956905156,19.2171148,72.8446969
10956905157,19.2171636,72.8446983
10956905159,19.2171623,72.8447837
10956910755,19.2171903,72.8513503
10956910756,19.2172121,72.8512466
10956910757,19.217266,72.8512735
10956910758,19.2172422,72.8513706
10960929797,19.149438,72.8480077
10960929800,19.1464509,72.8480341
10960929801,19.1458481,72.8481082
10960929802,19.149527,72.8480229
10960929803,19.1495272,72.848113
10960936599,19.159196,72.8351548
10960936600,19.1591913,72.8352643
10960976267,19.1590021,72.8435802
10960976274,19.1531863,72.8434708
10960976280,19.151822,72.8443341
10960976281,19.1517913,72.8443993
10960976284,19.1521526,72.8438259
10960996705,19.1591109,72.8402797
10960996709,19.1589359,72.8435803
10960996710,19.1589333,72.8436631
10960996712,19.158911,72.8459213
10960996713,19.1589096,72.8459985
10960996716,19.15917,72.8396994
10961014507,19.1463861,72.8481398
10961014508,19.1463855,72.8480401
10961014511,19.1462944,72.8454408
10961014512,19.1462323,72.8445983
11012174108,19.206133,72.866127
11012174109,19.205931,72.8665105
11022370378,19.0611611,72.8624755
11023548634,19.0184959,72.8355503
11023557408,19.0458422,72.8483797
11024186264,19.0808095,72.8402243
11025401147,19.2952739,72.8557456
11027079291,19.1258657,72.8668293
11028340735,19.1304131,72.8767485
11031597010,19.2378355,72.8534918
11031597011,19.2352357,72.8535245
11031597012,19.2353201,72.8535235
11032187525,19.0366352,72.873989
11032187526,19.0366356,72.8741124
11033616597,18.9676076,72.8285641
11033657249,19.2059202,72.8666019
11033657252,19.2063807,72.8656317
11033657257,19.2058915,72.8725556
11038814747,19.1559469,72.9932947
11038814750,19.1559497,72.9931659
11041973035,19.080124,72.917284
11041973036,19.0800787,72.9172433
11043526513,19.2435994,72.8537716
11043912919,19.0154446,72.8272773
11043951305,19.0140644,72.8276301
11050902891,19.0297167,72.8469558
11050902892,19.0296878,72.8470512
11052195977,19.1094768,72.85296
11052195979,19.1093921,72.8529377
11052576142,18.9295574,72.8217324
11052629982,18.9263101,72.8270019
11052744446,19.2759947,72.9585643
11059281300,19.1989083,72.9957686
11061137673,19.2859814,72.8696972
11061174742,19.0381648,72.9449535
11061279701,19.191051,72.9766907
11064294513,19.0468979,72.9003223
11064309452,19.0483761,72.8934434
11068221213,18.9573511,72.8495074
11068221216,18.9578412,72.8504018
11068250153,18.9474176,72.8335253
11070737838,19.118668,72.9260642
11070737839,19.1186599,72.9259092
11070903959,19.0501056,72.8664725
11101008763,19.1027827,72.8990355
11104090264,19.231018,72.8524488
11104090271,19.2308938,72.8524444
11104090277,19.2310066,72.8525864
11105021579,19.103042,72.8764957
11105021580,19.1031548,72.8764065
11133938684,19.0050778,72.8441154
11140920278,19.239035,72.85955
11140920279,19.2392442,72.8595079
11143613408,19.0549907,72.8848869
11143613410,19.056373,72.883808
11143613411,19.0564487,72.8837626
11143613412,19.0566541,72.8836394
11143613413,19.0566223,72.8835893
11192884549,19.2058704,72.8725217
11201851936,19.0805615,72.8456759
11230573768,19.1604348,72.9460849
11238094123,19.2199582,72.8449391
11254799221,19.1861159,72.8382838
11271580571,19.0604959,72.8578278
11273725381,19.2838455,72.949922
11273725382,19.2839934,72.9499435
11274067553,19.0470469,72.9097663
11329781476,19.0492392,72.8714095
11329781477,19.0493507,72.8713585
11372637545,19.2653063,72.8708321
11384605400,19.0102191,72.8344508
11384605402,19.0098955,72.8341379
11384605403,19.0100102,72.8339971
11389889508,19.2850691,72.9038821
11389889510,19.2503948,72.8664909
11396019487,19.080637,72.8891745
11396019492,19.0805283,72.8894389
11396019494,19.0806502,72.8894159
11396019500,19.0805264,72.889486
11396019504,19.0806447,72.8895209
11396019505,19.0806243,72.8895352
11396019512,19.0806353,72.8894023
11396019515,19.0806143,72.8897053
11396019516,19.080775,72.8902668
11396019517,19.0810426,72.8911722
11396019526,19.0809307,72.8895032
11400791206,19.0827366,72.8962922
11400791207,19.0827217,72.8964294
11400791208,19.0826543,72.8962988
11419951308,19.1055649,72.8946519
11431904100,19.2304554,72.8476736
11431904106,19.2285594,72.8479499
11461537126,19.0063308,72.8232784
11468832332,18.9439935,72.8293792
11472722268,19.1181601,72.8801966
11476100456,19.1635873,72.8460247
11497379659,19.0703283,72.8338333
11511143554,19.0020658,72.8436362
11603190365,19.0751675,72.887479
11640005091,18.9575214,72.8416379
11640005092,18.9576055,72.8416589
11652543074,19.0955827,72.8876658
11652543075,19.0955648,72.8877857
11658941492,19.2155892,72.8209925
11710446828,19.1460292,72.8259733
11760802867,19.1957604,72.9621475
11762288198,18.9439553,72.8230518
11786980558,19.2151594,72.8377115
11786980559,19.2240146,72.8378425
11786980563,19.2198244,72.8379738
11786980564,19.2197656,72.8379722
11787007972,19.2154769,72.8380174
11787007974,19.2151869,72.8383011
11787007975,19.2151289,72.8384356
11826800941,19.1916379,72.821943
11826800942,19.1916368,72.822017
11827175607,19.1615451,72.8570869
11827175608,19.161536,72.8570298
11919209525,19.1999064,72.9858017
11919249642,19.0160624,72.846291
11919249646,19.0165819,72.8461406
11919249649,19.0166735,72.846746
11919460443,19.1442055,72.8402136
11919771279,19.2647477,72.8750853
11919771280,19.2646876,72.875178
11920002780,19.1047262,72.9303868
11920002781,19.1048805,72.9305854
11920002782,19.1048492,72.9307417
11920002783,19.1046064,72.9307786
11920002784,19.0881408,72.9235821
11920002785,19.0879137,72.9236362
11920002786,19.0880501,72.9238438
11920002787,19.0878545,72.9239705
11921265746,19.1241675,72.9386551
11921265747,19.1240068,72.9385884
11924862433,19.0106894,72.8685662
11924898615,19.0110363,72.8696675
11924898617,19.0089208,72.8612555
11924898618,19.008993,72.8614066
11924900054,19.0005274,72.8554473
11924905690,19.127644,72.8472136
11924909692,19.002278,72.8558604
11924909693,19.0022819,72.8556135
11924914299,19.0067801,72.85709
11924914300,19.0068864,72.8570153
11924919809,19.0055659,72.8559629
11924919810,19.0056301,72.8557952
11924934791,19.007472,72.8584271
11924934792,19.0075966,72.858368
11924934793,19.0076554,72.8588497
11924934794,19.0077644,72.8587936
11925084680,19.0080703,72.8595369
11925084681,19.0079534,72.8595851
11925102340,19.0086753,72.8607996
11925102341,19.0087155,72.860873
11925102342,19.0085806,72.8609416
11925102350,19.0083243,72.8608129
11925102351,19.0083134,72.8608707
11925102352,19.0076661,72.8606313
11925102353,19.0076472,72.8606927
11925102354,19.00607,72.8601908
11925102355,19.0060548,72.8602669
11925102357,19.0045891,72.8600966
11925102358,19.0045705,72.8600306
11925102366,19.0030852,72.8604466
11925150428,19.0110851,72.8662339
11925150429,19.0109154,72.866234
11925150430,19.0109337,72.8673084
11925150431,19.0107722,72.8672953
11925150432,19.0107702,72.8685585
11925150434,19.010895,72.8691559
11925150435,19.0108174,72.8691867
11925224718,18.9994759,72.8552819
11925224719,18.9995311,72.8551114
11925224720,18.999116,72.8551556
11925224721,18.9991768,72.8549648
11925224722,18.9982049,72.8547934
11925224723,18.9982818,72.8545891
11925288309,19.2070529,72.9652201
11925288310,19.2071315,72.9653053
11925364172,19.1938459,72.9890284
11925463722,19.2159802,72.9560787
11925463723,19.216056,72.9561404
11925463738,19.2163,72.9556667
11925633443,19.0063089,72.8217071
11925633446,19.0063089,72.8215297
11925633452,19.0063734,72.8182846
11925633453,19.0064177,72.8181276
11925643819,18.9941672,72.8149806
11925643820,18.9940607,72.8151612
11925643821,18.9932657,72.8147036
11925643822,18.9933382,72.8144973
11925677529,18.9981622,72.829236
11925677530,18.9980933,72.8292231
11925677531,18.9982467,72.8270856
11925677533,18.9982401,72.8275786
11925677534,18.9982509,72.8274235
11925687118,18.9981643,72.8291556
11927518733,19.2258303,72.8477766
11927518735,19.2238015,72.8478082
11927518736,19.223716,72.8478078
11927518741,19.2203844,72.8478769
11927518742,19.2201693,72.8478897
11927518748,19.2239902,72.8477667
11927518749,19.2239884,72.8478084
11927565921,19.0053396,72.8401578
11927565923,19.0054421,72.8399303
11927565924,19.0056073,72.8397643
11927565925,19.0052722,72.8398994
11927565926,19.005314,72.8394578
11927565927,19.005153,72.8396381
11927594954,19.0057957,72.8463006
11929904068,18.9630973,72.843958
11929911054,18.9627123,72.8439988
11929911055,18.9627444,72.8438731
11929912785,18.9800066,72.8433235
11929912786,18.9800183,72.8433883
11929919469,18.963075,72.8440863
11929937326,18.983217,72.8426081
11929993564,19.0674929,72.9018729
11929993565,19.0673392,72.9019918
11930457663,19.3189831,72.8980172
11938951570,19.202744,72.9789236
11938975525,19.2083017,72.9769668
11939157084,19.211971,72.9785148
11939157085,19.2116711,72.9784673
11939157086,19.2121516,72.977301
11939157087,19.2121474,72.9771629
11939223212,19.2181154,72.9810475
11939223213,19.2179768,72.981076
11939282084,19.2204481,72.9878703
11939282085,19.2202182,72.9871355
11939282086,19.2201158,72.9871959
11939282087,19.2205448,72.987812
11939384499,19.1980862,72.9624542
11939384500,19.1980299,72.9626277
11939473399,19.1757189,72.9686114
11939473408,19.1739943,72.968454
11941145761,19.1685635,72.9665137
11953087504,19.1976475,72.9841602
11953087505,19.1977467,72.9840699
11953322544,19.2213006,72.8634999
11953322545,19.2214138,72.8634959
11953521025,18.9936725,72.8252067
11953521026,18.9937563,72.8251055
11953569095,18.9410845,72.8328318
11953569096,18.9411559,72.8328931
11953719108,19.2866557,72.8866394
11954164166,18.9940818,72.8528346
11954176569,18.9925343,72.8519943
11954176572,18.998388,72.8547398
11954176575,19.0160746,72.8724367
11954241771,19.0330399,72.927458
11954269591,19.0230393,72.8772336
11954333366,19.0521599,72.8357955
11955399699,19.0459285,72.8483711
11976374939,19.0659614,72.8679244
11991486843,19.1738867,72.8362637
12014245217,19.0429278,72.8794126
12014245218,19.0428168,72.8794273
12070990506,18.9671586,72.8034226
12071185686,19.0426835,72.8617198
12071185687,19.0426178,72.8618842
12072887608,19.0766767,72.8763191
12072887609,19.076412,72.8762594
12079658306,19.0804396,72.845669
12079741513,19.0625754,72.8594359
12080057697,18.9764784,72.8119368
12080057698,18.9765483,72.8120734
12082300376,19.015109,72.8637529
12082381194,18.9657119,72.8390662
12082381201,18.9658864,72.839137
12082858144,19.0986756,72.8459431
12082858148,19.0983929,72.8461298
12084454212,19.0661347,72.8665507
12084455926,19.2989313,72.8411305
12084455927,19.2989975,72.8411259
12084455928,19.2989181,72.8409596
12086495836,19.1365173,72.83204
12086495837,19.1365124,72.8319473
12087090698,19.2214049,72.8659417
12087090701,19.221117,72.8656537
12088314611,18.9252343,72.8253143
12088314613,18.925173,72.8254554
12088684363,18.9767898,72.8452149
12088824444,19.1883475,72.9632553
12088824447,19.1878037,72.9636271
12088824451,19.1879574,72.9639566
12088824456,19.1888725,72.963705
12088824462,19.1888039,72.9633555
12088834960,19.063481,72.9188197
12088834962,19.0621355,72.9181441
12088863669,19.0662021,72.9202801
12093130023,19.1454894,72.9354603
12093130024,19.1453664,72.9355063
12096487900,19.168895,72.9656097
12121814713,18.945169,72.8221936
12123666436,19.2210343,72.8653196
12123666451,19.2159822,72.8670504
12123666452,19.2160204,72.8671736
12124288546,19.1738982,72.8472695
12124288562,19.1740033,72.842346
12124288583,19.1737995,72.8472843
12124306136,19.1208224,72.8759218
12125883925,19.1133937,72.8542283
12125883926,19.1133223,72.854105
12126383538,19.1264003,72.921821
12135264137,19.0467153,72.9272362
12135264138,19.0468361,72.9271497
12159350790,18.9826124,72.8237595
12243225438,19.0716959,72.8613486
12258145308,18.9384379,72.8368646
12258228970,19.1169499,72.9104042
12258308248,19.180216,72.858649
12258308249,19.1810157,72.85815
12260708836,19.0202232,72.8440393
12260732292,19.1154979,72.9164782
12260767709,19.1155936,72.9165025
12260767710,19.1155786,72.9165745
12260849097,19.094036,72.8463827
12260876962,19.0375436,72.8628476
12260876963,19.0376137,72.8628719
12260986156,18.9327888,72.8311945
12262773872,19.1705525,72.9663111
12262773873,19.170539,72.9663837
12262773874,19.171173,72.9664478
12262773875,19.1711577,72.9665036
12272825786,19.0499247,72.8569906
12272825787,19.0498608,72.8570837
12273094475,19.1148209,72.8834928
12273450628,19.1133984,72.8830552
12273450629,19.1133818,72.883119
12293379928,19.1199519,72.8455023
12293414015,19.1164201,72.8430856
12293476231,19.1594354,72.8459254
12293476232,19.159359,72.847715
12293476237,19.1594325,72.8460113
12293587690,18.9666811,72.8136654
12294664504,19.0290722,72.8581734
12294664506,19.0296479,72.8579359
12294664510,19.0297072,72.8578623
12295858287,19.0468319,72.8932703
12295858288,19.0468313,72.893357
12295929919,19.2138151,72.8333411
12296084705,19.1040491,72.8616968
12296084706,19.1041038,72.8617956
12296544481,19.2103317,72.869098
12296544490,19.2100806,72.8774354
12296544493,19.2103245,72.8691924
12296544494,19.2101632,72.8744456
12296544497,19.2101961,72.8729491
12296544498,19.2101923,72.8730878
12298766509,18.9953735,72.8369919
12298775319,19.0133676,72.8497042
12298775320,19.0133254,72.8497697
12298931038,19.2478253,72.9792959
12298931039,19.2478993,72.9793185
12298931040,19.2475865,72.9801855
12299001628,19.0295848,72.863098
12299001629,19.0295315,72.8632327
12299724446,18.9229468,72.8267237
12307698463,19.0873899,72.9079471
12310289349,19.1126771,72.8374305
12310289350,19.1125337,72.8372905
12311733719,19.0852617,72.9084661
12311766936,19.0656388,72.8676625
12311776131,19.0826385,72.9090714
12311833488,19.207424,72.8352483
12311841439,19.1419657,72.8433567
12311841448,19.1423348,72.8457097
12317731290,19.1489553,72.8315814
12320173511,19.1369517,72.8374165
12320173512,19.1369732,72.8374886
12320398360,19.1198965,72.912454
12320398366,19.1193846,72.916295
12320398368,19.1198874,72.9125305
12322937974,18.9907517,72.8483385
12322961991,18.9910181,72.848656
12322961992,18.9909414,72.8487311
12325306928,19.1078215,72.8586734
12325306929,19.1077588,72.8585872
12330279493,19.1251016,72.8648216
12330293703,19.1256492,72.8632293
12334170884,19.0885982,72.906865
12334170885,19.0886574,72.9068045
12334328227,19.1869961,72.9705088
12334328228,19.187054,72.9704959
12334925193,19.071147,72.8637048
12334925204,19.0724092,72.8664414
12342878714,19.0343218,72.8518267
12342878715,19.034386,72.8518349
12343188110,19.1178287,72.889816
12343188111,19.1177608,72.8899225
12343305253,19.1114326,72.837373
12343305254,19.1114103,72.837252
12347814313,19.0525341,72.8342653
12347814314,19.0525336,72.8341976
12350391111,19.0646183,72.8514172
12350391112,19.0646862,72.8513846
12350446596,19.0605701,72.8505063
12350446597,19.0605053,72.8505064
12350470029,19.1673161,72.9645764
12350777518,18.9210554,72.8332111
12350777519,18.9210732,72.8331594
12350793007,18.9219274,72.831058
12350931355,19.0674332,72.8695743
12350931356,19.0674802,72.8696352
12350931358,19.0684363,72.8711522
12354106781,19.2839656,72.8656886
12354106790,19.2822827,72.8678189
12354106791,19.2822435,72.867845
12354106792,19.2839187,72.8657163
12357329131,19.2315527,72.8675075
12357426716,19.2319975,72.868517
12357426717,19.2319577,72.8685365
12357451227,19.2322761,72.8691556
12357451228,19.2322318,72.869181
12357694283,18.9956154,72.853586
12357862111,19.2847754,72.9435676
12357862112,19.284631,72.9435545
12361260646,19.0522155,72.8358315
12364141370,19.0352694,72.9305939
12364141372,19.0350893,72.9304672
12364813939,19.2107679,72.96552
12367062102,18.9968922,72.8548735
12367062103,18.996771,72.8549408
12373610321,19.1737908,72.8615442
12376037607,19.0151012,72.8720632
12376037609,19.0151532,72.8719057
12377696902,18.9935181,72.8148283
12377711424,19.1125575,72.9002749
12377711425,19.1125742,72.9003771
12377726335,19.1111283,72.901321
12377726336,19.1111682,72.9013789
12377733465,19.1105249,72.9015305
12378144234,18.9280626,72.8206209
12378144235,18.9279848,72.8207131
12378228208,19.1134542,72.9341483
12378228209,19.1135227,72.9339657
12378228210,19.1134342,72.9342833
12378228211,19.113374,72.934439
12381358491,19.0864329,72.8968108
12381358492,19.0863516,72.8968341
12384008295,19.1974874,72.9689743
12384008296,19.1974249,72.9689258
12384046732,19.0459365,72.9023828
12384046733,19.0458085,72.9023608
12384157466,19.1020746,72.8900901
12389780671,18.9489765,72.81964
12390185637,19.1520441,72.8915673
12393000612,19.1723943,72.8800279
12393472130,19.0810441,72.8378599
12393568322,19.0984665,72.8538647
12393568324,19.0927218,72.8503534
12393568325,19.092846,72.8502687
12393653660,18.9951533,72.8537558
12393653663,18.9953346,72.8534438
12395295568,18.9672521,72.8035266
12395671875,19.1365867,72.8319385
12397602526,19.200631,72.9990106
12397602527,19.2005493,72.9990603
12400147208,18.9323742,72.8358316
12400147209,18.932394,72.8357756
12401445371,19.1061924,72.8665883
12406085638,19.0744481,72.85979
12406104882,19.075314,72.8548559
12406104883,19.0751465,72.8574074
12406104884,19.0748972,72.8573595
12408501791,19.1085916,72.87855
12408545955,18.9581923,72.8315859
12408545956,18.9580976,72.8315902
12408665370,19.1816676,72.836118
12408665371,19.1815944,72.8355067
12408665372,19.1816474,72.8359051
12411440897,18.9641047,72.8077597
12414405105,18.9129833,72.8205882
12414405106,18.9129971,72.8204432
12415277159,18.9263128,72.8191088
12415277160,18.9262405,72.819212
12429501779,19.2286718,72.8534499
12429501782,19.2287431,72.8534476
12429998491,19.1532898,72.8397058
12430188033,19.0756179,72.8782065
12430188034,19.0754255,72.8780569
12430193495,19.0737058,72.8824022
12430193496,19.0736186,72.8823961
12430432419,19.1971054,72.9703655
12430432420,19.1970213,72.9703773
12430657329,18.9763688,72.8090613
12432928829,19.0944095,72.8873938
12432943166,19.0952542,72.8875896
12432943167,19.0952269,72.8877075
12432945773,19.1309529,72.8554936
12432945774,19.1310168,72.8553061
12432945775,19.1266264,72.8557301
12434877253,19.2299136,72.8534718
12434877254,19.2298212,72.8534714
12434892774,19.2308833,72.8630141
12434892778,19.2307249,72.8630113
12435185075,19.0526554,72.8448798
12435559676,19.0539203,72.9262037
12435621971,19.0538228,72.9272439
12435621972,19.0538157,72.9272979
12438442938,19.2298647,72.8418371
12438442939,19.2298131,72.8418244
12443061284,18.9984855,72.817517
12443061287,18.9989015,72.817449
12443076529,18.9981509,72.8172184
12447084172,18.9398154,72.834791
12447084174,18.9397606,72.834643
12447084176,18.9398548,72.8347377
12447084177,18.9398996,72.8347862
12447084183,18.9393009,72.8348006
12448362114,19.0649941,72.8991449
12483956811,19.285605,72.9046141
12483956813,19.2850757,72.9046568
12486614582,19.0600847,72.8522342
12486614583,19.0585884,72.8512767
12486614587,19.0596272,72.8520081
12486614588,19.0595936,72.8520834
12486614589,19.0588867,72.8514889
12486614590,19.0588427,72.8515641
12506352385,18.942583,72.8233819
12506352386,18.9426259,72.8235076
12506352388,18.9554382,72.8079869
12506352389,18.9553865,72.8078425
12527288712,19.2308861,72.8631083
12553660967,19.2840096,72.8716662
12553660973,19.2786638,72.8790387
12553660977,19.2785259,72.8789139
12553660989,19.2838631,72.8715513
12555901906,18.9459193,72.8216407
12557971223,18.9680894,72.8329287
12557971229,18.9678772,72.8327909
12557973951,18.9314776,72.8317819
12558219497,19.2128026,72.9770601
12558334192,19.1688694,72.8587876
12558343922,18.9998998,72.8425316
12558343926,18.9999627,72.8424862
12558343927,19.0000821,72.8425833
12558408931,19.0058758,72.8127975
12558408936,19.0091454,72.8127544
12558408942,19.008368,72.8118745
12558408946,19.0106791,72.8158791
12558495602,19.1253046,72.8559885
12558495603,19.1257009,72.8562888
12558495606,19.1256111,72.8565679
12558663179,18.9561435,72.7991306
12558663180,18.9561024,72.799212
12560606618,19.0744904,72.906051
12566268246,19.0095276,72.842106
12577857046,19.2513604,72.98684
12577857047,19.2512587,72.9866904
12587158362,18.9328624,72.8278879
12587158364,18.932809,72.827966
12637978224,19.1593175,72.8485414
12637993101,19.0593175,72.9135526
12637993102,19.0592386,72.9137803
12637993105,19.0590014,72.914288
12639940739,18.9680253,72.8252104
12697993400,19.0607191,72.9139634
12697997201,19.0608072,72.9139951
12697997207,19.0630827,72.9145704
12698155337,19.1132938,72.8541967
12698412249,18.9669946,72.8287123
12698412250,18.9670334,72.8286226
12698412251,18.9671127,72.8286431
12698657164,19.2094046,72.9940938
12698657165,19.2096798,72.9938684
12718160988,19.2330726,72.8641945
12718160989,19.233141,72.8641423
12718160994,19.2326139,72.8635172
12718160995,19.2325921,72.86317
12721918106,19.0169941,72.8587186
12721918107,19.0168936,72.858606
12721928614,18.9637523,72.8180367
12753983986,18.9758948,72.8321248
12756706885,19.2952629,72.8530164
12756716797,19.2949994,72.8502602
12756716798,19.2947941,72.8502757
12774725661,19.0095818,72.8416178
12777714547,19.0690017,72.8929521
12778141745,19.2217214,72.8592813
12778567539,19.1011096,72.8757191
12793994507,19.2083586,72.9727111
12794003686,19.2211248,72.9604124
12794003688,19.2209872,72.9605367
12794003689,19.2210449,72.9605694
12794348742,19.0755962,72.9135402
12794348743,19.0758518,72.9135908
12797377987,19.2851333,72.9042314
12797384557,19.2825255,72.9068947
12797384559,19.2836224,72.9058714
12816071781,19.0115407,72.8289101
12816816391,18.9840226,72.8479069
12836695797,19.0538556,72.8867535
12836824093,19.0063128,72.8280372
12836824094,19.0062353,72.828037
12852430697,19.217789,72.9707276
12852430699,19.2171604,72.9711035
12852439459,19.2899482,72.8638639
12852441402,19.2170778,72.971445
12852654805,19.0812166,72.8465326
12852654806,19.0812918,72.8469244
12882834605,19.0630323,72.9148318
12882834614,19.0608168,72.9142577
12882834615,19.0607446,72.9142484
12882834634,19.2029988,72.8491459
12894222344,19.2953852,72.8586419
12901659995,19.0114137,72.8543223
12901659996,19.011477,72.8544277
12901659999,19.0112698,72.8544542
12901660000,19.011285,72.8543874
12905592102,19.0652527,72.8993346
12905637200,19.0637259,72.8346819
12926034665,19.0620129,72.8355401
12926034666,19.0621472,72.8356651
12946743498,19.2955582,72.8557316
12949047420,19.0032679,72.8539748
12949047421,19.0031234,72.854048
12949047422,19.0039641,72.8538348
12949047423,19.0039704,72.8539006
12974666366,19.0465532,72.8198654
12974666367,19.0465752,72.8197099
12981542842,19.0371258,72.8446925
12991026971,19.2950697,72.8534109
12992261092,19.1954554,72.9708332
12992261093,19.1954201,72.9709283
12992328381,19.0147666,72.8169688
12993876261,19.2088218,72.997657
12999147227,19.2381729,72.975852
12999147228,19.2381922,72.9760046
13009284660,19.0536103,72.8242992
13009284661,19.0535915,72.8243538
13015085526,19.2648075,72.979632
13015085528,19.2645755,72.9770521
13015085531,19.2613746,72.9856209
13015390769,18.928954,72.824785
13015390784,18.9291873,72.8249198
13015390786,18.9304781,72.8259223
13015390800,18.930366,72.8259262
13015483301,18.9302885,72.8260221
13016998371,19.2533528,72.971935
13016998372,19.2533852,72.9720303
13031507246,19.0461864,72.9094189
13033946546,19.1487735,72.9926755
13033946548,19.1488071,72.9925159
13033946549,19.1488229,72.9925812
13051997260,19.2954552,72.85871
13055485593,19.1017263,72.8522378
13055485598,19.0970137,72.8516143
13055592453,19.126255,72.8576801
13055592472,19.1265251,72.8590659
13055592479,19.1256863,72.8625562
13055620353,19.2576443,72.9779944
13055928897,19.0626203,72.8949164
13055930254,19.1948197,72.9737434
13056058604,19.0326092,72.880251
13056058612,19.0325582,72.8803162
13056058616,19.0326269,72.8803594
13056058617,19.0331861,72.8787772
13056058619,19.0331257,72.8789153
13056058622,19.031984,72.8807174
13068016153,18.9487134,72.8405352
13068556818,19.1135513,72.9000906
13073741404,19.0047965,72.8309469
13073741407,18.9888447,72.8225602
13073741408,18.9888147,72.8224776
13073741409,18.988921,72.8225368
13077461203,19.0856477,72.8454759
13088861527,19.0918769,72.9081824
13088861530,19.0910062,72.90758
13088861531,19.0909019,72.9074945
13089014212,19.2329877,72.8635028
13089014213,19.2332699,72.863159
13092340178,18.9827114,72.8135349
13092340850,18.9811391,72.8136576
13092340910,18.9819762,72.8137626
13092341001,18.9871172,72.8136969
13092341007,18.9874018,72.8134635
13092341010,18.985326,72.8143969
13092341019,18.9864555,72.813873
13092341028,18.9807317,72.8131641
13092386536,18.9788825,72.8119696
13092400808,18.9866244,72.8108347
13092400877,18.9860569,72.811112
13092400906,18.9847771,72.8124829
13092400907,18.9856553,72.8122137
13092400932,18.9795817,72.8085156
13092400937,18.9785091,72.805801
13092400979,18.978408,72.8060933
13092401002,18.9790988,72.8086836
13093331172,18.9777293,72.805272
13093331191,18.9752808,72.8038795
13093331210,18.9727096,72.8025614
13093331230,18.9731864,72.8025382
13093331249,18.9697153,72.8015054
13093331263,18.9701826,72.80163
13093331267,18.9667775,72.8004746
13093331284,18.9656159,72.8004058
13093331289,18.9673153,72.8027754
13093331292,18.9674921,72.8027439
13093331306,18.9672368,72.8030652
13093331307,18.9674064,72.8030535
13093331310,18.9671355,72.8035422
13093331336,18.9663511,72.8035434
13093331341,18.96844,72.8034664
13095713714,19.10478,72.8270106
13103357040,19.1229144,72.8446846
13103368075,19.0457288,72.9092387
13130856586,19.1024688,72.8368295
13143942407,19.214961,72.9581084
13143942408,19.2148549,72.9580825
13164727360,19.2027712,72.9667363
13164727361,19.2029341,72.9666573
13185481798,19.1630986,72.8393844
13185481799,19.1630302,72.8393981
13185495402,19.1604195,72.8396462
13185495404,19.1598715,72.8397796
13261023788,19.2960877,72.8751708
13261023789,19.2960525,72.8752688
13261023790,19.2961011,72.8752163
13262290336,19.1863418,72.9603626
13262290337,19.1864558,72.9603415
13262290340,19.1867702,72.9606166
13262801027,19.1884002,72.9633442
13262801028,19.1881954,72.9634199
13262801029,19.1884886,72.9638869
13262801030,19.1886296,72.9638386
13277057154,19.0334742,72.8664387
13277057155,19.0334683,72.8665091
13277057158,19.0340643,72.8638763
13277057159,19.0340166,72.8638684
13277090064,18.9950626,72.8535597
13277090065,18.9950582,72.8533046
13277090066,18.9950913,72.8531822
13277090067,18.9953672,72.8533078
13277090071,18.9948051,72.8531774
13277421360,18.9873861,72.8139112
13279030993,19.1732793,72.8408258
13279321841,19.1501193,72.856648
13284860022,19.1563574,72.9499546
13284877505,19.2150981,72.9919248
13284877507,19.2152917,72.9920769
13284877508,19.2153557,72.9921354
13284943779,19.2521096,72.9854767
13284943785,19.2511541,72.9867348
13284943792,19.2511323,72.9868511
13284961602,19.2522403,72.9855697
13296041488,19.1045239,72.9170133
13301331433,19.2009547,72.9606295
13301331434,19.2009918,72.9605568
13303028460,18.9717328,72.8219626
13303028466,18.9720933,72.8223055
13303028467,18.9721059,72.822076
13303028471,18.9720108,72.8221481
13327911420,19.1913129,72.8369834
13328310238,19.004605,72.8307104
13329699581,19.188219,72.9635095
13329699584,19.1882822,72.9638578
13329699585,19.1881603,72.963525
13329699587,19.1882246,72.9640487
13329840455,19.0936071,72.885333
13329840456,19.0935304,72.8853546
13329840459,19.0926704,72.8851737
13329840466,19.0910805,72.8848296
13329840480,19.0854647,72.8836744
13329840483,19.0936108,72.8854066
13329840484,19.0935344,72.8853443
13329840485,19.0935412,72.8854081
13329867501,19.0913543,72.8848874
13329867502,19.0910766,72.8848572
13335873376,19.0716332,72.9018656
13335873377,19.0716913,72.9017512
13338040638,18.9428722,72.8232489
13351135363,19.0738544,72.8711497
13351135368,19.0744649,72.8713334
13351175830,19.1721924,72.9667694
13361178767,19.1599435,72.9455988
13361178768,19.1598941,72.9456513
13362959829,19.2334702,72.9879292
13362959830,19.2335476,72.9878296
13362959834,19.2352824,72.9873649
13363059233,19.2106791,72.9747289
13363196616,19.1751262,72.9594621
13363196617,19.1751534,72.9594116
13363217260,19.1722954,72.9680898
13363217261,19.1725534,72.9682912
13363231882,19.2850277,72.8699642
13363231893,19.2851775,72.870077
13366281220,19.1289224,72.8174883
13366357984,19.044685,72.8442814
13366357985,19.0447632,72.8442494
13366490024,18.9929802,72.8431885
13366768784,19.0252194,72.8802428
13369398580,19.0595173,72.8552661
13369398581,19.0592966,72.8554235
13375816939,19.0028993,72.8143464
13375816952,19.0026061,72.8139843
13375816953,19.0026656,72.8140548
13382931781,19.1114938,72.8658701
13382931785,19.1111493,72.8660338
13383090148,19.2381243,72.9699244
13390248493,19.119809,72.9051976
13390248494,19.1196848,72.9052435
13390248496,19.1177081,72.9046657
13390248498,19.1196019,72.90527
13390248499,19.1176676,72.9045733
13390248500,19.1175794,72.9059297
13390304802,19.1176623,72.904655
13397634730,19.277713,72.8897296
13398075180,19.0697744,72.8610525
13398075181,19.0697667,72.8611907
13408665371,18.968829,72.8402963
13415105367,19.2353154,72.9760004
13415105368,19.2353406,72.9762639
13416028709,19.2308509,72.9776792
13432421501,19.1093549,72.9318349
13432421502,19.1094877,72.9317443
13434117133,19.2990557,72.8547805
13437517358,19.1390912,72.8445088
13437517362,19.1393549,72.8442333
13437517363,19.1392637,72.8445161
13437559868,19.1353152,72.8477001
13437559873,19.1355492,72.8466121
13437559874,19.1357453,72.8459005
13437559875,19.135507,72.8466015
13437559876,19.1354602,72.8471065
13437559877,19.1354119,72.8470991
13437636803,19.1398129,72.8490329
13437636804,19.1403957,72.8490598
13437636809,19.1388729,72.8488841
13437636810,19.1389404,72.8489226
13437636817,19.1365654,72.8486349
13437636820,19.1370023,72.8486508
13437636821,19.1369979,72.8487222
13437636822,19.1374001,72.848704
13437636823,19.1373887,72.8487719
13437636828,19.1379495,72.848818
13437636829,19.1381804,72.8488088
13437636830,19.1381701,72.8488806
13437636831,19.1384883,72.8488479
13437636832,19.1384801,72.8489196
13439115378,19.1468216,72.8329149
13439601785,19.1275068,72.8593617
13439601787,19.129268,72.8604696
13441759162,19.0654263,72.8995842
13441759164,19.0657437,72.8994771
13441759165,19.0657011,72.8994914
13452488221,19.2340198,72.8716808
13454773067,19.2445071,72.8633574
13454773068,19.2445645,72.8634067
13460028978,19.2555538,72.8704076
13466585240,19.2288941,72.8623772
13466585241,19.2289037,72.8624634
13467861325,19.2431906,72.8600245
13467861326,19.2431856,72.8601196
13467902226,19.2528057,72.8647925
13467902227,19.2527255,72.8648762
13468719523,19.229246,72.8623193
13468719524,19.2292531,72.8624031
13470000967,19.250159,72.8668329
13470000968,19.2517999,72.8678448
13470129545,18.9331899,72.8280311
13470449796,19.1266175,72.8197304
13470449799,19.1269432,72.8203776
13472816379,19.2726915,72.9624264
13472872187,19.1335752,72.8170177
13472872189,19.131923,72.8171144
13472872193,19.1331899,72.8170434
13472872200,19.1373551,72.8167229
13472876902,19.1262149,72.8209178
13473672032,19.1168647,72.8626881
13474169905,19.1038524,72.8368149
13474169906,19.1038509,72.8369341
13475435262,19.1161745,72.8552697
13475435268,19.1157884,72.8552829
13475435269,19.1157949,72.8552305
13475435271,19.1153735,72.8551714
13476803593,19.1053973,72.8588984
13476803594,19.1054125,72.8589625
13476803595,19.1058867,72.8587955
13476803596,19.1058686,72.8588781
13476803597,19.1060685,72.8588362
13476803598,19.1060452,72.8589166
13479795775,19.0773626,72.8784048
13503275918,19.0751019,72.837543
13503275919,19.0750996,72.8376582
13503275924,19.074978,72.8394645
13503275930,19.0751589,72.8415671
13503275932,19.0751532,72.8374481
13503275933,19.0751626,72.8376593
13503275934,19.0751679,72.8375481
13503549885,19.0722677,72.8329926
13504496392,19.038968,72.8543367
13504496393,19.038944,72.8543914
13504496394,19.0394054,72.8545955
13504496395,19.0393788,72.8546501
13508185845,19.1999642,72.9857112
13508229960,18.9619194,72.8174277
13508229962,18.9618876,72.8174769
13508229965,18.9619185,72.8174112
13508424661,19.0522494,72.8342863
13508424662,19.051996,72.8342286
13508424663,19.0519988,72.8343053
13508424664,19.0515635,72.8342572
13508424665,19.0515698,72.8343378
13508455294,19.0594532,72.8825495
13508522906,19.0509814,72.8301072
13508522907,19.0509144,72.830149
13508522908,19.0511066,72.8303598
13508522909,19.0510418,72.8303956
13508776955,19.2955123,72.8574857
13509287420,18.9797288,72.8321214
13509287421,18.9796343,72.832127
13509287422,18.9798008,72.8322208
13509433334,19.2573691,72.9742021
13509433338,19.2574736,72.9741122
13509433342,19.2572927,72.9741176
13510287966,19.1401378,72.8262207
13514297393,19.0508843,72.8297562
13514297394,19.0509217,72.8298212
13514568910,19.0591474,72.8295314
13514568911,19.0591532,72.8295953
13514783244,19.0541482,72.8243744
13516051353,19.0749765,72.8261503
13516051357,19.074844,72.8259717
13516967378,19.0482265,72.8272139
13516967379,19.0498529,72.8282345
13516967380,19.0497839,72.8282941
13520099253,19.0556143,72.8299252
13520099254,19.0556201,72.8299839
13520099255,19.0555237,72.8299368
13520099256,19.0555284,72.8299954
13520933659,19.0588688,72.8295598
13520933660,19.0588731,72.8296238
13520933661,19.0589682,72.8295497
13520933662,19.0589724,72.8296137
13520933663,19.0581262,72.8296325
13520933664,19.0581318,72.829696
13520933667,19.0576064,72.8296795
13520933668,19.0576114,72.8297421
13520933669,19.0562997,72.8298375
13520933670,19.0563071,72.8298973
13521149002,19.0628293,72.8224485
13521149003,19.0628077,72.8225389
13521149004,19.0725047,72.8218843
13521149005,19.0728187,72.8217938
13521149006,19.072819,72.8218645
13522436650,19.0884544,72.8273397
13522455350,19.0717853,72.8219681
13522455351,19.0718007,72.8220342
13522606638,19.0842182,72.8371394
13522606639,19.0841353,72.8371313
13523465874,19.0852809,72.8322312
13523465875,19.0852648,72.8323288
13523465876,19.0910055,72.8334469
13523465877,19.090995,72.833531
13523465891,19.0842102,72.8345138
13523465892,19.0842061,72.834604
13523465894,19.082871,72.8344509
13523465895,19.0828682,72.8345509
13523465896,19.0826118,72.8344452
13523465897,19.0826139,72.8345408
13523554733,19.0605939,72.8371725
13523554740,19.0722978,72.8374059
13523554741,19.0722958,72.8375095
13523657582,19.0903199,72.8382957
13523657583,19.0903143,72.8383669
13525755779,19.0807254,72.8402129
13525755780,19.0808358,72.8400256
13525755781,19.0807505,72.8400116
13525755791,19.0809043,72.83951
13525755792,19.0808148,72.8394967
13525948591,19.0898385,72.8391125
13525948592,19.0897761,72.8391241
13526887022,19.0843801,72.8350621
13526887023,19.0844544,72.8350707
13528270894,19.2029683,72.8495164
13528689952,19.052524,72.8348083
13528689953,19.052503,72.8350346
13528689954,19.0524412,72.8350215
13528689955,19.0535841,72.8380145
13528689956,19.0535619,72.8378869
13528851142,19.0103544,72.8343292
13528895060,19.0192018,72.8452541
13535811790,19.0134529,72.8334911
13537225634,19.0751033,72.8236713
13537225635,19.0752154,72.8245025
13537225636,19.0752674,72.8247463
13537225637,19.0751327,72.8255334
13537225638,19.0751876,72.8255428
13539744628,18.9619267,72.8129109
13539744632,18.9619688,72.8133594
13542582011,19.0283788,72.8411912
13542582014,19.0283042,72.8413164
13543285308,19.0184426,72.8357426
13543285311,19.0184236,72.8358527
13545135272,19.0185034,72.8330184
13545135274,19.0186109,72.8331246
13545135281,19.0186284,72.8331931
13545135282,19.0185857,72.8332046
13546976659,19.0398385,72.8464154
13546976660,19.039929,72.8466891
13546976661,19.0399592,72.8467759
13550913785,19.0236886,72.8349367
13550913788,19.0231255,72.8346571
13550913789,19.0234134,72.8348
13550913790,19.0233915,72.8348437
13551379973,19.2138864,72.9777664
13551379980,19.2121447,72.9773912
13552147203,19.0376611,72.8452939
13552147206,19.0375247,72.845038
13552203684,19.0393813,72.8468823
13552203685,19.0394076,72.8469665
13552218468,19.0307011,72.8458399
13552218469,19.0307379,72.84577
13552218470,19.0307572,72.8456795
13552218473,19.0308529,72.8452342
13552218476,19.0307535,72.845496
13552431988,19.024575,72.8373284
13555600532,19.2079545,72.9643954
13555600533,19.2078648,72.9643056
13555600534,19.2082414,72.9646358
13555600538,19.2078059,72.9643741
13564356163,19.0336961,72.8477234
13564356164,19.0336931,72.847817
13564356165,19.0331568,72.8476936
13564356166,19.0331526,72.8477858
13565885390,19.0171634,72.8409262
13565885391,19.0171166,72.8409814
13565929609,19.0164247,72.8401604
13565929610,19.0163393,72.840269
13565939546,19.0101757,72.8344088
13569059851,19.1478557,72.929953
13569250101,19.0281482,72.8464956
13569250102,19.0281269,72.8465906
13569250103,19.0284595,72.8465869
13569250104,19.0284338,72.8466805
13569250105,19.0287461,72.846671
13569250106,19.0287176,72.8467644
13569250107,19.0289701,72.8467367
13569250108,19.0289482,72.8468326
13569884694,19.1717887,72.9420516
13569884695,19.1717217,72.9420321
13569884696,19.1777025,72.9439282
13569884700,19.177858,72.9438825
13569898501,19.1777029,72.9430114
13569898502,19.1776547,72.9430589
13571656507,19.0371735,72.847467
13571656508,19.0371882,72.847557
13571656509,19.0366979,72.8475551
13571656510,19.0367149,72.8476447
13571656511,19.0356266,72.847698
13571656512,19.0356366,72.8477851
13571727010,19.037631,72.8451074
13572591173,19.1988174,72.833769
13572591174,19.198812,72.8340154
13575257248,19.1756463,72.9428894
13575257250,19.1757697,72.9426495
13575257251,19.1758169,72.9425408
13575257252,19.1758989,72.9427326
13575257256,19.1757193,72.9427599
13575257257,19.1700729,72.9464106
13575257260,19.1693809,72.9457277
13575257261,19.1693011,72.9458085
13575284303,19.1587442,72.9335526
13575284305,19.1584243,72.9336787
13575284307,19.1587667,72.9334906
13575284308,19.1587845,72.9335307
13575284309,19.1587278,72.9335146
13576183746,19.1637118,72.9384223
13576183747,19.1638237,72.938442
13577420327,19.1483852,72.9480804
13577420328,19.1483341,72.9481933
13577420329,19.147977,72.9478666
13577420330,19.1479272,72.9479982
13577420331,19.149771,72.9488219
13577420332,19.1497132,72.9489421
13577446666,19.1721837,72.9409671
13577446669,19.1719902,72.9410258
13577446670,19.1651971,72.9378949
13577446671,19.1651488,72.9380084
13579860190,19.1785675,72.9454489
13579860191,19.1786656,72.9451627
13579860192,19.178741,72.945049
13579932298,18.9382771,72.8379899
13579932299,18.9382309,72.8380519
13580034518,19.1830706,72.9495063
13580034521,19.1832742,72.9496884
13580034524,19.1832525,72.9493854
13580034525,19.1653017,72.9434999
13580034527,19.1650956,72.943309
13580034529,19.1651386,72.9433407
13580034530,19.1652138,72.9431043
13580034531,19.1652557,72.9431308
13580034532,19.1648666,72.9426378
13580034533,19.1648372,72.9426986
13580034534,19.1645931,72.9424855
13580034535,19.1645631,72.9425499
13580034536,19.1642395,72.9422888
13580034537,19.164209,72.9423579
13580034538,19.1638622,72.9420788
13580034539,19.1638293,72.9421519
13580034540,19.1633946,72.9419161
13580034541,19.1634279,72.9418371
13580034542,19.1633548,72.9417964
13580034543,19.1633201,72.9418757
13580034544,19.1614358,72.9454637
13580034547,19.1611289,72.9452557
13580034548,19.1612243,72.9453095
13580034551,19.1607858,72.9459663
13580147219,19.164705,72.9440937
13580147220,19.1646628,72.9440658
13580147221,19.1645814,72.9442127
13580147222,19.1646241,72.9442385
13580147223,19.1645078,72.9444466
13580147224,19.1644644,72.9444221
13580147225,19.1643382,72.9446511
13580147226,19.1643804,72.9446747
13580147227,19.1639925,72.9454667
13580147228,19.1639488,72.9454415
13580147229,19.1637086,72.9459343
13580147230,19.1637543,72.9459618
13580147231,19.1635815,72.9461949
13580147232,19.1636292,72.946222
13580147233,19.1634701,72.9464235
13580147234,19.1635172,72.9464547
13580147235,19.1657834,72.9489944
13580147236,19.1655487,72.9487104
13580147237,19.1656802,72.9486163
13580147238,19.1655634,72.9487048
13580147242,19.1656146,72.9487331
13580147243,19.1655882,72.9488008
13580147249,19.1656177,72.9487652
13580246891,19.1757137,72.9520022
13580246892,19.1759173,72.9518407
13580246894,19.1759067,72.9522484
13580246897,19.1757769,72.9520228
13580246899,19.1759441,72.9522027
13580247301,19.1758993,72.9519223
13580247302,19.1758977,72.9521505
13580247309,19.1761055,72.9524138
13580310167,19.1766664,72.9529674
13580310169,19.1770224,72.9532989
13580388004,19.1840435,72.9533847
13580388008,19.1839677,72.9536097
13580388009,19.1725215,72.9621702
13580388010,19.1725352,72.9622463
13580388012,19.1679666,72.9615088
13580388013,19.1678946,72.9614698
13580388015,19.1670779,72.9629774
13580388016,19.16715,72.9630321
13580388017,19.16679,72.9634188
13580388018,19.1668704,72.9634752
13580405623,19.1626114,72.9595248
13580405628,19.1636187,72.9571965
13580405630,19.1626103,72.9597801
13580405631,19.1625367,72.9597786
13580567012,19.1788534,72.9489372
13580567013,19.1788133,72.9489698
13580567016,19.1786544,72.9491599
13584156081,19.0257329,72.8786971
13584203873,19.2546172,72.8539077
13584203878,19.2546363,72.8538446
13584203881,19.254652,72.8539403
13584203884,19.2546971,72.8539285
13584203888,19.25462,72.8538652
13584203893,19.2551027,72.8560634
13584203894,19.2548954,72.8560789
13584286079,19.1593867,72.9450223
13584286080,19.1593364,72.9450798
13584286081,19.1595179,72.9451575
13584286082,19.1594643,72.9452115
13584286083,19.159727,72.9453764
13584286084,19.1596788,72.9454321
13584286085,19.1600524,72.9457107
13584286086,19.1600081,72.9457673
13584286087,19.1602342,72.9458886
13584286088,19.1601849,72.9459422
13584306188,19.2552621,72.8603499
13584306189,19.2553139,72.8603303
13584470505,19.0154695,72.8392525
13584470506,19.0153778,72.8393671
13584566778,19.2568746,72.8508773
13584566779,19.2568083,72.8510624
13584658160,19.2447079,72.8519583
13590816940,19.1435542,72.8242808
13590816949,19.1435818,72.8243414
13592000219,19.1658555,72.9437279
13592000220,19.1658321,72.9437875
13592081230,19.1566666,72.9501279
13592081233,19.1566652,72.9499781
13592081234,19.1570125,72.9487174
13592081235,19.1567286,72.9500018
13592081237,19.1566123,72.9500905
13592081245,19.1564926,72.9501653
13592081247,19.1564798,72.9503882
13592081248,19.1564238,72.9503693
13592081250,19.156427,72.9504812
13592894694,19.2322808,72.8568757
13592894695,19.2322755,72.8570019
13592894696,19.2328788,72.8569537
13592894697,19.2328641,72.8570815
13592894698,19.2317966,72.8568127
13592894699,19.2317853,72.8569357
13593361281,19.3011443,72.8686964
13593361282,19.3010942,72.8687735
13593361283,19.3010788,72.8687061
13593409669,19.3023388,72.8672714
13593483023,19.3034321,72.8653864
13593483024,19.303276,72.8652348
13593483025,19.3031939,72.8651663
13594346863,19.2142703,72.9769998
13597200150,19.2952052,72.8522848
13597418381,19.2952564,72.8555655
13597495215,19.1001822,72.8838779
13597681621,19.1994984,72.827966
13598108134,19.16794,72.9648734
13598108135,19.1679008,72.9649444
13598108136,19.1686705,72.9653528
13598108137,19.1686263,72.9654293
13598108138,19.1685176,72.9652424
13598108139,19.1684684,72.9653234
13598108140,19.1675517,72.9646275
13598108141,19.1675059,72.9646948
13598655825,19.293344,72.8563235
13598655827,19.2934504,72.8563403
13598655843,19.295533,72.8577953
13598885114,19.1211809,72.829795
13598885116,19.1041984,72.8298486
13598885120,19.1041885,72.8299296
13601847548,19.2952937,72.8533605
13601941448,19.2775136,72.9576994
13601941449,19.277609,72.9578284
13601941451,19.2835216,72.951893
13601941452,19.2836943,72.9519629
13601941453,19.2843097,72.9473663
13601941454,19.2841618,72.9473441
13601941458,19.2832784,72.9528912
13601941459,19.283255,72.9531519
13602227119,19.2838545,72.9510431
13602227120,19.2841314,72.9510781
13602227121,19.2839837,72.9510594
13602548090,19.2702838,72.9652829
13602548091,19.2702151,72.965169
13602548092,19.2701304,72.9650222
13602548093,19.270919,72.9665529
13603529485,19.2869988,72.8601531
13605326441,19.2708781,72.9689311
13605326442,19.270735,72.9688907
13605326446,19.2704321,72.9713245
13605326447,19.2703281,72.9713297
13605326448,19.2702843,72.9714183
13609057634,19.298124,72.8522787
13609057635,19.2984195,72.8521909
13609142489,19.2960191,72.8522856
13609142490,19.2960206,72.8523516
13609142492,19.2970472,72.8523129
13609142493,19.296978,72.8523115
13609142495,19.2969798,72.8523656
13610790389,19.2748927,72.9595346
13610790390,19.2749828,72.9596568
13614206224,19.1170466,72.8809676
13614206225,19.1169699,72.880975
13615108581,19.0745514,72.8709303
13615156514,19.0706173,72.8611817
13615156515,19.070599,72.8613216
13615156516,19.0677991,72.8607299
13615156517,19.0677676,72.8608585
13615156518,19.0671941,72.8605354
13615156519,19.0671512,72.8606658
13615156523,19.0608575,72.8641204
13616287393,19.06656,72.8561001
13616287394,19.0664896,72.8560847
13616325515,19.0619923,72.8565799
13617040678,19.0656366,72.8533079
13617040683,19.065333,72.8526789
13617040684,19.0652918,72.8527025
13617040685,19.065468,72.8544437
13617040686,19.0655057,72.8545067
13617040687,19.0650382,72.8547224
13617040688,19.0650771,72.8547882
13617040689,19.0644484,72.8551552
13617040690,19.0644114,72.8550855
13617040691,19.0642556,72.8552641
13617040692,19.0642177,72.8551966
13617040693,19.0635538,72.8556553
13617040694,19.0635226,72.8555908
13617040695,19.0625301,72.8562288
13617040696,19.0625037,72.8561876
13617040697,19.0629495,72.8559074
13617067002,19.0607965,72.8573376
13617092840,19.0605163,72.8514326
13617483789,19.0615262,72.8538757
13617483794,19.0615077,72.8540236
13617550905,19.0614568,72.8538837
13617550915,19.0614345,72.8536346
13617550919,19.0614367,72.8539863
13617550922,19.0596667,72.8552177
13617550926,19.0612949,72.8540928
13617550927,19.0613284,72.8541597
13617732047,19.0554597,72.8510362
13617732049,19.0555543,72.850993
13617732052,19.0557645,72.8510077
13619400535,19.0775529,72.8623288
13619400539,19.0775861,72.8623497
13619693606,19.0900706,72.8438261
13619939784,19.0606606,72.8586331
13621005351,19.2590559,72.9761083
13621005353,19.2588308,72.9760563
13621005354,19.2589096,72.976264
13621901230,19.0605784,72.851022
13621901231,19.0605104,72.8510254
13621901232,19.0605622,72.8500175
13621901233,19.0604965,72.8500193
13626310240,19.1249023,72.8647766
13626310242,19.1247858,72.8646368
13626310243,19.1180311,72.8632135
13626310246,19.1179175,72.8631957
13626310247,19.1179369,72.8631295
13626310248,19.1178359,72.8631729
13626310249,19.1178611,72.8630883
13626310251,19.1181206,72.8632485
13626310254,19.1178793,72.8634045
13629018030,19.059555,72.8553338
13629221955,19.1131915,72.8548015
13629221959,19.1118946,72.8586643
13629221962,19.1129017,72.8553997
13629221963,19.112991,72.8554294
13633876091,19.1119815,72.8532213
13633876092,19.1119773,72.8532992
13633876093,19.1111174,72.8532014
13633876094,19.1111391,72.8531098
13633876095,19.110897,72.8531423
13633876096,19.1109154,72.8530448
13633876097,19.1103831,72.8529107
13633876098,19.110369,72.8530245
13637469009,19.0554063,72.8439879
13637469012,19.055113,72.8432882
13637469013,19.0550767,72.8433067
13637469015,19.0613265,72.8415616
13637469017,19.0628326,72.8415425
13637469027,19.0630968,72.8416881
13639180050,19.1166999,72.8478809
13639180051,19.1167139,72.847772
13639940586,19.0626963,72.8415537
13639940587,19.0626967,72.8416599
13644386420,19.075223,72.8422503
13644386421,19.0751501,72.842266
13644386425,19.0752177,72.842208
13648828699,19.195339,72.8374975
13648926261,19.2102986,72.8301084
13648926262,19.2102126,72.830094
13648926263,19.2153531,72.8365896
13648926264,19.2152609,72.8365722
13648926266,19.2232315,72.8420232
13648926267,19.2232344,72.8419389
13648994720,19.2086701,72.8222361
13649016929,19.207107,72.8340458
13649033184,19.2196502,72.8409546
13649033185,19.2195253,72.8409498
13649033301,19.19541,72.8377401
13649033303,19.1954493,72.8374527
13649033306,19.1952259,72.8376851
13649175893,19.2193282,72.8379173
13649175894,19.2193277,72.8379932
13649278877,19.1963615,72.8101688
13649278878,19.1962635,72.8101636
13649287421,19.2043067,72.8267381
13649287422,19.2042634,72.8267104
13649287423,19.2045875,72.8261744
13649287424,19.2045517,72.8261474
13649360788,19.2034528,72.8363942
13649360792,19.2034322,72.8354926
13649360799,19.2034075,72.8377563
13649360800,19.2034056,72.8378398
13649362606,19.2034353,72.8414958
13649362627,19.203014,72.8494261
13649362632,19.2027696,72.8492691
13649362635,19.2030202,72.8493295
13651615237,19.2121829,72.8468437
13651615240,19.2124858,72.8481282
13652084593,19.2149063,72.8284634
13652084594,19.214904,72.8285366
13652084595,19.2146394,72.8284545
13652084596,19.2146388,72.8285216
13652084597,19.2143484,72.8284449
13652084598,19.2143466,72.8285051
13652084599,19.21382,72.8284236
13652084600,19.2138189,72.8284958
13652103601,19.2141361,72.8284363
13652103602,19.2141354,72.8285041
13652103603,19.2116112,72.8283221
13652103604,19.2116099,72.8284119
13652131272,19.2121763,72.8418522
13652131273,19.2121205,72.8419284
13652254282,19.2054316,72.8283185
13652312884,19.2121644,72.8461405
13652312885,19.2120594,72.8461332
13652385904,19.2126838,72.8519964
13652385905,19.2116382,72.851785
13654019770,19.191415,72.8373174
13654037095,19.1841911,72.8324335
13654037096,19.180315,72.8314284
13654037097,19.1804066,72.8314212
13654103705,19.1840905,72.8323271
13654103706,19.1841929,72.832357
13654103709,19.1824535,72.8317726
13654103710,19.1824415,72.8318548
13654758658,19.1959782,72.8192132
13654758659,19.1960396,72.8192651
13654758660,19.1963421,72.8187156
13654758661,19.1962767,72.8186906
13654758662,19.1965107,72.817997
13654758663,19.1964376,72.8179839
13654758667,19.1958469,72.8211394
13654758669,19.1958894,72.8219832
13654758670,19.1958942,72.8220607
13654758673,19.1958115,72.821225
13654758674,19.195879,72.8218861
13654802887,19.2036759,72.8287238
13654802888,19.2036499,72.8294414
13654802889,19.2036324,72.8297237
13654802890,19.2036025,72.8302315
13654802899,19.2032236,72.8336081
13654859204,19.2034465,72.8321055
13654859205,19.2034001,72.8320972
13654859208,19.2035399,72.8308691
13654859209,19.2036242,72.8304794
13654859210,19.2035805,72.8304784
13654859211,19.2036459,72.830233
13654859213,19.2036635,72.829985
13654859214,19.2036149,72.8299858
13654859215,19.2036872,72.8297267
13654859217,19.2037024,72.8294454
13654859219,19.2037283,72.8287191
13654859221,19.2037164,72.8291262
13654859222,19.2036602,72.8291265
13654859223,19.2037201,72.8284343
13654859224,19.203674,72.8284315
13654859225,19.2061996,72.822332
13654859226,19.2062472,72.8223547
13657812310,19.0481335,72.9098516
13657812311,19.0480907,72.9100372
13658634058,19.0435701,72.9229213
13658634061,19.043581,72.9230436
13658646356,19.0424209,72.9321521
13658646357,19.0423519,72.9321337
13658646358,19.0428101,72.9289857
13658646359,19.0424167,72.9320364
13658707414,19.0456482,72.9094359
13658707416,19.0455546,72.9092433
13658722650,19.0127076,72.8489718
13658722651,19.0125723,72.8494439
13658722656,19.0126053,72.8492025
13658722657,19.012573,72.8493013
13658722670,19.021313,72.8520807
13658722671,19.0203979,72.8535205
13658722673,19.0222284,72.8507184
13658722674,19.0218175,72.8513307
13658722680,19.0221052,72.850841
13658722681,19.0219392,72.8510831
13658722772,19.0153884,72.8516011
13658722774,19.0156116,72.8512585
13658722776,19.0155293,72.8514334
13658722780,19.015492,72.8513919
13658722781,19.0154993,72.8514818
13660719781,19.0649358,72.8993124
13660739193,19.0569851,72.9136145
13660739197,19.0569005,72.9138083
13660739198,19.0568588,72.9137742
13660739199,19.0563916,72.9146298
13660739200,19.0563512,72.9145965
13660755801,19.0555825,72.9158944
13660755802,19.0555391,72.9158663
13660755803,19.0548547,72.9170225
13660755804,19.0548124,72.9169943
13660755805,19.0543046,72.9178854
13660755806,19.054269,72.9178587
13660755807,19.0536078,72.9189786
13660755808,19.0535782,72.9189578
13660755809,19.0529677,72.9200601
13660755810,19.0529144,72.9200138
13661562603,19.0140943,72.8501808
13661562604,19.0140558,72.850253
13661562605,19.0156949,72.8516759
13661562608,19.016279,72.8521816
13661562609,19.016228,72.8522434
13661562610,19.0166273,72.8525721
13661562611,19.0165698,72.8526328
13661562612,19.0168475,72.8528373
13661562613,19.0167855,72.852907
13661562614,19.011528,72.8533511
13661562615,19.0114425,72.8536971
13661562635,19.0138069,72.8540544
13661562636,19.0136485,72.8543218
13664004433,19.1582093,72.9465249
13667198501,19.0195577,72.856206
13670806940,19.0004798,72.8463346
13670806941,19.0004841,72.8462138
13671537580,19.1847163,72.955096
13671621834,19.2193067,72.9781231
13671676552,19.0110384,72.8485032
13671676553,19.0110146,72.8485694
13673520574,19.1974884,72.984243
13673603149,19.0595147,72.9149384
13673603150,19.0594718,72.9149871
13673656714,19.058536,72.9176449
13673656715,19.0580384,72.9182112
13673656716,19.0579962,72.9181579
13673671789,19.0573631,72.918901
13673671790,19.0573141,72.9188553
13673671791,19.0571057,72.9193206
13673671792,19.0570451,72.9192907
13673724062,19.0591159,72.9235477
13673724063,19.0590238,72.9237016
13673740015,19.1301285,72.8966959
13673740016,19.1300763,72.8967939
13673740017,19.1296978,72.8964567
13673740018,19.1296385,72.8965518
13673961543,19.0609617,72.9157238
13673961544,19.0608997,72.9157271
13673973149,19.0005776,72.846251
13673973150,19.0005301,72.8461742
13674181397,19.0519698,72.9005032
13674197201,19.0520511,72.9007036
13674197204,19.0494982,72.8934939
13674285912,19.0607357,72.9133968
13674285913,19.0606637,72.9134044
13675070080,19.0518736,72.9004152
13675070081,19.0518664,72.900496
13675070082,19.0517313,72.900407
13675070083,19.0517286,72.9004864
13676889428,19.0517903,72.8939546
13676889430,19.0505007,72.8938523
13676889431,19.0505288,72.8937656
13676889432,19.0500356,72.8936638
13676889435,19.0495209,72.8934189
13676889436,19.0493131,72.8933744
13676889437,19.0493049,72.8934524
13676889438,19.0485855,72.89343
13676889439,19.0485832,72.8933319
13676889440,19.0483721,72.8933344
13676889441,19.0443949,72.8933318
13676889442,19.0444057,72.8934483
13676889443,19.0428488,72.8934015
13676889444,19.0428581,72.8935293
13676889446,19.0402542,72.8942976
13676889447,19.040308,72.8943921
13676889452,19.0386566,72.8948199
13676889453,19.0386668,72.8949151
13676889454,19.0370286,72.8950954
13676889455,19.0370199,72.8950301
13676889456,19.0367681,72.8951266
13676889457,19.0363812,72.8952246
13676994254,19.0584892,72.8861027
13676994256,19.0560089,72.8951112
13676994257,19.0560296,72.8949945
13677015858,19.0612078,72.9083541
13677025258,19.0509688,72.8936253
13677025261,19.051005,72.8939267
13677035095,19.2856215,72.869469
13677035096,19.2854715,72.8693476
13677237833,19.0480858,72.9003389
13677237834,19.0480851,72.9004121
13677237835,19.0483033,72.900342
13677237836,19.048304,72.9004139
13677237837,19.0468976,72.9004023
13677255091,19.048517,72.9003432
13677255092,19.0485177,72.9004157
13677255093,19.053941,72.8892038
13677255095,19.0537615,72.8895378
13677416153,19.0461151,72.9007174
13677416154,19.046016,72.9007098
13677459952,19.2735395,72.8630386
13677459953,19.2736013,72.8630743
13677995817,19.0389451,72.8919126
13677995821,19.0386401,72.891187
13677995822,19.0385891,72.8912173
13680939274,19.0543023,72.8947598
13680939278,19.0541168,72.8948659
13681043568,19.2349884,72.8406445
13681043570,19.2350948,72.8405445
13681043571,19.2349927,72.840538
13681043573,19.2350828,72.8406541
13681043574,19.2316329,72.8576803
13681043575,19.2321232,72.8577696
13681043576,19.2348732,72.858474
13681043578,19.2334754,72.8579449
13681043579,19.2334406,72.8580158
13681073483,19.0613381,72.8841334
13681073484,19.0612658,72.8840496
13681073487,19.0637252,72.8818914
13681073488,19.0637829,72.8819638
13681143729,19.0491777,72.9267745
13686749225,19.0091631,72.8477038
13686749226,19.0091348,72.8477821
13686749227,19.0083591,72.8473548
13686749228,19.0083369,72.8474243
13686797151,19.0176141,72.8440807
13686797158,19.0174736,72.8440508
13686823154,19.0043516,72.8431009
13686823155,19.004422,72.8430445
13686862700,19.0205305,72.8564498
13686865201,19.0205153,72.8565208
13687881985,19.0568365,72.8843467
13687881986,19.0573334,72.8847711
13687881987,19.057466,72.8848741
13687881988,19.0574128,72.8849527
13687881989,19.0577155,72.8850678
13687881990,19.0576628,72.8851455
13687881991,19.0580868,72.8853527
13687881992,19.0582416,72.8854738
13687881993,19.058188,72.8855522
13687881994,19.0585578,72.8857213
13687881995,19.0585028,72.8858064
13689201525,19.0471368,72.8781123
13689201526,19.0471707,72.8782566
13690633202,19.0534081,72.9206177
13690633203,19.0533839,72.9206857
13691092439,19.0412273,72.9381973
13691092441,19.0377951,72.9452333
13691092442,19.0377583,72.9451626
13691092443,19.0372819,72.9455741
13691092444,19.0372414,72.9455086
13695108310,19.0479009,72.9142924
13695108312,19.0487245,72.9144293
13698318584,18.9267606,72.8333999
13698318585,18.9266912,72.8339455
13698318586,18.9264036,72.8338703
13700547679,18.9249729,72.8321506
13700572817,18.9257571,72.8330207
13700572818,18.9256546,72.8330686
13700599274,18.9339447,72.8402529
13700651181,18.9381779,72.8370125
13700651182,18.9366953,72.8369763
13700725452,18.9393584,72.8360457
13701145280,18.9554628,72.8083652
13701145285,18.9550964,72.8078328
13701955561,18.9305186,72.8313025
13701955562,18.9305172,72.8314036
13701955563,18.928638,72.8314525
13701955564,18.9284243,72.8313486
13701955565,18.9284335,72.8314551
13701955566,18.9311692,72.831562
13701955567,18.9311638,72.8313541
13701979053,18.9359251,72.8392587
13701979054,18.9359043,72.8393347
13701996607,18.9321896,72.8344119
13702074447,18.9298835,72.8255107
13702074448,18.9297954,72.8256313
13702074449,18.9297177,72.8253714
13702074450,18.92962,72.8254922
13702074457,18.9314663,72.8268095
13702074458,18.9313677,72.8269324
13703142007,19.0994849,72.9083998
13703142010,19.0945571,72.9079131
13703412793,19.1033734,72.9113005
13703412794,19.1033909,72.9114048
13710546718,19.0934137,72.8996607
13710546719,19.0935663,72.899724
13710546725,19.0931532,72.900433
13711148076,19.0973609,72.9077518
13711148077,19.097363,72.9078258
13711148095,19.0878937,72.904982
13711214602,19.0980295,72.9077179
13711214603,19.0980293,72.9077927
13711232880,19.0882567,72.906228
13714582211,19.1516212,72.9894163
13714582212,19.151656,72.9893688
13714582219,19.1515624,72.9893776
13714582220,19.1515904,72.9893131
13717731388,19.0921139,72.9023809
13717731389,19.0923339,72.902509
13717877799,19.0846329,72.9051872
13717893201,19.0855869,72.9055099
13717893203,19.0861602,72.9056589
13717893206,19.0864064,72.9056884
13717893207,19.0870597,72.9058382
13718113579,19.0898938,72.9077449
13718113580,19.0898913,72.9078595
13718113581,19.0903209,72.9077522
13718113582,19.0903162,72.9078582
13718113583,19.0905332,72.9077249
13718113584,19.0905401,72.9078231
13718317702,19.1792069,72.8636862
13718317716,19.1792474,72.8624815
13718317717,19.179182,72.8624816
13718317718,19.1792567,72.8623015
13718317719,19.1791947,72.8622973
13718317723,19.1795946,72.8612134
13718317730,19.1799258,72.8596839
13718317731,19.1798663,72.8596566
13718424102,19.1856431,72.8525441
13718558331,19.1812098,72.8583501
13718618586,19.1835073,72.8541714
13718618587,19.1835092,72.8540524
13718618588,19.1833836,72.8541345
13718618596,19.1834167,72.8540421
13718627911,19.1834627,72.8538895
13718627912,19.1834092,72.8538873
13718627913,19.1834612,72.8536961
13718627914,19.1834076,72.8536917
13718627915,19.1834734,72.8534184
13718627916,19.1834052,72.8534114
13718627917,19.1835405,72.8524433
13718627918,19.1834786,72.8524349
13718627919,19.1835518,72.8523189
13718627920,19.1834901,72.8523144
13718627921,19.1836032,72.8517518
13718627922,19.1835436,72.8517452
13718627923,19.1836198,72.8512302
13718941762,19.1762815,72.8511208
13718941777,19.176431,72.8521852
13718941778,19.1763752,72.8522156
13718941779,19.1765028,72.8523933
13718941780,19.1764461,72.8524259
13718980975,19.1836264,72.8638263
13718980976,19.1828001,72.8639134
13718980978,19.1836223,72.8638986
13718980981,19.1831401,72.8638901
13718980985,19.1831313,72.8638279
13719012983,19.0823632,72.9089874
13719012985,19.0823524,72.9090187
13719012990,19.0843662,72.9140955
13719082384,19.0876832,72.9041896
13719082385,19.0878182,72.9042933
13719082388,19.0870591,72.9001851
13719082389,19.0869593,72.9002048
13719082390,19.0869286,72.8994722
13719082391,19.0868417,72.8994933
13719082393,19.080719,72.8902872
13719082394,19.0808956,72.89067
13719082395,19.0808391,72.8906916
13719082398,19.0814095,72.8922793
13719082399,19.0813478,72.8923044
13719142001,19.0821644,72.8945393
13719142002,19.0821261,72.8945577
13719798763,19.0796077,72.8940369
13719798764,19.0795514,72.8940618
13719798766,19.080467,72.8959898
13719798767,19.0804056,72.896028
13719841410,19.091892,72.9121145
13719841411,19.0919832,72.9121591
13719841412,19.0917653,72.9124299
13719841413,19.0918505,72.9124727
13719841414,19.0915016,72.913086
13719841416,19.0908857,72.9142797
13719841417,19.0909386,72.9143314
13719841418,19.0898241,72.9157031
13719841419,19.0898901,72.9157434
13720570068,19.183405,72.8582779
13720570069,19.1834002,72.8583583
13720591890,19.1826848,72.8584886
13720601485,19.1971537,72.8786521
13720601493,19.1970466,72.8723855
13720601495,19.1971196,72.8725298
13720643001,19.1970695,72.8725491
13720643005,19.1971414,72.8724305
13720643011,19.197163,72.8736812
13720643012,19.1970983,72.873685
13720643013,19.1971721,72.8741503
13720643014,19.197102,72.8741531
13720643022,19.1972022,72.8685028
13720643029,19.1940262,72.8682557
13720643031,19.1972584,72.8684376
13720643033,19.1972917,72.8687139
13720643034,19.1972352,72.8687089
13720645658,19.188508,72.8586199
13722976500,19.2006564,72.8729065
13723058955,19.2139145,72.8688447
13723058956,19.2139497,72.8688993
13723058957,19.2133545,72.8692197
13723058958,19.2133899,72.869284
13723058961,19.2144575,72.8685558
13723058962,19.2143499,72.8685915
13723058963,19.2130708,72.8692172
13723058964,19.2130751,72.869305
13723058965,19.2129024,72.8692158
13723058966,19.2129034,72.8693057
13723058967,19.2126876,72.8693067
13723058968,19.2126844,72.8692139
13723058969,19.2116944,72.8692321
13723058970,19.2116987,72.8691664
13723058971,19.211305,72.8692302
13723058972,19.2113084,72.8691533
13723058973,19.2108894,72.869118
13723058974,19.2108866,72.8692074
13723058975,19.2091862,72.8688912
13723058976,19.2092207,72.8688062
13723058977,19.2089323,72.8687416
13723058978,19.2089719,72.8686621
13723075800,19.2057292,72.8725029
13723086703,19.2058819,72.8726692
13723086724,19.2005868,72.8735911
13723179001,19.2005741,72.8728945
13723179002,19.2006896,72.8725795
13723179003,19.2006068,72.8725738
13723179005,19.2007958,72.8714654
13723179006,19.2007147,72.8714652
13723179007,19.2008467,72.8708651
13723179008,19.2007666,72.8708614
13723179009,19.2008766,72.8705126
13723179010,19.2007972,72.8705103
13723179011,19.2008999,72.8702384
13723179012,19.200821,72.870237
13723179013,19.2009196,72.8700065
13723179014,19.2008421,72.869995
13723179015,19.2009449,72.8697073
13723179016,19.2008682,72.8696964
13723179017,19.201013,72.8688836
13723179018,19.2009393,72.8688771
13723179021,19.2010923,72.8671393
13723179022,19.2011777,72.8671559
13723183133,19.1734732,72.8812673
13723183134,19.1734736,72.8813328
13723183135,19.1737342,72.8813184
13723183137,19.1763545,72.8775056
13723183139,19.1763724,72.8776091
13723217785,19.1721104,72.8744535
13723217786,19.1720044,72.8744318
13723217787,19.1720962,72.8743621
13723740765,19.0812539,72.8917994
13723740766,19.081204,72.8918195
13724654543,19.1663261,72.8540701
13724654545,19.1663447,72.8544652
13724654549,19.1663101,72.8542475
13725384759,19.076281,72.8889384
13726850488,19.1581135,72.8509781
13727957891,19.163401,72.8510821
13727957893,19.1630584,72.8511133
13727957897,19.1627594,72.8511265
13727957898,19.1625632,72.8511354
13727972303,19.1624214,72.8511358
13727972304,19.162192,72.8511242
13727972309,19.1609998,72.85097
13727972311,19.1599073,72.8507935
13728743877,19.1716753,72.8540388
13728743879,19.1725043,72.8540593
13728743882,19.1718847,72.8540499
13728743884,19.171882,72.8539923
13728743888,19.172397,72.8540216
13728743889,19.1723919,72.8540834
13728765343,19.086563,72.9056823
13728765344,19.0865597,72.9057256
13728770003,19.1686228,72.8495655
13728770004,19.1682037,72.8495655
13728774529,19.1661669,72.8515951
13728774534,19.1654835,72.8509413
13729961459,19.14772,72.8558432
13729961460,19.1477139,72.8559213
13729961461,19.146759,72.8557454
13729961462,19.1467551,72.8558315
13729998233,19.1401305,72.8532162
13729998234,19.1401792,72.8532
13730003355,19.1398628,72.8546565
13730599849,19.1802932,72.8581623
13730599850,19.1786333,72.8581906
13730599851,19.1814767,72.8575618
13730599852,19.1815156,72.857611
13730599853,19.1821373,72.8499854
13730599854,19.182135,72.8500703
13730599855,19.1819228,72.8499918
13730599856,19.181925,72.8500692
13730599857,19.1818111,72.8499962
13730599858,19.1818152,72.8500698
13730599859,19.1815084,72.8500752
13730599860,19.1815089,72.8500081
13730599861,19.1811778,72.8500216
13730599862,19.1811773,72.850081
13730599863,19.1805898,72.8500473
13730599864,19.1805939,72.8501075
13731339382,19.1803528,72.850122
13731339383,19.1803501,72.850059
13731339384,19.1790014,72.850161
13731339385,19.1790026,72.8502296
13731339386,19.1782137,72.8502973
13731339389,19.1783339,72.8502474
13731339390,19.1783387,72.8503092
13732291231,19.136945,72.8547725
13732291233,19.1369631,72.8551766
13732603779,19.1716084,72.8590892
13732603780,19.171654,72.8590952
13732758315,19.1774932,72.858722
13733754819,19.1974532,72.9926361
13733754820,19.1973749,72.9926791
13733754827,19.1968195,72.9906903
13733754828,19.1967377,72.9907188
13733782462,19.1940955,72.9890267
13733935624,19.2063648,72.8657365
13733935625,19.2062841,72.8656591
13734025714,19.1488569,72.8559495
13734025715,19.148846,72.8560242
13734223107,19.1396677,72.8546074
13734223108,19.1396675,72.8546689
13734223109,19.1395129,72.854618
13734223110,19.1395126,72.8546813
13734361085,19.1274717,72.8555693
13734361086,19.1274707,72.8554054
13734361087,19.1286019,72.8555475
13734361088,19.1286039,72.8553778
13734499236,19.2618414,72.9688842
13735220174,19.207669,72.9995709
13736574674,19.2014677,72.997443
13736574675,19.2013748,72.9974975
13736574679,19.2046152,72.9997962
13736729652,19.0480989,72.8591032
13736729653,19.0480547,72.8591033
13736820892,19.1954911,72.97337
13736820893,19.1956115,72.9733365
13737018156,19.0708615,72.9070392
13744397693,19.1942471,72.9948014
13747583628,19.0718026,72.9080153
13747583631,19.0716083,72.9080891
13747583632,19.0712321,72.9083545
13747643733,19.1071882,72.8593037
13747643734,19.1072836,72.8592087
13747643735,19.1071809,72.8591307
13748560586,19.2069123,72.865342
13748560587,19.2068499,72.8653431
13748560588,19.2068811,72.865393
13748560589,19.2069143,72.8653657
13754208739,19.1076605,72.9010496
13754239251,19.113175,72.8547335
13755049619,19.2642268,72.9777871
13755049621,19.2641366,72.9782792
13755049622,19.2639875,72.9778601
13757859361,19.1823198,72.9660742
13757945176,19.1491333,72.8297225
13757945178,19.1489982,72.8313792
13757945179,19.1489909,72.831495
13758246171,19.116278,72.8403205
13758246173,19.1161852,72.8403369
13759083095,19.1641724,72.93766
13759083098,19.1638415,72.9372062
13760893285,19.2019731,72.856422
13760893289,19.2020756,72.8563754
13760893290,19.2020599,72.856434
13760893293,19.201421,72.8563939
13760893294,19.2014406,72.8564407
13762463344,19.1973792,72.8725516
13762463345,19.1973927,72.8723911
13765678316,19.2280216,72.9817275
13765678317,19.2278891,72.9818177
13765867241,19.1970428,72.8603156
13765867242,19.197021,72.8604223
13765867243,19.1966918,72.8602422
13765867244,19.1966705,72.860354
13765867247,19.1998693,72.8609653
13765867249,19.1990623,72.8609364
13765867255,19.1978095,72.860714
13765867256,19.1984972,72.8610116
13765867257,19.1985293,72.8608418
13766221799,19.2633831,72.9711863
13766221800,19.2632659,72.9710753
13766247798,19.2865251,72.937838
13766262001,19.2600591,72.9692726
13766262002,19.260072,72.9694383
13766349501,19.2632598,72.9711808
13766349502,19.2630179,72.9710561
13766349503,19.2630072,72.971169
13766600593,19.2797824,72.8911536
13766600594,19.2797654,72.8912391
13767830994,19.1972439,72.8779708
13767830995,19.1971572,72.8779725
13767830996,19.1971557,72.8776889
13767830997,19.197243,72.8776889
13767830998,19.1972423,72.877504
13767830999,19.1971547,72.8775032
13769259590,19.1463078,72.8364581
13769259593,19.1464684,72.8365791
13769598236,19.0509365,72.8657338
13769598237,19.0509818,72.8656565
13769982812,19.2803818,72.9553874
13769982821,19.2804611,72.9556132
13769982832,19.2833986,72.9527095
13769982833,19.2830424,72.9526475
13769982834,19.2831746,72.952639
13770003158,19.2676538,72.9663034
13770424269,19.2662839,72.9828398
13770424270,19.2662357,72.9828697
13770424271,19.2661299,72.9824747
13770424272,19.2660707,72.9825016
13770424273,19.2658293,72.9817877
13770424274,19.2657714,72.9818225
13770424275,19.2657403,72.9815888
13770424276,19.2656813,72.9816185
13770424277,19.2655753,72.9813616
13770424278,19.2655323,72.9806337
13770424279,19.2654727,72.9806603
13770424280,19.2653192,72.980244
13770424281,19.2652572,72.9802775
13770424282,19.2651506,72.9799753
13770424283,19.2650871,72.9800106
13770424284,19.2649324,72.9797979
13770424287,19.2647423,72.9794382
13770424288,19.2646866,72.9794591
13770424289,19.2645495,72.9788401
13770424290,19.2644937,72.9788688
13770424295,19.2639523,72.9778193
13770424296,19.2638635,72.9778963
13770424299,19.2617405,72.9770051
13770424300,19.2617209,72.9771289
13770434101,19.2615385,72.9769615
13770434102,19.2615116,72.9770875
13770434103,19.2609945,72.9768317
13770434104,19.2609701,72.9769615
13770434106,19.2599945,72.9765558
13770434107,19.2599683,72.9766755
13771102894,19.2841993,72.9506003
13771102895,19.2839299,72.9504477
13771102896,19.2840605,72.9505217
13771355323,19.2673549,72.9720688
13771355339,19.2674213,72.9720145
13771355342,19.2674637,72.9720504
13773893048,19.2017331,72.8240588
13773893049,19.2016873,72.8240271
13773893050,19.2018671,72.8238267
13773893051,19.2018214,72.8238
13773981730,19.1983516,72.8278547
13773981731,19.1983582,72.8277561
13774426555,19.1954446,72.8364224
13774426556,19.1953734,72.8364093
13778926630,19.1891631,72.8196749
13778926631,19.1891487,72.8197526
13778926633,19.1919818,72.8219474
13778926634,19.1919783,72.8220383
13778926636,19.206436,72.8219426
13778926637,19.2063922,72.8219182
13778926638,19.1960395,72.82246
13778926639,19.1959351,72.8224729
13780043904,18.9528479,72.8173571
13780043905,18.9528894,72.8173846
13780043909,18.95299,72.8175593
13780043912,18.9527327,72.8175895
13780408164,19.2110729,72.9672362
13786409204,19.1963915,72.8093038
13786409205,19.1962996,72.8092983
13786409206,19.1963788,72.8098248
13786409207,19.1962787,72.8098203
13786409210,19.1957908,72.8199991
13786434600,19.2012299,72.8249035
13786441501,19.2011783,72.8248678
13786441502,19.2008049,72.8256487
13786441503,19.2007538,72.8256151
13786441504,19.2007181,72.8258033
13786441505,19.2006658,72.8257713
13786441506,19.2005677,72.8260708
13786441507,19.2005167,72.8260363
13786441508,19.2002901,72.8265638
13786441509,19.2002407,72.8265314
13786441510,19.1997364,72.8275526
13786441511,19.1996865,72.827522
13786521450,19.2037211,72.828964
13786521451,19.2036665,72.8289655
13786521452,19.203487,72.8317795
13786521453,19.203439,72.8317726
13787809090,19.1978508,72.9678393
13787809091,19.1978657,72.9677165
13787809092,19.1977275,72.9678489
13787809093,19.1977838,72.9676662
13787873110,19.1973248,72.967533
13787873112,19.1976887,72.9677624
13787873116,19.1967541,72.9716512
13787873118,19.1967762,72.9715297
13787921050,19.2060962,72.9635544
13787921051,19.2060523,72.9636099
13787992814,19.2011719,72.9740548
13787992817,19.2011953,72.9739582
13787992818,19.2012507,72.9740261
13788003645,19.1973181,72.9823847
13788003649,19.1988802,72.9816279
13788003650,19.1989072,72.9816177
13788764062,19.2150351,72.9779995
13788764069,19.2145186,72.981489
13788764072,19.2146118,72.9793644
13788764073,19.2146781,72.979377
13788778712,19.2178526,72.9822129
13788778713,19.2179567,72.9821996
13788778715,19.2177262,72.981416
13788778716,19.2178189,72.9813978
13788861618,19.2050399,72.9995606
13788861619,19.2050576,72.9996232
13789266313,19.06084,72.884397
13789266314,19.0609148,72.8845038
13789266315,19.0620592,72.8831486
13789266316,19.0619992,72.8831966
13789266317,19.0608288,72.8813394
13789266318,19.0607722,72.8813521
13789652001,19.0604469,72.8994853
13789652005,19.0602961,72.8994066
13789930609,19.0575447,72.8898088
13789930610,19.0575643,72.8898849
13789930611,19.0563371,72.8898557
13789930612,19.056296,72.8898849
13789930613,19.056106,72.8894597
13789930614,19.0560623,72.8894922
13795940227,19.0929502,72.8828325
13795940239,19.0962441,72.8836627
13796109029,19.0940856,72.8832608
13796109030,19.0940201,72.8832444
13796109032,19.0935851,72.886671
13796109035,19.0856941,72.8836814
13796109036,19.0856858,72.8837361
13796109037,19.0875929,72.8840929
13796109038,19.0875854,72.8841246
13796109039,19.0879126,72.8841576
13796109040,19.0879092,72.8841875
13796109041,19.0887748,72.8843333
13796109042,19.0887678,72.8843665
13796109046,19.0893669,72.884461
13796109047,19.0893609,72.8844894
13796109051,19.0926624,72.8852116
13796109052,19.0928632,72.8852189
13796109053,19.0928564,72.8852512
13797636932,19.0481912,72.8656372
13797636933,19.0486136,72.8657401
13797636934,19.0485873,72.8658396
13797636936,19.0497098,72.8661907
13797636937,19.0496754,72.8662687
13797636938,19.0506718,72.866671
13797636939,19.0506357,72.8667493
13797636940,19.0509877,72.8668329
13797636941,19.0509484,72.8669126
13797636942,19.0511587,72.8670224
13797636943,19.0511982,72.8669407
13797994634,19.2099446,72.9941567
13797994635,19.2099734,72.9942404
13797994637,19.2116678,72.9941657
13797994638,19.2116574,72.9942894
13799110863,19.0751153,72.8722225
13799110864,19.0749017,72.8723356
13799110866,19.0744759,72.8713575
13799110877,19.078399,72.8771731
13799160901,19.0758299,72.8771945
13799160902,19.0757759,72.8772797
13799160903,19.0733933,72.8712044
13799160904,19.0734201,72.8712908
13799252804,19.2283354,72.9700954
13799252805,19.228288,72.9700926
13799252809,19.2284232,72.9721838
13799252810,19.2283359,72.972185
13799252812,19.2284447,72.9729032
13799252813,19.2283749,72.9729047
13799510468,19.2095175,72.9737521
13799510469,19.2096015,72.9736604
13799510470,19.2096704,72.9736759
13799510471,19.2095601,72.9737947
13799510472,19.2096444,72.9737039
13800180720,19.0858319,72.8867721
13800180721,19.0858173,72.8868312
13800180722,19.0855385,72.8866972
13800180723,19.0855244,72.8867532
13800431822,19.1999979,72.9774278
13800431824,19.1999165,72.9774262
13800431833,19.2031227,72.978156
13800431839,19.1999245,72.977371
13800431840,19.2000061,72.9773704
13800431842,19.2007398,72.9775276
13800431843,19.2007265,72.9775806
13800431844,19.2009661,72.977583
13800431845,19.2009535,72.9776301
13800431847,19.2014381,72.9776798
13800431848,19.2014249,72.9777419
13800431850,19.202076,72.9778013
13800431851,19.2020644,72.9778575
13800431852,19.2033515,72.9780753
13800431853,19.203361,72.9781406
13800431854,19.2041773,72.9778592
13800431855,19.2041919,72.9779142
13800513449,19.2140647,72.8676834
13800542660,19.2143328,72.9585658
13800542662,19.2144526,72.9585129
13800542663,19.214529,72.9586506
13800665274,19.2083094,72.9589163
13800665275,19.2082537,72.9589497
13800665276,19.2078012,72.9580598
13800763876,19.2621244,72.984983
13800763877,19.2621957,72.9850966
13801056737,19.2610965,72.9787926
13801056740,19.2614096,72.9776774
13801056741,19.2612896,72.9776586
13801056742,19.2613623,72.9779504
13801056743,19.2612486,72.9779322
13802289406,18.9982157,72.8279247
13802289407,18.9981595,72.827923
13802289408,18.9981984,72.8281703
13802289409,18.998146,72.8281671
13802289410,18.986306,72.8315725
13802289413,18.9862614,72.8317652
13802289416,18.9862622,72.8318399
13802289418,18.9849037,72.8318409
13802289419,18.9849055,72.8319112
13802289420,18.9839927,72.8318749
13802289421,18.9839936,72.8319432
13802289422,18.9834706,72.8318734
13802289423,18.9834705,72.8319406
13802289424,18.9833739,72.8318734
13802289425,18.9833716,72.8319403
13802289426,18.9817492,72.8319184
13802289427,18.9817496,72.8319879
13802289428,18.9809658,72.8319709
13802289429,18.9809663,72.8320388
13802289430,18.9806987,72.831975
13802289431,18.9806991,72.8320514
13802289432,18.9804353,72.8319826
13802289433,18.9804371,72.8320599
13802299616,18.9893922,72.8228491
13802299617,18.9893515,72.8229441
13802299621,18.989174,72.8227338
13802299622,18.987973,72.822947
13802299623,18.9880183,72.8230478
13802511354,18.9872475,72.8319989
13802511360,18.9870542,72.831806
13802511366,18.987054,72.8319541
13802896718,18.9949309,72.8393384
13802896719,18.9948613,72.8393266
13803051041,18.9945181,72.8439503
13803051042,18.9944278,72.8439407
13803051043,18.9946333,72.842649
13803051044,18.9945386,72.8426404
13803051045,18.9947701,72.8410198
13803051046,18.9946866,72.8410097
13803281542,19.2696582,72.9714771
13803281545,19.2700408,72.9714651
13803573656,19.2411819,72.9817532
13803573657,19.241276,72.9817257
13803573658,19.2407267,72.9809043
13803573659,19.240755,72.981012
13803573660,19.2401979,72.9811155
13803573661,19.2402326,72.9812445
13803698430,19.2587896,72.9758533
13803698431,19.2589254,72.9758053
13803698432,19.2583026,72.9750759
13803698433,19.2583812,72.9749696
13806567309,18.9859414,72.8311342
13806567310,18.9858902,72.831198
13806567311,18.9853249,72.8305654
13806567312,18.9852607,72.8306386
13806567313,18.9848444,72.8301259
13806567314,18.9847864,72.8302051
13806567315,18.9845187,72.8298277
13806567316,18.9844593,72.8299063
13806567317,18.9842762,72.8296056
13806567318,18.9842145,72.8296825
13806587095,18.9781858,72.8321327
13806587096,18.978184,72.832211
13806617652,18.9819257,72.8274573
13806617653,18.9818621,72.8275328
13806617654,18.9817169,72.8272665
13806617655,18.9816565,72.827345
13807731940,19.0556182,72.8509272
13807899486,19.1533995,72.8565361
13811447812,19.2393092,72.9758683
13811630337,19.2247561,72.9944503
13811630338,19.2245675,72.9945771
13814842310,19.2408889,72.9769865
13814842311,19.240953,72.977041
13814842324,19.2396814,72.9809555
13814951631,19.2489156,72.9841054
13815588029,19.0465734,72.8658511
13815588030,19.0464428,72.8659903
13816398944,18.9799444,72.8257525
13816398945,18.9799036,72.8258019
13816398946,18.9797157,72.8255474
13816398947,18.9796751,72.8255994
13816398948,18.9794012,72.8252652
13816398949,18.9793571,72.8253175
13817629810,19.2306877,72.8629356
13817629811,19.2307225,72.8631095
13817938926,19.2822481,72.9541109
13817938927,19.2823282,72.9541759
13818898153,19.1840382,72.9792704
13818959076,19.1973067,72.9801106
13818959077,19.19711,72.9802793
13819013816,19.1910818,72.976377
13819013817,19.1912627,72.976077
13819013820,19.1911139,72.9762789
13819195792,19.2632658,72.9680137
13819195793,19.2633759,72.9681133
13819263232,19.1993595,72.8218451
13819263235,19.1981639,72.8217865
13819263238,19.1968058,72.821682
13819263241,19.1958722,72.8218181
13819263242,19.2012189,72.8213957
13819263246,19.1959708,72.8217993
13819263247,19.1987328,72.8218482
13819263251,19.1998843,72.8215761
13819263252,19.1998989,72.8216392
13819263253,19.199367,72.8218909
13819263254,19.198985,72.8218595
13819263255,19.1989782,72.8219039
13819263256,19.1981582,72.8218587
13819263257,19.1979787,72.8217623
13819263258,19.1979704,72.8218355
13819263259,19.197678,72.821723
13819263260,19.1976697,72.8217983
13819263261,19.1973037,72.8216842
13819263262,19.1972956,72.8217521
13819263263,19.1975029,72.8217046
13819263264,19.1974926,72.8217764
13819263265,19.197064,72.821682
13819263266,19.1970597,72.8217479
13819263267,19.1968114,72.8217578
13819263268,19.1965889,72.8217061
13819263269,19.1965945,72.8217685
13819263270,19.1964353,72.8217232
13819263271,19.1964359,72.8217851
13820044822,19.2241287,72.8643809
13820354780,19.2165123,72.9782881
13820354781,19.2165621,72.9779917
13820696753,19.2153154,72.9921966
13820696754,19.2152478,72.9921347
13820969941,18.9655852,72.8456225
13820969942,18.9656074,72.8458416
13821218767,19.2346758,72.987486
13821218768,19.2346952,72.9875668
13821218770,19.2340271,72.9877494
13821218773,19.2339885,72.9880605
13822911971,18.9978934,72.8376206
13822911975,18.9977446,72.8378403
13827174112,18.9786246,72.8115371
13827971688,19.2170982,72.9719037
13828513301,19.0063059,72.8201385
13828513302,19.0061996,72.8201424
13830121867,19.1878472,72.9750516
13830121868,19.1879182,72.9750588
13830144955,19.1869819,72.9753861
13830144962,19.1878787,72.9756858
13830528568,18.9254756,72.8320573
13830680314,19.2283012,72.9695917
13830680315,19.2281977,72.9695884
13830680316,19.2282589,72.9698174
13830680317,19.2283087,72.9698003
13830680318,19.2283579,72.9696661
13830680336,19.2280326,72.969666
13830680337,19.2282101,72.9694754
13830680338,19.2280349,72.969825
13830680339,19.22827,72.9699226
13830680340,19.2283275,72.9700085
13830680341,19.2284868,72.9698826
13830680342,19.2283131,72.9694728
13830680343,19.2285254,72.9697017
13831045216,19.2769378,72.8895234
13833490785,19.2333084,72.9761038
13833490786,19.2333146,72.9762291
13833629153,19.2194572,72.9663146
13833629154,19.2194002,72.9664324
13833629155,19.2197672,72.9663415
13833629156,19.2193072,72.966416
13833629159,19.2194483,72.9663903
13833629180,19.2195428,72.9655879
13835136374,19.215102,72.9824061
13835136377,19.2150884,72.9819797
13835136383,19.2151441,72.982401
13835530418,19.2660165,72.870673
13835530419,19.2659616,72.8706803
13835530423,19.2659787,72.8707246
13835530434,19.2668989,72.8732467
13840173346,19.2741954,72.869655
13840173347,19.2741543,72.8697393
13840173348,19.274023,72.8696733
13840173349,19.2740753,72.8695871
13840173350,19.2738819,72.869809
13840335946,19.2150801,72.9870248
13840335947,19.2150192,72.9870287
13840335948,19.2150839,72.9877054
13840335949,19.2150301,72.9877067
13840721725,19.2670355,72.8765707
13840721726,19.2686751,72.8758493
13840721727,19.2688478,72.8758817
13840721728,19.2688391,72.8758443
13840721729,19.2687915,72.8759734
13840721730,19.2686928,72.8759501
13842517977,19.268795,72.8779227
13842517978,19.2687444,72.8779935
13842517982,19.2700935,72.8793357
13842517984,19.2700294,72.8793817
13842517989,19.2708374,72.8803925
13842517990,19.2707636,72.8804518
13842517994,19.2722219,72.8824204
13842517997,19.2724598,72.8825384
13844086531,19.2695624,72.87447
13844086532,19.2696682,72.8745223
13844086533,19.2696932,72.8721733
13844086534,19.2697095,72.8722691
13844086535,19.2696311,72.8721729
13844086536,19.2696343,72.872289
13844361417,19.1191837,72.9321929
13844361431,19.125121,72.9327142
13844361435,19.1248527,72.932772
13844361438,19.1191105,72.932215
13844361439,19.1191786,72.9322594
13844361440,19.1219482,72.9324564
13844361441,19.1219422,72.932547
13844361444,19.1250335,72.9327699
13845955059,19.0461743,72.8596683
13845955060,19.0464402,72.8598896
13845955061,19.046394,72.8599615
13845998561,19.0457044,72.8592955
13845998562,19.0456609,72.8593585
13845998563,19.0447213,72.8585821
13845998564,19.0447595,72.8585273
13845998565,19.0445525,72.8583687
13845998566,19.0445151,72.8584167
13845998567,19.0440456,72.8579804
13845998568,19.0439594,72.8579116
13845998569,19.0439306,72.8579501
13845998570,19.0433908,72.8574447
13845998571,19.0433446,72.8574964
13845998572,19.0431184,72.8572923
13845998573,19.0431581,72.8572418
13845998576,19.040918,72.8554995
13845998577,19.0408933,72.8555606
13845998579,19.0340226,72.8525552
13845998580,19.0340764,72.8525863
13845998581,19.0341606,72.8522559
13845998582,19.0342183,72.8522903
13845998583,19.031881,72.8493834
13845998584,19.0318386,72.8494442
13846099201,19.0370584,72.8442959
13847213883,19.0385771,72.8527898
13847213884,19.0386305,72.8528342
13847213890,19.0355516,72.853018
13847213891,19.0339251,72.8528459
13848112221,19.1098015,72.9307293
13848112228,19.1090789,72.9325552
13848112229,19.1090799,72.9322306
13848112230,19.1090054,72.9325296
13848112232,19.1095706,72.9319408
13848112237,19.1092748,72.932033
13848112238,19.1092467,72.9320117
13848478043,19.1243517,72.9252209
13848478046,19.1247413,72.9252164
13848478047,19.124736,72.925309
13848883938,19.0497002,72.856832
13848883939,19.0496405,72.8569342
13848987184,19.1630419,72.9615655
13848987189,19.1628115,72.9621773
13851434040,19.2195542,72.9834274
13851434041,19.2195943,72.983511
13851566377,18.9762774,72.844894
13851566378,18.9762635,72.8448255
13851715679,19.2213352,72.9894606
13851715681,19.2212893,72.9893623
13851727132,19.2216747,72.9892966
13852702697,19.2222398,72.990338
13852702698,19.221894,72.9905097
13852702699,19.2217703,72.9905857
13852795719,19.0505863,72.8366279
13852795720,19.0506264,72.8367294
13855693177,19.1492879,72.8401508
13855693178,19.1492114,72.8401537
13855693180,19.1449393,72.8313047
13855693181,19.1449343,72.8312144
13855693185,19.1433424,72.8291683
13855693186,19.1429436,72.8291581
13856203925,19.1521765,72.8445812
13856203926,19.1521992,72.8445071
13856203927,19.1520404,72.8460258
13856203928,19.1519363,72.8460684
13856203934,19.152007,72.8459557
13856204527,19.1516749,72.8469076
13856204528,19.1516071,72.8468941
13856215347,19.1520825,72.8437858
13856220430,19.1714264,72.841372
13856220431,19.1715893,72.841332
13856220432,19.1715738,72.8412808
13856261794,19.1484992,72.8431088
13856261795,19.1484932,72.8431919
13856261796,19.1440573,72.8421798
13856261797,19.1439728,72.8421636
13856261798,19.1440875,72.8419947
13856261799,19.1440028,72.8419811
13856261800,19.1440713,72.8415649
13856311301,19.1441554,72.8415784
13856311302,19.1441278,72.8402271
13856324117,19.1705675,72.8315919
13857093044,19.1339219,72.837589
13857093045,19.133921,72.8376633
13857111108,19.1356851,72.8375147
13857111109,19.1356883,72.8376012
13857111123,19.1359512,72.8257672
13857111125,19.129191,72.8155442
13857111126,19.129225,72.8155861
13857111127,19.1295842,72.8151001
13857111129,19.1302432,72.814411
13857111130,19.1302741,72.8144473
13857111131,19.1311063,72.8136738
13857111132,19.1310809,72.8136382
13857111133,19.1312961,72.8134503
13857111134,19.1313266,72.8134888
13857111135,19.131734,72.8130678
13857111136,19.1317756,72.8131298
13857111137,19.1322059,72.8126621
13857111138,19.1322551,72.8127395
13857111140,19.1337237,72.8114684
13857111141,19.133687,72.8113949
13857111142,19.1338615,72.8112386
13857111143,19.1339102,72.8113013
13857111157,19.1302099,72.8218356
13857111161,19.1330371,72.8224883
13857111162,19.1331233,72.822472
13857111163,19.1303236,72.8218656
13857111164,19.1303082,72.8219434
13857111167,19.132965,72.8225039
13857139727,19.1749387,72.8414232
13857139729,19.1737878,72.8407931
13857139730,19.1738371,72.8407619
13857139731,19.1739486,72.8407633
13857139743,19.1745646,72.8410957
13857139744,19.1745317,72.8411451
13857139749,19.1769513,72.8420553
13857139750,19.176094,72.8418606
13857139772,19.1768796,72.8419985
13857379355,19.1739344,72.8390052
13857379356,19.1738182,72.8390038
13858361518,19.1422362,72.8449681
13858361519,19.142176,72.844979
13858486372,19.1633083,72.8435347
13858674669,19.1781843,72.8462216
13859362735,19.1423726,72.8459985
13859362736,19.142299,72.8460069
13859362738,19.1424305,72.8470068
13859362739,19.1425126,72.846992
13859362766,19.1510136,72.843816
13859362767,19.1509727,72.8438812
13859362768,19.1499238,72.8431793
13859362769,19.1499148,72.8432667
13859476644,19.1403663,72.8260241
13859476645,19.1403917,72.8260857
13859586518,19.2852725,72.9362989
13859966833,19.1495585,72.8493602
13859966834,19.1494575,72.8493656
13859966835,19.1495422,72.8486192
13859966836,19.1494448,72.8486212
13867818986,19.1553387,72.8352123
13867818987,19.1553488,72.8353169
13867818988,19.1546616,72.8354289
13867818989,19.1546421,72.8353107
13867818990,19.1522225,72.835674
13867818991,19.1522423,72.8358205
13867818992,19.1532336,72.8409367
13867818998,19.1532349,72.8434718
13867818999,19.1532335,72.8435453
13867831501,19.1532481,72.8412702
13867831502,19.1532005,72.8412713
13867831504,19.155606,72.8362358
13867831510,19.1561283,72.8355506
13867831511,19.1561706,72.8352333
13867831512,19.1561755,72.8351328
13867831516,19.156425,72.8352412
13870620075,19.1591758,72.8402827
13870620076,19.1591618,72.8405636
13870620077,19.1590987,72.8405587
13870620078,19.1590658,72.8413129
13870620079,19.1591065,72.841833
13870620080,19.159048,72.8418308
13870620081,19.1590733,72.8424987
13870620082,19.1590148,72.8424992
13870620083,19.159003,72.842661
13870620084,19.1590617,72.8426635
13870620090,19.1587628,72.8436574
13870620091,19.1587646,72.8435749
13870620093,19.1579429,72.8435491
13870620094,19.1579406,72.8436263
13870620098,19.152506,72.8447105
13870621502,19.1522356,72.8448316
13870822890,19.1592262,72.8356557
13870822891,19.1591812,72.8356562
13870822892,19.1591976,72.8373472
13870822893,19.1591491,72.8373462
13870822894,19.1591715,72.8395199
13870822895,19.1591336,72.8395204
13870822898,19.1588405,72.8397245
13870822899,19.1588377,72.839788
13870822900,19.1574418,72.8397559
13870831801,19.1574427,72.8397003
13870831802,19.1568686,72.8396906
13870831803,19.1568681,72.8397476
13870831804,19.1563189,72.8396814
13870831805,19.1563189,72.8397468
13872145715,19.1506528,72.8487239
13872145717,19.1506732,72.8485918
13872319532,19.1534072,72.85177
13872319539,19.15532,72.851584
13872349167,19.1556472,72.845732
13872349168,19.1556234,72.845807
13872509294,19.1593633,72.8475718
13872509295,19.1593041,72.8475729
13872749011,19.1564756,72.8564403
13872749013,19.156245,72.8563953
13872749014,19.1562505,72.856456
13872749015,19.155976,72.8564389
13872749016,19.1559848,72.8564947
13872749017,19.1555712,72.8565808
13872964637,19.1562219,72.8514751
13872964641,19.1569234,72.8514082
13875496132,19.222507,72.8648002
13875496133,19.2225798,72.8651656
13875870384,19.1126932,72.8895279
13875870385,19.1126381,72.8895424
13875870389,19.1139462,72.8914001
13875870390,19.1138784,72.8914329
13875870397,19.114616,72.8957484
13875870399,19.1145456,72.8968589
13875882471,19.1217564,72.8987685
13876297917,19.1188271,72.8868901
13877132374,19.148737,72.8563745
13877132376,19.1481627,72.8564558
13877484184,19.1610973,72.8578037
13877484185,19.1612713,72.857748
13877484187,19.1630678,72.8579466
13877484190,19.1617332,72.8577222
13877647885,19.0959322,72.8957603
13877647886,19.0958162,72.8956616
13877892976,19.1198532,72.9132458
13877892977,19.1198014,72.9132373
13877892980,19.1191774,72.9122474
13877892981,19.1184073,72.9116945
13877892982,19.1183849,72.9117358
13877892983,19.1180242,72.9113545
13877892984,19.1179955,72.9113968
13877892985,19.117481,72.9108226
13877892986,19.1174551,72.9108598
13877892987,19.1167697,72.9100767
13877892988,19.1167163,72.9101263
13877892989,19.1164589,72.909717
13877892990,19.1164001,72.9097733
13877892991,19.1160193,72.909114
13877892992,19.1159631,72.9091531
13877892995,19.1155863,72.9082856
13880416034,19.1222999,72.8863597
13880416035,19.1222566,72.8864147
13880416036,19.1211055,72.8856422
13880416037,19.1211382,72.8855595
13880416038,19.1204448,72.8852541
13880416039,19.1202776,72.8852403
13880416040,19.1202839,72.8853023
13880416042,19.1181957,72.885204
13880416043,19.1182534,72.8852784
13880416044,19.1181391,72.8852434
13880416045,19.1181933,72.8853305
13880416057,19.1184322,72.8853322
13880416060,19.1191429,72.8854094
13880416061,19.1187694,72.8853338
13880416062,19.1187638,72.8853871
13881175044,19.1064208,72.8897913
13881175045,19.1063492,72.8898168
13881718913,19.1098631,72.8973311
13881718914,19.1098659,72.8972651
13882649322,19.1174877,72.8836544
13882649323,19.1174185,72.8836618
13882649326,19.1171116,72.8837679
13882649327,19.117107,72.8836949
13882649328,19.1170694,72.881922
13882649329,19.1170154,72.8819239
13882649330,19.1170721,72.8819735
13882649331,19.1170195,72.8819778
13882827987,19.099053,72.8834931
13882918911,19.1035974,72.8863094
13882918912,19.1035325,72.8863914
13882918914,19.0990443,72.883583
13882946985,19.1004951,72.8879756
13882946987,19.1000263,72.8879184
13883829865,19.1600318,72.8569725
13883829866,19.1592151,72.8568731
13885999591,19.1576277,72.8565909
13885999595,19.1581804,72.856668
13885999596,19.1581729,72.8567107
13886028283,19.1584818,72.8567413
13887009306,19.1406647,72.8545628
13887009309,19.142076,72.8547873
13887009311,19.1433874,72.8552054
13887009312,19.1433753,72.8552744
13887009314,19.1449503,72.8557024
13887009326,19.142045,72.8548879
13887009327,19.1534036,72.8564254
13888102909,19.2396677,72.8523736
13888102910,19.2396717,72.8522967
13888224699,19.2384249,72.8481975
13888227801,19.2387414,72.8482554
13892971095,19.2182997,72.9821027
13892971096,19.2181623,72.9821304
13893645131,19.2351268,72.8454776
13893645132,19.235047,72.8454776
13893645133,19.2351275,72.8451159
13893645134,19.2350455,72.8451159
13893645135,19.2351288,72.8444275
13893645136,19.2350425,72.8444275
13893645137,19.2351237,72.8439855
13895559624,19.1727714,72.967285
13895559628,19.1718326,72.9666166
13895559629,19.1718131,72.9666815
13895559630,19.1713007,72.9665404
13895559631,19.1713151,72.9664834
13895559633,19.170765,72.9663562
13895559634,19.1707506,72.9664188
13895559637,19.1691904,72.9657052
13895665206,19.1847883,72.9766521
13895665209,19.1850622,72.9758494
13895665210,19.1851653,72.9754618
13895665213,19.1847282,72.9729325
13895665219,19.1844116,72.9719335
13895665220,19.1845529,72.9722708
13895665227,19.185129,72.9742605
13895665234,19.1852216,72.9754726
13895665246,19.185117,72.9758753
13895665247,19.1850619,72.974278
13895665248,19.1849406,72.9734895
13895665249,19.1848759,72.9735121
13895665250,19.184782,72.9729145
13895665251,19.1844943,72.9723008
13895665252,19.1843519,72.9719657
13895665253,19.1822885,72.9683489
13895665254,19.1822196,72.9683586
13895665255,19.1823402,72.9688138
13895665256,19.1822704,72.9688222
13895665257,19.1823774,72.9692651
13895665258,19.1823067,72.969272
13895665259,19.1825173,72.970719
13895665260,19.1824565,72.9707258
13895665261,19.1824375,72.9698132
13895665262,19.1823659,72.9698207
13896594157,19.1755449,72.9686426
13896594171,19.1811084,72.9762857
13896594175,19.1816334,72.9767032
13896594186,19.1814198,72.9765902
13896594187,19.1816034,72.9767471
13896594199,19.1837248,72.9769621
13896701103,19.1842712,72.9770733
13896701104,19.1843591,72.9770752
13896701116,19.1812775,72.9763998
13896701117,19.181247,72.97644
13896701118,19.1814486,72.9765447
13896701121,19.1825271,72.9770029
13896701122,19.1825281,72.9770632
13896701124,19.1832662,72.9769848
13896701125,19.1832587,72.9769261
13896701126,19.1837328,72.9769102
13897104869,19.2303974,72.8442404
13897104870,19.2303913,72.8443158
13897104883,19.2306362,72.8442923
13897104884,19.2306318,72.844215
13897104885,19.2308696,72.8442699
13897104886,19.2308676,72.8441895
13897104887,19.2318986,72.8442086
13897104888,19.2319002,72.8441384
13897104889,19.2321517,72.8442008
13897104890,19.2321526,72.8441333
13897104891,19.2323825,72.8441934
13897104892,19.2327193,72.8441726
13897104893,19.2327142,72.8440933
13897126106,19.2328941,72.8441021
13897126111,19.2333982,72.8440834
13899209070,19.1711204,72.962026
13899209071,19.1711468,72.9619432
13899209631,19.1791069,72.9685564
13899209632,19.1790634,72.9685616
13899209633,19.1790483,72.9681302
13899209637,19.179186,72.969595
13900426717,19.1663472,72.9640992
13900426720,19.1663365,72.9639057
13900429945,19.0855801,72.8453609
13900429946,19.0858115,72.8453451
13900840424,19.1820643,72.9574453
13900891168,19.169836,72.9590661
13900891170,19.1693159,72.9594303
13901459383,19.1719412,72.9603902
13901459384,19.1721873,72.9607423
13901459391,19.1719243,72.9605237
13901790645,18.9662592,72.8126577
13901790648,18.9660858,72.8131156
13901790649,18.9660607,72.8131902
13901790650,18.9662077,72.8127583
13901790651,18.9662448,72.8127732
13904524528,18.9580401,72.8197865
13904524529,18.9579778,72.8197833
13904524530,18.9579805,72.8198556
13904524531,18.9580496,72.8198618
13904524534,18.9576784,72.8197618
13904524536,18.9576701,72.8198231
13904788477,18.9625237,72.8199204
13904788478,18.9625237,72.8199887
13904906004,18.9678329,72.8143275
13904906005,18.967804,72.8143722
13904906070,18.9600094,72.8009028
13904906071,18.9599988,72.8010023
13905002534,18.9566655,72.7999353
13905111256,18.9524993,72.804836
13905111257,18.9527517,72.8051439
13905111258,18.9527016,72.8051792
13905111268,18.9535903,72.806749
13905111269,18.9535336,72.8067997
13905111270,18.9538912,72.8071727
13905111272,18.954824,72.8075965
13905111273,18.9547982,72.8076668
13905111274,18.9576939,72.8106924
13905111275,18.9577208,72.8106307
13905111276,18.9590642,72.8114692
13905111277,18.9590244,72.8115479
13905111278,18.9593345,72.8116348
13905111279,18.9592914,72.8117097
13905111280,18.9605155,72.8125673
13905111281,18.9604775,72.8126178
13905111284,18.9635584,72.8134052
13905111285,18.9635861,72.8134849
13905111288,18.959922,72.8173105
13905111289,18.9599182,72.8172482
13905421973,18.9567517,72.8164289
13905421974,18.9567259,72.8164947
13905421975,18.9561841,72.8161905
13905421976,18.9561615,72.8162488
13905428411,18.9550337,72.8185401
13905428412,18.9555642,72.8187269
13905428415,18.9553463,72.8183511
13905428417,18.9551973,72.8188563
13905428422,18.9552805,72.818673
13905428425,18.9552258,72.8185756
13906012110,18.963892,72.8183234
13906012111,18.9639134,72.8183876
13906038541,18.9583221,72.8107703
13906038548,18.9643642,72.8204791
13906044047,18.9522115,72.796978
13906044049,18.9520818,72.7968624
13906044050,18.9520499,72.7969374
13906049235,18.9513348,72.796486
13906049236,18.9513693,72.7964316
13906401154,19.226794,72.8445128
13906401155,19.2268897,72.844472
13906401165,19.2268817,72.844444
13906523649,18.955212,72.8186459
13906656980,19.1844583,72.9544503
13907626453,18.9568988,72.8285204
13907626456,18.9567158,72.8285512
13907751314,18.9720835,72.8148615
13907751317,18.972281,72.8146053
13908512725,18.9702242,72.804267
13908512726,18.970173,72.8043316
13908755149,18.9580158,72.8265328
13911665120,19.1171144,72.8827524
13912207608,19.1930054,72.970137
13912207609,19.1930007,72.9702389
13919216486,19.1165183,72.8440308
13922163688,19.1323171,72.831565
13922163690,19.1322598,72.8316351
13922390230,19.1152287,72.8488812
13922390231,19.1152779,72.8486765
13925653056,19.1516792,72.8319735
13928264083,19.1505311,72.8485558
13928264084,19.1504958,72.848632
13944693735,19.1493801,72.8328569
13944693736,19.1493745,72.832951
13946963969,19.10284,72.8767901
13946963970,19.1030454,72.87655
13947008808,19.0476597,72.8526855
13947125474,19.258749,72.8721094
13947151152,19.0483249,72.8536393
13947151153,19.0472178,72.8613349
13947151154,19.0473157,72.8613899
13947318601,19.0480612,72.857968
13947318602,19.0481118,72.8579692
13947325077,19.1179184,72.9046867
13947325078,19.1178917,72.904756
13947326756,19.1234866,72.912757
13947326758,19.1238647,72.9126737
13947326759,19.123991,72.9126363
13947373475,19.0376937,72.8535322
13947373476,19.0376438,72.8536005
13947471589,18.9929758,72.8203993
13947471590,18.9942999,72.8195553
13947471591,18.9943462,72.8196655
13947587141,19.0034299,72.8135691
13947587142,19.0034498,72.8136414
13947665549,18.9984967,72.8170789
13947665553,18.9983185,72.8171705
13949601848,18.9954858,72.8261555
13949601853,18.9955589,72.8260078
13951766226,19.00987,72.8199967
13951766227,19.0098402,72.8200863
13951837180,19.0109025,72.8206138
13951837185,19.0108627,72.8203149
13959321565,19.0050222,72.8149956
13959321566,19.004464,72.814855
13962037035,19.2015452,72.9591404
13962037036,19.2016261,72.9591863
13975033809,19.1879268,72.979892
13979936578,19.0349789,72.8794064
13979936579,19.0340473,72.8790146
13979936599,19.0367677,72.8743128
13979936600,19.036765,72.8743926
13980218949,19.0405997,72.8795087
13980218950,19.0406109,72.8796706
13980218951,19.040767,72.8794855
13980218952,19.0407844,72.8796507
13980218953,19.0423266,72.8793151
13980218954,19.0423389,72.8794798
13980306847,19.036923,72.8739901
13980306848,19.0369229,72.8741088
13980306849,19.0378945,72.8739781
13980306850,19.037895,72.8740966
13980306851,19.0379844,72.873977
13980306852,19.037989,72.8740955
13980415691,19.0367491,72.8703814
