id,source,destination,distance_meters,road_type,speed_limit_kmh,capacity
1,206291068,3890222330,2114.29,motorway,80.0,500
2,206291068,3890222330,2115.55,motorway,80.0,500
3,245653028,245653078,755.61,secondary,40.0,200
4,245653028,4307040267,159.73,secondary,40.0,200
5,245653028,459482449,760.81,tertiary,30.0,100
6,245653078,245653028,755.61,secondary,40.0,200
7,245653078,486004376,94.58,secondary,40.0,200
8,245653413,4244274459,13.93,tertiary,30.0,100
9,245653413,12414405105,831.46,secondary,40.0,200
10,245653413,2176726928,349.83,tertiary,30.0,100
11,245653464,10886066851,17.43,tertiary,30.0,100
12,245653464,4048579846,592.32,secondary,40.0,200
13,245653464,4307040346,396.02,secondary,40.0,200
14,245653559,10886066849,5.61,tertiary,30.0,100
15,245653559,10886066851,619.74,tertiary,30.0,100
16,245653613,7461994658,9.45,secondary,40.0,200
17,245653613,7461994655,24.76,tertiary,30.0,100
18,245653633,4307040346,9.04,tertiary,30.0,100
19,245653633,245653464,397.76,secondary,40.0,200
20,245653649,10886054725,12.21,tertiary,30.0,100
21,245653649,4307040343,127.77,tertiary,30.0,100
22,245653649,245653820,516.09,tertiary,30.0,100
23,245653665,4328236683,19.85,tertiary,30.0,100
24,245653671,485977586,343.71,tertiary,30.0,100
25,245653671,245653745,332.31,tertiary,30.0,100
26,245653671,12350793007,199.73,tertiary,30.0,100
27,245653671,10886054725,190.49,tertiary,30.0,100
28,245653718,245653665,165.61,tertiary,30.0,100
29,245653718,2176742012,279.7,secondary,40.0,200
30,245653745,13700547679,40.47,tertiary,30.0,100
31,245653745,485984666,32.95,secondary_link,35.0,150
32,245653748,245653753,23.4,primary,50.0,300
33,245653748,245653718,96.75,secondary,40.0,200
34,245653753,245653771,41.0,primary,50.0,300
35,245653757,12350777518,564.26,tertiary,30.0,100
36,245653757,245653748,31.72,primary,50.0,300
37,245653771,485977586,243.04,primary,50.0,300
38,245653771,13830528568,9.35,primary,50.0,300
39,245653777,245653757,9.17,primary,50.0,300
40,245653781,245653783,27.7,primary,50.0,300
41,245653781,4361337156,53.74,primary,50.0,300
42,245653783,485973491,38.53,primary,50.0,300
43,245653783,245653777,39.44,primary,50.0,300
44,245653788,2176684445,9.47,tertiary,30.0,100
45,245653788,2176684445,464.68,tertiary,30.0,100
46,245653788,4244274463,250.65,tertiary,30.0,100
47,245653820,2168581047,17.49,secondary,40.0,200
48,245653820,245653830,102.78,primary,50.0,300
49,245653830,4244306276,22.5,secondary,40.0,200
50,245653830,11052629982,15.45,secondary,40.0,200
51,245653830,4244306274,17.31,primary,50.0,300
52,245653840,528622444,104.91,tertiary,30.0,100
53,245653840,2176684837,12.95,tertiary,30.0,100
54,245653855,9313067505,12.96,tertiary,30.0,100
55,245653869,2176684763,228.74,tertiary,30.0,100
56,245653870,528644374,177.96,primary,50.0,300
57,245653871,245653869,9.23,tertiary,30.0,100
58,245653871,2176701305,9.27,tertiary,30.0,100
59,245653871,2176701319,121.21,tertiary,30.0,100
60,245653901,7353554810,33.92,tertiary,30.0,100
61,245653901,245653917,261.22,tertiary,30.0,100
62,245653917,245653956,130.19,primary,50.0,300
63,245653917,495097987,159.56,primary,50.0,300
64,245653923,10886054717,6.76,tertiary,30.0,100
65,245653923,245653961,125.76,secondary,40.0,200
66,245653923,4307040348,307.71,tertiary,30.0,100
67,245653928,486404313,16.98,primary,50.0,300
68,245653928,245654001,244.9,primary,50.0,300
69,245653956,536839590,66.66,tertiary,30.0,100
70,245653956,495098003,71.47,primary,50.0,300
71,245653956,245653917,130.19,primary,50.0,300
72,245653961,10886054716,7.23,tertiary,30.0,100
73,245653961,2241842966,222.63,tertiary,30.0,100
74,245653961,6608759216,332.58,secondary,40.0,200
75,245654001,486404283,13.85,tertiary,30.0,100
76,245654001,10595675493,231.84,primary,50.0,300
77,245654003,13701955562,27.01,primary,50.0,300
78,245654036,245654056,105.9,tertiary,30.0,100
79,245654041,245654042,49.28,tertiary,30.0,100
80,245654041,13701955567,86.4,primary,50.0,300
81,245654042,12557973951,25.74,tertiary,30.0,100
82,245654056,13701996607,18.05,tertiary,30.0,100
83,245654056,2175568308,51.13,tertiary,30.0,100
84,245654066,2175568308,69.61,tertiary,30.0,100
85,245654066,245654042,225.31,tertiary,30.0,100
86,245654108,12587158362,10.76,secondary,40.0,200
87,245654108,12587158364,4.56,secondary,40.0,200
88,245654161,662188952,10.32,tertiary,30.0,100
89,245654161,662994491,122.1,tertiary,30.0,100
90,245654164,2163539007,132.77,tertiary,30.0,100
91,245654164,245654174,224.6,tertiary,30.0,100
92,245654172,2163539007,11.03,tertiary,30.0,100
93,245654172,662188952,187.2,tertiary,30.0,100
94,245654172,12400147208,285.82,primary,50.0,300
95,245654174,1643105844,109.65,tertiary,30.0,100
96,245654174,245654164,224.6,tertiary,30.0,100
97,245654186,245654191,32.89,secondary,40.0,200
98,245654186,1643105844,8.6,secondary,40.0,200
99,245654186,245654386,507.52,primary,50.0,300
100,245654191,245654385,487.67,tertiary,30.0,100
101,245654191,245654226,111.72,secondary,40.0,200
102,245654226,10281938570,53.11,secondary,40.0,200
103,245654283,10281938570,27.92,secondary,40.0,200
104,245654283,9911678745,37.79,primary,50.0,300
105,245654326,662994570,277.56,tertiary,30.0,100
106,245654326,245654356,171.87,tertiary,30.0,100
107,245654326,13700599274,601.52,tertiary,30.0,100
108,245654356,662429758,8.12,tertiary,30.0,100
109,245654356,13701979054,215.75,tertiary,30.0,100
110,245654356,245654326,171.87,tertiary,30.0,100
111,245654369,2163539019,11.61,primary,50.0,300
112,245654369,2163539013,283.43,primary,50.0,300
113,245654376,1643105879,77.67,primary_link,40.0,250
114,245654376,1643105886,49.43,primary,50.0,300
115,245654379,2163503474,10.83,secondary,40.0,200
116,245654379,245654376,99.17,primary,50.0,300
117,245654381,12258145308,12.45,primary,50.0,300
118,245654381,13700651181,27.35,secondary,40.0,200
119,245654385,245654226,526.01,tertiary,30.0,100
120,245654386,2163503480,10.39,primary,50.0,300
121,245654386,2166873264,62.51,primary,50.0,300
122,245654426,1643105819,727.09,tertiary,30.0,100
123,245654426,245654566,386.48,tertiary,30.0,100
124,245654440,1643160180,54.22,primary_link,40.0,250
125,245654440,12447084176,47.27,secondary,40.0,200
126,245654461,468268130,18.44,tertiary,30.0,100
127,245654461,10885618341,1171.14,tertiary,30.0,100
128,245654461,467125643,295.84,tertiary,30.0,100
129,245654509,6078180496,6.95,tertiary,30.0,100
130,245654509,588669492,302.39,tertiary,30.0,100
131,245654509,11953569096,279.59,secondary,40.0,200
132,245654566,1643210453,8.9,tertiary,30.0,100
133,245654566,1643210456,15.64,tertiary,30.0,100
134,245654580,7104166103,13.9,secondary_link,35.0,150
135,245654580,6215526119,293.53,secondary,40.0,200
136,245654606,461490081,198.2,secondary,40.0,200
137,245654615,1643105899,91.37,secondary,40.0,200
138,245654615,1643093983,70.71,primary_link,40.0,250
139,245654715,1643210508,160.24,secondary,40.0,200
140,245654715,485953822,221.27,secondary,40.0,200
141,245654765,12555901906,54.47,motorway_link,70.0,450
142,245654765,245655253,1024.46,primary,50.0,300
143,245654845,506224427,204.33,tertiary,30.0,100
144,245654845,10885603689,22.11,secondary,40.0,200
145,245654845,10885590276,29.04,secondary,40.0,200
146,245654862,459024366,57.4,secondary,40.0,200
147,245654875,10885590282,6.11,secondary,40.0,200
148,245654875,245655166,574.94,tertiary,30.0,100
149,245654949,458881254,9.25,secondary,40.0,200
150,245654990,10885618341,5.92,tertiary,30.0,100
151,245654990,10885603696,453.67,secondary,40.0,200
152,245655046,10017787219,7.93,secondary,40.0,200
153,245655046,6553104160,19.92,secondary,40.0,200
154,245655046,6553104157,26.84,secondary,40.0,200
155,245655093,13906044047,3.24,secondary,40.0,200
156,245655093,13906044050,15.86,secondary,40.0,200
157,245655121,458966453,715.66,tertiary,30.0,100
158,245655133,610283487,338.1,secondary,40.0,200
159,245655133,13905428417,570.47,tertiary,30.0,100
160,245655133,6553104160,272.93,secondary,40.0,200
161,245655166,10885590287,8.31,tertiary,30.0,100
162,245655166,245655226,24.65,tertiary,30.0,100
163,245655166,245655329,559.32,tertiary,30.0,100
164,245655201,245655339,182.11,tertiary,30.0,100
165,245655201,858671995,185.23,tertiary,30.0,100
166,245655201,858509814,88.52,tertiary,30.0,100
167,245655214,5878590700,5.56,tertiary,30.0,100
168,245655214,13780043912,18.36,secondary,40.0,200
169,245655223,2244632754,698.1,secondary,40.0,200
170,245655226,456044841,25.68,tertiary,30.0,100
171,245655226,10885590288,7.88,tertiary,30.0,100
172,245655226,459499511,17.58,tertiary,30.0,100
173,245655230,858671995,14.94,tertiary,30.0,100
174,245655230,3213739255,95.76,tertiary,30.0,100
175,245655230,858938668,360.08,primary_link,40.0,250
176,245655253,486385346,11.55,primary_link,40.0,250
177,245655253,7384417484,491.94,primary,50.0,300
178,245655288,13905111256,4.91,secondary_link,35.0,150
179,245655288,13905111257,42.63,secondary,40.0,200
180,245655296,2176144797,485.11,tertiary,30.0,100
181,245655296,3213739255,207.56,tertiary,30.0,100
182,245655305,10687844876,14.15,secondary,40.0,200
183,245655305,10282069985,428.85,tertiary,30.0,100
184,245655329,459600709,7.6,secondary,40.0,200
185,245655329,13906044047,346.94,secondary,40.0,200
186,245655329,245655166,559.32,tertiary,30.0,100
187,245655336,10885804557,140.05,secondary,40.0,200
188,245655336,610283487,114.7,secondary,40.0,200
189,245655339,10885845626,4.73,secondary,40.0,200
190,245655339,245655305,97.76,secondary,40.0,200
191,245655412,10885845628,8.98,secondary,40.0,200
192,245655412,620393234,87.31,secondary,40.0,200
193,245655580,6554614261,10.86,secondary,40.0,200
194,245655580,2442510069,107.28,secondary,40.0,200
195,245655702,2442510072,11.94,secondary,40.0,200
196,245655702,7383810759,179.59,secondary,40.0,200
197,245655710,2442510061,15.42,secondary,40.0,200
198,245655710,10885746539,241.74,primary,50.0,300
199,245655733,10282069986,39.92,tertiary,30.0,100
200,245655733,245655339,444.74,tertiary,30.0,100
201,245655733,245655956,296.88,tertiary,30.0,100
202,245655752,245655771,15.11,secondary,40.0,200
203,245655752,13701145280,194.03,primary,50.0,300
204,245655758,10885739628,9.4,secondary,40.0,200
205,245655758,471972441,154.65,secondary,40.0,200
206,245655771,10885746540,9.45,primary,50.0,300
207,245655771,245655800,40.66,secondary,40.0,200
208,245655778,10885780893,4.16,secondary,40.0,200
209,245655778,13905428412,224.95,tertiary,30.0,100
210,245655778,10277881688,699.42,secondary,40.0,200
211,245655778,7384002984,90.03,tertiary,30.0,100
212,245655800,10885746541,8.22,secondary_link,35.0,150
213,245655800,13905111275,145.96,secondary,40.0,200
214,245655857,620393213,24.23,secondary,40.0,200
215,245655857,245655412,275.46,secondary,40.0,200
216,245655876,477585773,21.35,secondary,40.0,200
217,245655876,2442510074,13.89,secondary,40.0,200
218,245655878,13904524531,23.82,secondary,40.0,200
219,245655878,245656283,287.68,secondary,40.0,200
220,245655908,2176144830,12.92,secondary,40.0,200
221,245655908,10720897942,42.64,primary,50.0,300
222,245655919,10277863437,41.81,secondary,40.0,200
223,245655919,7384002972,24.81,secondary_link,35.0,150
224,245655932,7384002973,15.44,tertiary,30.0,100
225,245655932,10277863438,19.1,tertiary,30.0,100
226,245655932,245655939,236.55,secondary,40.0,200
227,245655939,7384002979,11.39,secondary,40.0,200
228,245655939,245656414,400.83,secondary,40.0,200
229,245655939,12408545955,319.73,secondary,40.0,200
230,245655956,245655733,296.88,tertiary,30.0,100
231,245655956,7384002979,299.58,secondary,40.0,200
232,245655959,2244632843,146.14,tertiary,30.0,100
233,245656009,245656020,189.17,secondary,40.0,200
234,245656020,10885845674,7.6,tertiary,30.0,100
235,245656020,7384062488,528.88,secondary,40.0,200
236,245656042,245656280,175.88,tertiary,30.0,100
237,245656042,610244325,174.85,tertiary,30.0,100
238,245656062,618682503,13.98,primary,50.0,300
239,245656062,13906038541,119.72,secondary,40.0,200
240,245656132,700736537,33.52,tertiary,30.0,100
241,245656132,11068221213,481.08,tertiary,30.0,100
242,245656173,10614318013,43.96,tertiary,30.0,100
243,245656173,700736537,216.63,tertiary,30.0,100
244,245656173,245656228,17.99,tertiary,30.0,100
245,245656188,245656521,481.14,tertiary,30.0,100
246,245656188,10277817411,323.09,tertiary,30.0,100
247,245656228,245655959,245.55,tertiary,30.0,100
248,245656228,2176144839,33.26,tertiary,30.0,100
249,245656228,245656173,17.99,tertiary,30.0,100
250,245656236,618682506,11.03,primary,50.0,300
251,245656236,7384691411,131.86,primary,50.0,300
252,245656245,11929911055,298.0,primary,50.0,300
253,245656245,2176144839,13.47,tertiary,30.0,100
254,245656280,10885739622,311.24,tertiary,30.0,100
255,245656283,7384002972,686.23,tertiary,30.0,100
256,245656283,10885774562,124.26,secondary,40.0,200
257,245656283,245655878,287.68,secondary,40.0,200
258,245656354,245657056,874.44,tertiary,30.0,100
259,245656354,10614318015,347.12,tertiary,30.0,100
260,245656354,700736537,103.96,tertiary,30.0,100
261,245656387,4294951431,6.68,secondary,40.0,200
262,245656387,245656627,218.95,secondary,40.0,200
263,245656408,10885757448,7.22,secondary,40.0,200
264,245656408,10885774562,6.95,secondary,40.0,200
265,245656408,10885774555,317.46,secondary,40.0,200
266,245656411,10885774555,12.98,tertiary,30.0,100
267,245656411,610227598,482.06,tertiary,30.0,100
268,245656411,10885774562,326.06,secondary,40.0,200
269,245656412,10885774568,10.66,tertiary,30.0,100
270,245656412,245656961,512.36,tertiary,30.0,100
271,245656412,10885774557,181.12,secondary,40.0,200
272,245656414,245655939,400.83,secondary,40.0,200
273,245656414,12698412249,583.98,secondary,40.0,200
274,245656414,245656434,345.77,secondary,40.0,200
275,245656414,10885774557,255.14,secondary,40.0,200
276,245656434,861155618,21.19,secondary,40.0,200
277,245656434,245656414,345.77,secondary,40.0,200
278,245656434,861209912,189.72,primary,50.0,300
279,245656521,245656188,481.14,tertiary,30.0,100
280,245656521,10277817414,300.82,tertiary,30.0,100
281,245656521,10277817418,208.35,tertiary,30.0,100
282,245656594,10277817414,29.92,tertiary,30.0,100
283,245656594,10277817410,32.66,tertiary,30.0,100
284,245656594,12082381194,393.88,tertiary,30.0,100
285,245656627,9169171618,7.66,tertiary,30.0,100
286,245656627,13906012110,10.24,secondary,40.0,200
287,245656627,12721928614,27.73,tertiary,30.0,100
288,245656633,2442809536,578.23,tertiary,30.0,100
289,245656633,245657099,475.46,primary,50.0,300
290,245656677,6925978233,9.56,tertiary,30.0,100
291,245656677,4294951462,410.32,primary,50.0,300
292,245656730,1148581217,15.72,secondary,40.0,200
293,245656730,13093331336,214.18,secondary,40.0,200
294,245656894,4294951453,8.34,secondary,40.0,200
295,245656894,245657186,370.7,secondary,40.0,200
296,245656961,10885804881,13.51,secondary,40.0,200
297,245656961,245656412,512.36,tertiary,30.0,100
298,245656961,245657105,175.44,tertiary,30.0,100
299,245656961,245657095,223.42,secondary,40.0,200
300,245656964,620382315,10.87,primary,50.0,300
301,245656964,2258304318,270.73,primary,50.0,300
302,245657049,12698412249,8.9,secondary,40.0,200
303,245657049,10883734226,10.87,secondary,40.0,200
304,245657049,245656964,414.96,primary,50.0,300
305,245657056,245656354,874.44,tertiary,30.0,100
306,245657056,13820969942,195.39,tertiary,30.0,100
307,245657056,10232942652,23.66,tertiary,30.0,100
308,245657095,10580688537,10.78,secondary,40.0,200
309,245657095,245656961,223.42,secondary,40.0,200
310,245657095,245657105,135.31,primary,50.0,300
311,245657099,7379493826,7.36,tertiary,30.0,100
312,245657099,4343426716,350.4,secondary,40.0,200
313,245657099,245657282,250.78,primary,50.0,300
314,245657105,245656677,61.66,primary,50.0,300
315,245657105,12639940739,9.37,tertiary,30.0,100
316,245657105,245656961,175.44,tertiary,30.0,100
317,245657123,12395295568,12.39,motorway_link,70.0,450
318,245657123,13093331341,130.31,secondary,40.0,200
319,245657186,6925978243,8.6,secondary,40.0,200
320,245657186,10277817430,498.2,primary,50.0,300
321,245657229,4343426716,123.88,secondary,40.0,200
322,245657229,10883705290,8.19,secondary,40.0,200
323,245657245,10877664325,10.13,secondary,40.0,200
324,245657245,4307040478,55.67,primary,50.0,300
325,245657282,7379493821,7.31,tertiary,30.0,100
326,245657282,245657468,258.14,primary,50.0,300
327,245657292,10281786083,20.37,tertiary,30.0,100
328,245657292,245657498,336.71,tertiary,30.0,100
329,245657292,245657056,264.6,tertiary,30.0,100
330,245657418,10883734239,18.3,secondary,40.0,200
331,245657418,1375482674,18.14,secondary,40.0,200
332,245657418,245657576,166.92,tertiary,30.0,100
333,245657468,7379493814,7.22,tertiary,30.0,100
334,245657468,493911795,551.08,tertiary,30.0,100
335,245657468,10127913587,238.93,primary,50.0,300
336,245657498,245657831,415.46,tertiary,30.0,100
337,245657498,245657292,336.71,tertiary,30.0,100
338,245657498,245657786,573.74,tertiary,30.0,100
339,245657519,4294951473,14.15,tertiary,30.0,100
340,245657519,13816398948,915.19,secondary,40.0,200
341,245657543,245657650,149.58,tertiary,30.0,100
342,245657576,1375482697,13.34,tertiary,30.0,100
343,245657576,245657650,529.94,tertiary,30.0,100
344,245657649,245657650,111.08,tertiary,30.0,100
345,245657649,13303028466,497.51,tertiary,30.0,100
346,245657649,245657811,237.31,tertiary,30.0,100
347,245657649,6925978233,677.39,tertiary,30.0,100
348,245657650,245657649,111.08,tertiary,30.0,100
349,245657650,245657543,149.58,tertiary,30.0,100
350,245657650,245657576,529.94,tertiary,30.0,100
351,245657650,245657811,220.4,tertiary,30.0,100
352,245657656,6167841739,49.5,tertiary,30.0,100
353,245657656,6167841744,49.31,secondary,40.0,200
354,245657656,1375482674,342.73,secondary,40.0,200
355,245657727,5879197463,1480.31,tertiary,30.0,100
356,245657747,1375482733,15.44,tertiary,30.0,100
357,245657747,245657844,730.47,tertiary,30.0,100
358,245657747,2258304338,322.65,trunk_link,50.0,350
359,245657786,10277786597,202.16,tertiary,30.0,100
360,245657786,493925226,429.3,tertiary,30.0,100
361,245657786,245657498,573.74,tertiary,30.0,100
362,245657811,245658183,522.86,tertiary,30.0,100
363,245657811,245657650,220.4,tertiary,30.0,100
364,245657811,245657649,237.31,tertiary,30.0,100
365,245657814,7425930309,96.85,tertiary,30.0,100
366,245657814,2216800747,317.16,primary_link,40.0,250
367,245657814,245657844,89.48,tertiary,30.0,100
368,245657817,245657831,70.65,tertiary,30.0,100
369,245657817,2443096207,129.14,tertiary,30.0,100
370,245657831,10277786593,44.31,tertiary,30.0,100
371,245657831,245657817,70.65,tertiary,30.0,100
372,245657831,10277786597,42.88,tertiary,30.0,100
373,245657831,245657498,415.46,tertiary,30.0,100
374,245657844,245658193,504.36,tertiary,30.0,100
375,245657844,245657747,730.47,tertiary,30.0,100
376,245657844,493911795,712.07,tertiary,30.0,100
377,245657844,245657814,89.48,tertiary,30.0,100
378,245657868,245658027,115.51,tertiary,30.0,100
379,245657868,10281800020,125.01,tertiary,30.0,100
380,245657868,493925820,189.62,tertiary,30.0,100
381,245658027,245657868,115.51,tertiary,30.0,100
382,245658027,493925226,212.26,tertiary,30.0,100
383,245658027,10277786593,260.32,tertiary,30.0,100
384,245658099,10281800020,21.58,tertiary,30.0,100
385,245658099,10281796502,581.59,tertiary,30.0,100
386,245658099,528890449,91.39,tertiary,30.0,100
387,245658111,13509287422,408.19,tertiary,30.0,100
388,245658111,1966835497,157.75,trunk,60.0,400
389,245658183,245657811,522.86,tertiary,30.0,100
390,245658183,1286566730,28.62,secondary,40.0,200
391,245658184,245658183,24.53,secondary,40.0,200
392,245658184,6167841739,839.16,tertiary,30.0,100
393,245658185,1966835497,16.32,tertiary,30.0,100
394,245658185,674906578,228.73,trunk,60.0,400
395,245658193,245658202,436.21,tertiary,30.0,100
396,245658193,245657844,504.36,tertiary,30.0,100
397,245658193,245658213,256.15,tertiary,30.0,100
398,245658193,245658354,342.76,tertiary,30.0,100
399,245658202,6944189892,25.16,tertiary,30.0,100
400,245658202,245658193,436.21,tertiary,30.0,100
401,245658213,7379493802,7.64,tertiary,30.0,100
402,245658213,245658362,267.26,primary,50.0,300
403,245658213,245658193,256.15,tertiary,30.0,100
404,245658276,1286566727,24.85,secondary,40.0,200
405,245658276,13806617654,53.8,secondary,40.0,200
406,245658309,6944189888,216.36,tertiary,30.0,100
407,245658309,1966835489,17.57,tertiary,30.0,100
408,245658309,245658185,130.16,trunk,60.0,400
409,245658338,768595237,10.92,secondary,40.0,200
410,245658338,6167841754,1408.22,primary,50.0,300
411,245658354,245658362,170.59,tertiary,30.0,100
412,245658354,245658402,125.13,tertiary,30.0,100
413,245658354,245658193,342.76,tertiary,30.0,100
414,245658362,11929937326,7.56,tertiary,30.0,100
415,245658362,245658427,239.44,primary,50.0,300
416,245658362,245658354,170.59,tertiary,30.0,100
417,245658378,1966835479,21.13,tertiary,30.0,100
418,245658378,245658407,126.48,tertiary,30.0,100
419,245658378,245658309,267.42,trunk,60.0,400
420,245658402,245658407,474.77,tertiary,30.0,100
421,245658402,245658430,122.34,tertiary,30.0,100
422,245658402,245658354,125.13,tertiary,30.0,100
423,245658407,245658402,474.77,tertiary,30.0,100
424,245658407,245658448,194.1,tertiary,30.0,100
425,245658407,245658378,126.48,tertiary,30.0,100
426,245658427,10883677654,15.55,secondary,40.0,200
427,245658427,245658430,78.44,tertiary,30.0,100
428,245658427,700851701,495.51,primary,50.0,300
429,245658430,245658448,371.51,tertiary,30.0,100
430,245658430,245658494,187.12,tertiary,30.0,100
431,245658430,245658402,122.34,tertiary,30.0,100
432,245658448,245658430,371.51,tertiary,30.0,100
433,245658448,245658407,194.1,tertiary,30.0,100
434,245658448,245658533,387.89,tertiary,30.0,100
435,245658494,10883677660,4.99,tertiary,30.0,100
436,245658494,245658517,127.19,secondary,40.0,200
437,245658517,245658533,100.67,secondary,40.0,200
438,245658517,5921457076,6.02,secondary,40.0,200
439,245658517,13366490024,652.44,tertiary,30.0,100
440,245658533,245658517,100.67,secondary,40.0,200
441,245658533,245658557,472.52,secondary,40.0,200
442,245658533,245658448,387.89,tertiary,30.0,100
443,245658557,1966835498,16.84,secondary,40.0,200
444,245658557,245658533,472.52,secondary,40.0,200
445,245658557,245658378,502.04,trunk,60.0,400
446,245658682,700851641,95.38,tertiary,30.0,100
447,245658682,12322937974,345.38,primary,50.0,300
448,245658701,5369728233,20.82,secondary,40.0,200
449,245658701,245658557,262.77,trunk,60.0,400
450,245658797,296134404,760.34,secondary,40.0,200
451,245658797,768595345,369.14,primary,50.0,300
452,245658797,768595285,12.52,secondary,40.0,200
453,245658865,12377696902,23.35,primary,50.0,300
454,245658865,456145174,37.1,primary,50.0,300
455,245658898,12393653660,14.11,tertiary,30.0,100
456,245658898,493925226,2828.09,tertiary,30.0,100
457,245658939,10277749856,10.16,secondary,40.0,200
458,245658939,1165333767,373.49,secondary,40.0,200
459,245658939,10277749847,200.6,tertiary,30.0,100
460,245658976,10277749858,19.99,tertiary,30.0,100
461,245658976,245659166,267.42,trunk,60.0,400
462,245659166,1165388887,22.36,secondary,40.0,200
463,245659166,2258304412,216.89,trunk,60.0,400
464,245659173,1650707622,15.74,tertiary,30.0,100
465,245659173,11924900054,48.93,tertiary,30.0,100
466,245659198,11925677534,6.36,primary,50.0,300
467,245659198,11925677531,33.3,secondary,40.0,200
468,245659219,7735948667,5.89,tertiary,30.0,100
469,245659219,700851641,1111.46,tertiary,30.0,100
470,245659219,3568776812,465.45,tertiary,30.0,100
471,245659355,245659363,70.79,tertiary,30.0,100
472,245659363,245659355,70.79,tertiary,30.0,100
473,245659363,6497342997,13.91,tertiary,30.0,100
474,245659363,7374507906,7.85,primary,50.0,300
475,245659483,768599586,11.82,primary,50.0,300
476,245659483,245659597,210.15,primary,50.0,300
477,245659488,10277780863,16.83,tertiary,30.0,100
478,245659488,10277780870,306.33,tertiary,30.0,100
479,245659597,13375816952,22.05,primary,50.0,300
480,245659680,6431266164,7.96,secondary,40.0,200
481,245659680,7374507910,7.32,secondary,40.0,200
482,245659680,12901660000,719.19,primary,50.0,300
483,245659720,1650345897,371.25,tertiary,30.0,100
484,245659749,471066613,12.41,tertiary,30.0,100
485,245659749,245659862,128.9,secondary,40.0,200
486,245659759,11927565924,22.26,trunk,60.0,400
487,245659759,5848596597,25.6,secondary,40.0,200
488,245659769,13073741404,32.99,secondary,40.0,200
489,245659769,6165302165,124.88,secondary,40.0,200
490,245659769,245660066,533.55,primary,50.0,300
491,245659811,245660062,277.13,secondary,40.0,200
492,245659852,6165302166,7.02,tertiary,30.0,100
493,245659852,12836824093,467.43,secondary,40.0,200
494,245659862,11925633446,10.81,secondary,40.0,200
495,245659862,13828513302,144.1,secondary,40.0,200
496,245659891,768651100,15.87,secondary,40.0,200
497,245659891,7366043901,624.73,primary,50.0,300
498,245660022,11925102340,16.59,tertiary,30.0,100
499,245660022,11925084681,150.54,tertiary,30.0,100
500,245660062,6165302156,31.97,secondary,40.0,200
501,245660066,2444311224,34.6,secondary,40.0,200
502,245660066,471942852,22.79,secondary,40.0,200
503,245660066,11384605403,108.7,primary,50.0,300
504,245660069,1179221116,24.32,trunk_link,50.0,350
505,245660069,2258304456,209.67,trunk,60.0,400
506,245660083,2444311229,32.11,secondary,40.0,200
507,245660083,2444311221,10.22,secondary,40.0,200
508,245660083,12816071781,324.83,secondary,40.0,200
509,245660124,245660066,36.05,secondary,40.0,200
510,245660124,2444311224,27.15,secondary_link,35.0,150
511,245660192,2444311230,11.56,secondary,40.0,200
512,245660192,2442886083,376.81,secondary,40.0,200
513,245660192,245660381,300.05,secondary,40.0,200
514,245660304,768662264,12.16,primary,50.0,300
515,245660304,296353488,220.09,primary,50.0,300
516,245660316,10282040392,10.85,tertiary,30.0,100
517,245660316,12298775319,89.75,secondary,40.0,200
518,245660329,10877277214,17.67,tertiary,30.0,100
519,245660329,10877277215,33.44,primary,50.0,300
520,245660329,11461537126,764.59,tertiary,30.0,100
521,245660365,2446329348,14.63,primary,50.0,300
522,245660365,7394064166,865.66,tertiary,30.0,100
523,245660369,6495203633,8.11,secondary,40.0,200
524,245660369,7374459516,6.63,secondary,40.0,200
525,245660369,245660696,556.3,primary,50.0,300
526,245660380,245660329,440.58,primary,50.0,300
527,245660380,10883072798,14.04,secondary,40.0,200
528,245660380,11043951305,125.35,tertiary,30.0,100
529,245660381,2442886081,11.26,secondary,40.0,200
530,245660381,6430837133,10.37,secondary,40.0,200
531,245660381,13535811790,21.09,secondary,40.0,200
532,245660540,10277717591,12.01,secondary,40.0,200
533,245660540,2442886089,268.38,primary,50.0,300
534,245660549,11043912919,18.2,tertiary,30.0,100
535,245660549,1650385405,178.39,primary,50.0,300
536,245660595,10877451382,8.54,primary,50.0,300
537,245660619,7389083468,788.63,tertiary,30.0,100
538,245660619,587976199,293.06,tertiary,30.0,100
539,245660634,1645876426,15.13,secondary,40.0,200
540,245660634,13565929609,45.57,primary,50.0,300
541,245660634,245660731,216.88,secondary,40.0,200
542,245660650,2442886083,226.79,primary,50.0,300
543,245660696,12721918107,5.35,secondary,40.0,200
544,245660696,7374320616,15.75,primary,50.0,300
545,245660722,1650716617,867.08,secondary,40.0,200
546,245660722,2929595433,197.76,primary,50.0,300
547,245660722,631480519,142.14,primary,50.0,300
548,245660731,245660634,216.88,secondary,40.0,200
549,245660731,10617498617,285.36,secondary,40.0,200
550,245660731,6491605226,573.99,secondary,40.0,200
551,245660731,245660818,274.14,tertiary,30.0,100
552,245660818,245660595,209.28,primary,50.0,300
553,245660818,245660731,274.14,tertiary,30.0,100
554,245660832,12260708836,436.99,primary,50.0,300
555,245660832,536726906,23.07,trunk,60.0,400
556,245660921,13543285311,10.81,primary,50.0,300
557,245660938,13545135274,5.31,tertiary,30.0,100
558,245660938,13545135272,15.22,primary,50.0,300
559,245660948,7375884906,498.73,primary,50.0,300
560,245661018,1490200570,47.28,primary,50.0,300
561,245661018,6165604808,7.14,primary,50.0,300
562,245661074,7394094907,9.72,tertiary,30.0,100
563,245661074,245661369,392.0,secondary,40.0,200
564,245661107,1179088379,40.92,trunk,60.0,400
565,245661117,245661148,115.31,tertiary,30.0,100
566,245661134,2442886106,7.5,tertiary,30.0,100
567,245661134,1645876454,187.25,tertiary,30.0,100
568,245661134,245661018,128.35,primary,50.0,300
569,245661148,13658722671,7.12,tertiary,30.0,100
570,245661148,1650753935,182.61,tertiary,30.0,100
571,245661185,1645886338,36.96,primary,50.0,300
572,245661185,245661134,133.81,primary,50.0,300
573,245661288,1650753970,31.44,tertiary,30.0,100
574,245661288,493925065,652.44,trunk,60.0,400
575,245661295,6165604792,132.93,tertiary,30.0,100
576,245661295,7394094903,234.57,tertiary,30.0,100
577,245661298,7371795872,25.18,tertiary,30.0,100
578,245661369,7394094903,12.48,tertiary,30.0,100
579,245661369,245661627,335.43,secondary,40.0,200
580,245661595,6165604823,10.21,tertiary,30.0,100
581,245661595,1645876460,578.21,secondary,40.0,200
582,245661627,7394094897,11.5,tertiary,30.0,100
583,245661627,245662337,832.26,secondary,40.0,200
584,245661730,1650753970,641.53,trunk,60.0,400
585,245661730,493925065,45.37,trunk,60.0,400
586,245661837,1650694545,92.41,trunk,60.0,400
587,245661871,7371092122,22.76,primary,50.0,300
588,245661871,5921458230,29.31,tertiary,30.0,100
589,245662037,1179314485,226.95,trunk,60.0,400
590,245662128,7397055978,10.58,secondary,40.0,200
591,245662128,13552218468,334.69,secondary,40.0,200
592,245662191,7311314091,28.89,tertiary,30.0,100
593,245662191,7311309979,99.08,tertiary,30.0,100
594,245662295,5271602112,9.08,secondary,40.0,200
595,245662295,9909512441,327.39,secondary,40.0,200
596,245662295,245662646,431.29,primary,50.0,300
597,245662297,13845998583,87.44,secondary,40.0,200
598,245662297,7397055940,5.9,secondary_link,35.0,150
599,245662337,7394094911,158.4,secondary,40.0,200
600,245662339,245662629,403.83,tertiary,30.0,100
601,245662564,4362787515,22.68,tertiary,30.0,100
602,245662564,631487133,424.36,tertiary,30.0,100
603,245662605,2155937886,14.27,trunk,60.0,400
604,245662605,7371920939,208.82,secondary,40.0,200
605,245662629,6165604835,91.59,secondary,40.0,200
606,245662629,5271602930,469.76,secondary,40.0,200
607,245662629,245662850,261.35,tertiary,30.0,100
608,245662629,245662339,403.83,tertiary,30.0,100
609,245662630,6165604835,9.07,secondary,40.0,200
610,245662630,13564356164,162.12,secondary,40.0,200
611,245662637,245662681,54.95,tertiary,30.0,100
612,245662637,245662638,65.99,secondary,40.0,200
613,245662638,245662646,216.94,secondary,40.0,200
614,245662645,245662637,67.03,secondary,40.0,200
615,245662645,245662773,135.68,tertiary,30.0,100
616,245662645,7394094911,243.48,secondary,40.0,200
617,245662646,5271602930,10.92,secondary,40.0,200
618,245662646,245662760,180.96,primary,50.0,300
619,245662681,245662638,38.79,tertiary,30.0,100
620,245662681,7459352439,118.53,tertiary,30.0,100
621,245662760,5271602938,9.66,tertiary,30.0,100
622,245662760,245662966,212.69,primary,50.0,300
623,245662760,7459352439,226.1,tertiary,30.0,100
624,245662773,245663409,648.42,tertiary,30.0,100
625,245662773,245662645,135.68,tertiary,30.0,100
626,245662773,7459352439,116.96,tertiary,30.0,100
627,245662834,13571727010,7.71,tertiary,30.0,100
628,245662834,5271602944,366.53,tertiary,30.0,100
629,245662834,13552147203,23.06,tertiary,30.0,100
630,245662850,6165604834,79.47,tertiary,30.0,100
631,245662850,13552147203,141.9,tertiary,30.0,100
632,245662850,245662629,261.35,tertiary,30.0,100
633,245662851,6165604834,9.64,tertiary,30.0,100
634,245662851,13571656508,45.44,secondary,40.0,200
635,245662886,10654153514,7.67,secondary,40.0,200
636,245662886,13847213883,120.25,secondary,40.0,200
637,245662966,5271602946,11.42,tertiary,30.0,100
638,245662966,245663409,476.38,primary,50.0,300
639,245663085,13552203685,55.15,secondary,40.0,200
640,245663085,6165604830,9.14,tertiary,30.0,100
641,245663367,10654153518,4.94,secondary_link,35.0,150
642,245663367,13845998577,87.86,secondary,40.0,200
643,245663409,674869953,11.59,tertiary,30.0,100
644,245663409,473040979,695.25,primary,50.0,300
645,245663409,245662773,648.42,tertiary,30.0,100
646,245663476,1651338708,28.33,tertiary,30.0,100
647,245663476,8318460418,73.89,tertiary,30.0,100
648,245663569,5056119960,25.18,secondary,40.0,200
649,245663569,13546976661,416.86,secondary,40.0,200
650,245663569,245663708,122.55,secondary,40.0,200
651,245663666,245663849,148.38,primary,50.0,300
652,245663666,5346805349,13.01,primary,50.0,300
653,245663708,245663569,122.55,secondary,40.0,200
654,245663708,6165604846,358.73,secondary,40.0,200
655,245663765,3878559855,17.11,secondary,40.0,200
656,245663765,13658707414,487.76,trunk,60.0,400
657,245663814,6165604846,9.12,secondary,40.0,200
658,245663814,245663708,377.08,secondary,40.0,200
659,245663848,7416644624,13.89,primary,50.0,300
660,245663848,11023557408,383.26,secondary,40.0,200
661,245663849,1643134506,10.43,secondary,40.0,200
662,245663877,9679154878,40.86,trunk_link,50.0,350
663,245663877,528785934,46.85,trunk,60.0,400
664,245663884,13947008808,9.01,primary_link,40.0,250
665,245663884,245663848,129.44,primary,50.0,300
666,245663894,9942486328,42.33,trunk,60.0,400
667,245663959,2439602110,12.24,primary,50.0,300
668,245663959,6557556694,120.35,primary,50.0,300
669,245663961,3878559855,104.17,secondary,40.0,200
670,245663961,13695108310,149.34,secondary,40.0,200
671,245663968,4328161625,683.04,primary,50.0,300
672,245664037,10882918292,8.05,primary,50.0,300
673,245664037,13845955061,148.4,secondary,40.0,200
674,245664057,7372036698,14.65,primary,50.0,300
675,245664187,13677255092,156.54,secondary,40.0,200
676,245664187,245664191,27.32,secondary,40.0,200
677,245664191,245664455,85.28,secondary,40.0,200
678,245664408,1640972957,109.82,primary,50.0,300
679,245664408,245664463,274.98,motorway_link,70.0,450
680,245664445,2250795693,684.49,motorway_link,70.0,450
681,245664445,2250795688,342.77,motorway,80.0,500
682,245664455,13675070082,137.78,secondary,40.0,200
683,245664455,529576444,22.51,secondary,40.0,200
684,245664463,245664445,214.46,motorway,80.0,500
685,245664465,1366857240,77.54,motorway,80.0,500
686,245664547,2250795734,114.77,motorway_link,70.0,450
687,245664547,10882768320,116.45,tertiary,30.0,100
688,245664576,1640972957,361.06,motorway_link,70.0,450
689,245664576,245664463,227.45,motorway,80.0,500
690,245664662,13674181397,16.3,secondary,40.0,200
691,245664662,6573759451,11.93,trunk,60.0,400
692,245664667,13528689956,293.3,primary,50.0,300
693,245664695,8882200680,44.21,motorway,80.0,500
694,245664760,1647747270,26.06,primary,50.0,300
695,245664760,1647747278,42.55,primary_link,40.0,250
696,245664764,1367092731,1058.81,tertiary,30.0,100
697,245664764,2238597924,24.41,secondary,40.0,200
698,245664779,5792168761,39.26,trunk,60.0,400
699,245664830,10134735413,14.68,tertiary,30.0,100
700,245664830,245664760,86.94,primary,50.0,300
701,245664865,3273736210,886.39,secondary,40.0,200
702,245664865,8909137845,110.59,secondary,40.0,200
703,245664865,7383907165,413.49,tertiary,30.0,100
704,245664866,1642951748,152.22,trunk,60.0,400
705,245664869,13677255093,18.67,trunk,60.0,400
706,245664869,1651387817,18.81,secondary,40.0,200
707,245664905,4264598303,16.19,trunk,60.0,400
708,245664905,10939673573,28.88,secondary,40.0,200
709,245665035,10682240352,7.51,tertiary,30.0,100
710,245665035,10682240349,38.25,tertiary,30.0,100
711,245665035,1398117066,121.99,tertiary,30.0,100
712,245665060,10116201906,11.94,secondary,40.0,200
713,245665060,1366857439,71.48,secondary,40.0,200
714,245665147,8443498442,25.48,secondary,40.0,200
715,245665147,8443498448,29.4,tertiary,30.0,100
716,245665197,11143613411,8.93,tertiary,30.0,100
717,245665197,11143613413,30.65,tertiary,30.0,100
718,245665197,7383907165,28.41,tertiary,30.0,100
719,245665218,12486614583,499.2,tertiary,30.0,100
720,245665218,10682240349,66.84,tertiary,30.0,100
721,245665218,245665949,536.96,tertiary,30.0,100
722,245665275,245665303,237.47,secondary,40.0,200
723,245665275,245665307,61.84,secondary,40.0,200
724,245665303,13676994256,71.72,secondary,40.0,200
725,245665303,4264598306,11.57,secondary,40.0,200
726,245665303,245665275,237.47,secondary,40.0,200
727,245665307,1643351830,40.46,secondary,40.0,200
728,245665307,245665637,227.37,secondary,40.0,200
729,245665354,10207397917,12.59,trunk_link,50.0,350
730,245665354,1643351843,9.7,secondary,40.0,200
731,245665637,1643264330,255.05,tertiary,30.0,100
732,245665637,245665307,227.37,secondary,40.0,200
733,245665637,245665748,160.76,secondary,40.0,200
734,245665650,13617550922,11.75,primary,50.0,300
735,245665650,13617550926,216.56,tertiary,30.0,100
736,245665679,10750564862,12.32,tertiary,30.0,100
737,245665679,2246471647,155.11,secondary,40.0,200
738,245665748,245665637,160.76,secondary,40.0,200
739,245665748,245665982,91.51,secondary,40.0,200
740,245665833,3890125193,2111.13,motorway,80.0,500
741,245665833,3890125193,2112.04,motorway_link,70.0,450
742,245665854,2897022073,8.99,secondary,40.0,200
743,245665873,245665939,115.7,tertiary,30.0,100
744,245665874,6428811261,15.69,tertiary,30.0,100
745,245665874,10682240352,894.01,tertiary,30.0,100
746,245665925,13621901232,30.0,tertiary,30.0,100
747,245665925,245665873,24.43,tertiary,30.0,100
748,245665939,245665964,12.18,tertiary,30.0,100
749,245665939,245665949,130.77,tertiary,30.0,100
750,245665948,10171361140,48.18,tertiary,30.0,100
751,245665948,6926138475,41.22,tertiary_link,25.0,80
752,245665949,10171361140,12.92,tertiary,30.0,100
753,245665949,245665218,536.96,tertiary,30.0,100
754,245665949,10171361141,72.48,tertiary,30.0,100
755,245665964,245666002,60.92,tertiary,30.0,100
756,245665982,245665748,91.51,secondary,40.0,200
757,245665982,1651414481,172.75,tertiary,30.0,100
758,245665982,13789652005,111.05,secondary,40.0,200
759,245666002,245665925,45.22,tertiary,30.0,100
760,245666002,245666778,542.71,tertiary,30.0,100
761,245666077,13617067002,5.65,tertiary_link,25.0,80
762,245666077,10091403659,64.63,tertiary,30.0,100
763,245666141,2897024627,11.81,tertiary,30.0,100
764,245666141,9469495782,392.7,secondary,40.0,200
765,245666158,6428811270,187.74,tertiary,30.0,100
766,245666158,7365871208,29.99,tertiary,30.0,100
767,245666164,10207397928,7.71,secondary,40.0,200
768,245666164,1367093074,13.55,secondary,40.0,200
769,245666274,10292442915,11.26,secondary,40.0,200
770,245666274,8443498438,167.63,secondary,40.0,200
771,245666370,13617040697,6.68,tertiary_link,25.0,80
772,245666370,13617040695,57.37,tertiary,30.0,100
773,245666371,2897024642,10.98,tertiary,30.0,100
774,245666371,245666141,219.36,tertiary,30.0,100
775,245666386,245666830,107.91,tertiary,30.0,100
776,245666386,245666882,344.08,tertiary,30.0,100
777,245666386,6554384670,83.86,tertiary,30.0,100
778,245666426,12311766936,10.15,tertiary,30.0,100
779,245666448,476480258,333.56,tertiary,30.0,100
780,245666448,476480287,301.33,secondary,40.0,200
781,245666475,12882834605,12.88,trunk,60.0,400
782,245666475,3212163820,365.24,motorway_link,70.0,450
783,245666615,1936355375,7.61,tertiary,30.0,100
784,245666615,9979171964,413.77,primary,50.0,300
785,245666778,245666901,232.99,tertiary,30.0,100
786,245666778,245666850,193.9,tertiary,30.0,100
787,245666778,245666002,542.71,tertiary,30.0,100
788,245666778,10696472335,46.89,tertiary,30.0,100
789,245666830,2897024695,7.98,tertiary,30.0,100
790,245666830,245666882,247.89,tertiary,30.0,100
791,245666830,245666386,107.91,tertiary,30.0,100
792,245666850,245666778,193.9,tertiary,30.0,100
793,245666850,6926138475,559.25,tertiary,30.0,100
794,245666850,2244797443,245.02,tertiary,30.0,100
795,245666882,2897024710,8.15,tertiary,30.0,100
796,245666882,245666386,344.08,tertiary,30.0,100
797,245666882,13616287394,115.67,tertiary,30.0,100
798,245666901,245666778,232.99,tertiary,30.0,100
799,245666901,5896564331,100.12,tertiary,30.0,100
800,245666966,10279771631,47.09,secondary,40.0,200
801,245666966,2897024737,8.19,primary,50.0,300
802,245667153,9979171956,16.93,tertiary,30.0,100
803,245667153,471554800,245.02,primary,50.0,300
804,245667351,2897024785,289.54,tertiary,30.0,100
805,245667351,6552758940,38.11,primary_link,40.0,250
806,245667420,1646070631,615.82,motorway,80.0,500
807,245667447,13615108581,7.56,trunk,60.0,400
808,245667447,13615108581,12.55,secondary,40.0,200
809,245667457,1936355394,15.21,tertiary,30.0,100
810,245667457,13523554740,103.47,primary,50.0,300
811,245667551,10082236369,6.77,secondary,40.0,200
812,245667688,2897024862,32.61,secondary,40.0,200
813,245667688,13619400535,366.57,secondary,40.0,200
814,245667692,13335873376,233.27,tertiary,30.0,100
815,245667692,2146269444,557.61,tertiary,30.0,100
816,245667803,5911310869,13.75,tertiary,30.0,100
817,245667803,245667819,471.15,trunk,60.0,400
818,245667819,6583665827,174.46,trunk,60.0,400
819,245667850,13503275924,6.61,tertiary,30.0,100
820,245667850,245668405,652.2,tertiary,30.0,100
821,245667850,13503275930,228.12,tertiary,30.0,100
822,245667862,13503275930,65.43,tertiary,30.0,100
823,245667874,2629418529,12.72,tertiary,30.0,100
824,245667874,245668010,636.42,tertiary,30.0,100
825,245667874,245668221,354.59,secondary,40.0,200
826,245668003,2622177289,10.79,trunk_link,50.0,350
827,245668003,13799160902,14.18,primary,50.0,300
828,245668010,245667874,636.42,tertiary,30.0,100
829,245668010,245668285,307.53,tertiary,30.0,100
830,245668010,10882696219,306.26,tertiary,30.0,100
831,245668015,7404711447,9.51,secondary,40.0,200
832,245668015,13619400535,36.75,secondary,40.0,200
833,245668015,245668366,1000.22,tertiary,30.0,100
834,245668039,7404711447,18.91,secondary,40.0,200
835,245668039,10653592689,659.87,secondary,40.0,200
836,245668052,1366009077,243.57,tertiary,30.0,100
837,245668052,10629352244,127.5,tertiary,30.0,100
838,245668052,6497154928,360.36,tertiary,30.0,100
839,245668052,1366027983,640.82,tertiary,30.0,100
840,245668175,1936355426,16.14,tertiary,30.0,100
841,245668175,2629418531,346.29,tertiary,30.0,100
842,245668175,12393472130,300.54,primary,50.0,300
843,245668221,2629418531,10.36,tertiary,30.0,100
844,245668221,245668285,539.81,tertiary,30.0,100
845,245668221,13523465896,451.94,secondary,40.0,200
846,245668285,245668221,539.81,tertiary,30.0,100
847,245668285,10603299587,723.42,tertiary,30.0,100
848,245668285,245668010,307.53,tertiary,30.0,100
849,245668288,245668366,618.16,tertiary,30.0,100
850,245668288,13799110877,183.06,tertiary,30.0,100
851,245668306,10207309411,5.92,tertiary_link,25.0,80
852,245668306,13719798763,145.09,tertiary,30.0,100
853,245668344,10081148287,108.78,tertiary,30.0,100
854,245668344,13644386420,502.53,tertiary,30.0,100
855,245668366,621976590,1233.89,tertiary,30.0,100
856,245668366,245668288,618.16,tertiary,30.0,100
857,245668366,245668015,1000.22,tertiary,30.0,100
858,245668398,4342420724,39.54,secondary,40.0,200
859,245668398,12852654805,84.32,trunk,60.0,400
860,245668399,10081148282,39.19,secondary,40.0,200
861,245668399,2899067852,625.18,trunk,60.0,400
862,245668405,10878535987,8.12,tertiary,30.0,100
863,245668405,10878535988,8.8,tertiary,30.0,100
864,245668405,245667850,652.2,tertiary,30.0,100
865,245668408,10081148287,14.1,tertiary,30.0,100
866,245668408,11201851936,278.91,tertiary,30.0,100
867,245668466,245668594,166.4,primary,50.0,300
868,245668480,4342420750,19.83,tertiary,30.0,100
869,245668480,2250992725,563.71,secondary,40.0,200
870,245668480,5911310869,908.5,tertiary,30.0,100
871,245668490,1643035300,507.54,tertiary,30.0,100
872,245668490,1454673995,248.98,tertiary,30.0,100
873,245668490,10653480123,238.24,tertiary,30.0,100
874,245668515,10770722930,14.34,tertiary,30.0,100
875,245668515,6497154927,46.51,primary,50.0,300
876,245668515,6497154928,52.3,tertiary,30.0,100
877,245668543,10653592689,10.52,secondary,40.0,200
878,245668543,621976586,326.87,tertiary,30.0,100
879,245668594,1936355446,12.44,tertiary,30.0,100
880,245668594,4335012905,156.49,primary,50.0,300
881,245668623,6428667004,17.3,tertiary,30.0,100
882,245668623,11201851936,250.77,tertiary,30.0,100
883,245668721,13719012983,4.48,tertiary,30.0,100
884,245668721,1454673594,335.99,tertiary,30.0,100
885,245668721,12311776131,32.6,tertiary,30.0,100
886,245668759,3234264503,58.92,tertiary,30.0,100
887,245668759,3245675983,110.93,tertiary,30.0,100
888,245668764,1936355451,10.21,secondary,40.0,200
889,245668764,9985506416,614.96,primary,50.0,300
890,245668776,2629418536,9.47,secondary,40.0,200
891,245668776,9674225640,270.27,secondary,40.0,200
892,245668828,4335012910,7.38,tertiary,30.0,100
893,245668828,245668776,243.9,secondary,40.0,200
894,245668927,245669276,469.66,tertiary,30.0,100
895,245668927,245668623,498.32,tertiary,30.0,100
896,245669231,1936355487,10.2,primary,50.0,300
897,245669231,13523657582,66.84,primary,50.0,300
898,245669274,9985506399,20.36,tertiary,30.0,100
899,245669274,9985517318,256.79,tertiary,30.0,100
900,245669274,473653179,126.0,tertiary,30.0,100
901,245669276,473653179,39.64,tertiary,30.0,100
902,245669276,245668927,469.66,tertiary,30.0,100
903,245669276,7384981353,32.9,tertiary,30.0,100
904,245669284,13522436650,9.19,secondary_link,35.0,150
905,245669284,2442374465,1991.52,secondary,40.0,200
906,245669298,6431289416,11.68,tertiary,30.0,100
907,245669298,7379512624,156.42,tertiary,30.0,100
908,245669298,13523465875,584.72,tertiary,30.0,100
909,245669481,5130752103,786.27,motorway,80.0,500
910,245669481,2250825525,62.77,motorway_link,70.0,450
911,245669557,7384981353,368.53,tertiary,30.0,100
912,245669557,1913053602,548.22,tertiary,30.0,100
913,245669557,12260849097,245.27,tertiary,30.0,100
914,245669780,7401192400,7.72,primary,50.0,300
915,245669780,13329840455,220.68,tertiary,30.0,100
916,245670043,13795940239,7.92,primary_link,40.0,250
917,245670043,245669780,248.0,primary,50.0,300
918,245670288,4104861752,28.13,tertiary,30.0,100
919,245670288,810349108,475.96,secondary,40.0,200
920,245670288,10882649102,1329.8,tertiary,30.0,100
921,245670344,13597495215,8.94,tertiary,30.0,100
922,245670344,13882918914,129.61,primary,50.0,300
923,245670576,3708877804,24.8,tertiary,30.0,100
924,245670576,10653616785,217.3,primary,50.0,300
925,245670797,10026289258,62.5,tertiary,30.0,100
926,245670797,1375251590,1467.15,tertiary,30.0,100
927,245670987,10026289247,12.56,secondary,40.0,200
928,245670987,13476803598,115.29,tertiary,30.0,100
929,245671026,10723311426,11.38,tertiary,30.0,100
930,245671026,13598885120,164.83,secondary,40.0,200
931,245671140,245670987,14.15,tertiary,30.0,100
932,245671140,12296084706,420.53,secondary,40.0,200
933,245671328,1154211731,38.67,secondary,40.0,200
934,245671328,1906828922,343.64,tertiary,30.0,100
935,245671354,10564298261,20.1,secondary,40.0,200
936,245671354,10277909614,32.15,primary,50.0,300
937,245671370,11052195979,12.5,secondary,40.0,200
938,245671529,3708879333,11.36,tertiary,30.0,100
939,245671529,10279615798,415.48,primary,50.0,300
940,245671650,13848112230,9.39,tertiary,30.0,100
941,245671650,1644089912,731.37,tertiary,30.0,100
942,245671660,5848131211,172.89,trunk_link,50.0,350
943,245671660,2264152105,817.8,trunk,60.0,400
944,245671694,9719600346,20.01,primary,50.0,300
945,245671694,9719535812,30.31,tertiary,30.0,100
946,245671926,2246662462,18.42,tertiary,30.0,100
947,245671926,10100669503,36.88,tertiary,30.0,100
948,245671926,245672800,650.78,tertiary,30.0,100
949,245671969,866835027,13.05,tertiary,30.0,100
950,245671969,5279685268,453.38,tertiary,30.0,100
951,245671969,866726930,492.12,secondary,40.0,200
952,245671994,10098502200,137.49,tertiary,30.0,100
953,245671994,7345603906,395.47,tertiary,30.0,100
954,245671994,1344712231,164.86,tertiary,30.0,100
955,245671994,245672077,404.26,tertiary,30.0,100
956,245672077,1960732198,103.07,tertiary,30.0,100
957,245672077,245672136,255.79,tertiary,30.0,100
958,245672077,245671994,404.26,tertiary,30.0,100
959,245672136,13877892995,5.98,tertiary,30.0,100
960,245672164,864905263,262.32,tertiary,30.0,100
961,245672164,245671969,139.52,secondary,40.0,200
962,245672405,13390248500,9.54,tertiary,30.0,100
963,245672405,245672447,139.59,tertiary,30.0,100
964,245672447,10198760881,10.87,tertiary,30.0,100
965,245672447,10886219105,114.28,tertiary,30.0,100
966,245672511,10198760884,11.57,tertiary,30.0,100
967,245672511,619199912,69.69,tertiary,30.0,100
968,245672659,1936355587,13.83,secondary,40.0,200
969,245672659,13919216486,25.47,primary,50.0,300
970,245672800,1879817401,34.49,tertiary,30.0,100
971,245672800,245671926,650.78,tertiary,30.0,100
972,245672800,13875882471,250.67,tertiary,30.0,100
973,245672805,4759418241,7.95,tertiary,30.0,100
974,245672805,245673165,262.19,secondary,40.0,200
975,245672811,13598885114,388.37,primary,50.0,300
976,245673165,4759418241,263.76,secondary,40.0,200
977,245673165,13947326756,141.29,secondary,40.0,200
978,245673173,667392418,8.55,tertiary,30.0,100
979,245673173,1960732248,754.88,trunk,60.0,400
980,245673271,10173255202,8.99,secondary,40.0,200
981,245673271,969803898,406.9,tertiary,30.0,100
982,245673271,10173255201,23.97,secondary,40.0,200
983,245673439,13947326759,6.18,primary,50.0,300
984,245673683,12558495602,25.19,tertiary,30.0,100
985,245673683,6616861151,243.13,tertiary,30.0,100
986,245673695,13848478043,8.94,primary_link,40.0,250
987,245673695,6569409222,432.73,primary,50.0,300
988,245673698,1879817555,20.11,tertiary,30.0,100
989,245673698,2192596454,411.65,primary,50.0,300
990,245673706,12558495606,21.06,tertiary,30.0,100
991,245673706,4461980218,23.45,tertiary,30.0,100
992,245673708,1640769756,16.08,primary,50.0,300
993,245675024,7353775774,13.13,tertiary,30.0,100
994,245675024,884182590,107.58,tertiary,30.0,100
995,245675024,5172459964,172.64,secondary,40.0,200
996,245675138,7309530535,10.89,secondary,40.0,200
997,245675138,884198599,67.61,secondary,40.0,200
998,245675146,13844361431,1835.44,tertiary,30.0,100
999,245675146,10299243220,1514.35,tertiary,30.0,100
1000,245675162,3359112086,17.13,tertiary,30.0,100
1001,245675162,10107630356,596.1,tertiary,30.0,100
1002,245675162,245675138,368.11,secondary,40.0,200
1003,245675491,884467232,575.15,tertiary,30.0,100
1004,245675491,2130331504,107.06,tertiary,30.0,100
1005,245675546,884220258,568.86,tertiary,30.0,100
1006,245675546,9887031963,42.82,tertiary,30.0,100
1007,245675627,884379407,12.29,primary,50.0,300
1008,245675627,13855693181,332.05,primary,50.0,300
1009,245675997,884429971,9.08,secondary,40.0,200
1010,245675997,519469651,339.28,primary,50.0,300
1011,245676028,884430084,11.51,primary,50.0,300
1012,245676028,10845925893,16.72,secondary,40.0,200
1013,245677558,13185481798,4.44,secondary,40.0,200
1014,245677658,7394181670,8.42,primary,50.0,300
1015,245677658,245677558,473.54,secondary,40.0,200
1016,245678315,5969985405,132.79,secondary,40.0,200
1017,245678315,2241633911,105.38,secondary,40.0,200
1018,245678339,13856324117,8.29,tertiary,30.0,100
1019,245678357,7241667066,36.01,primary,50.0,300
1020,245678357,245678362,611.85,tertiary,30.0,100
1021,245678362,245678357,611.85,tertiary,30.0,100
1022,245678362,1169541070,936.95,tertiary,30.0,100
1023,245678362,13856220430,146.29,tertiary,30.0,100
1024,245678558,3878492911,20.46,secondary,40.0,200
1025,245678558,245678357,329.76,primary,50.0,300
1026,245678572,245678584,158.94,secondary,40.0,200
1027,245678584,13857139730,6.68,secondary,40.0,200
1028,245678584,13857139729,6.07,tertiary,30.0,100
1029,245678732,3633829123,495.1,tertiary,30.0,100
1030,245678732,10277547716,298.69,primary,50.0,300
1031,245678918,6204119841,15.96,secondary,40.0,200
1032,245678918,1185815163,624.79,secondary,40.0,200
1033,245678918,9684318528,245.62,primary,50.0,300
1034,245679479,3794262396,17.97,secondary,40.0,200
1035,245679479,1195179702,530.47,primary,50.0,300
1036,245679479,1343002718,229.9,secondary,40.0,200
1037,245679943,7388110222,16.28,primary,50.0,300
1038,245679943,2958525029,140.63,secondary,40.0,200
1039,245679988,7345380801,13.74,secondary,40.0,200
1040,245679988,13773981731,231.77,secondary,40.0,200
1041,245680020,2216091725,389.93,secondary,40.0,200
1042,245680020,13786409204,457.53,secondary,40.0,200
1043,245680777,7345377675,12.05,secondary,40.0,200
1044,245680777,10277304360,738.52,tertiary,30.0,100
1045,245680793,7345105043,11.02,tertiary,30.0,100
1046,245680793,7345105043,404.67,tertiary,30.0,100
1047,245681159,9697896132,103.33,tertiary,30.0,100
1048,245681159,13748560586,881.95,tertiary,30.0,100
1049,245681236,10110799432,8.51,tertiary,30.0,100
1050,245681236,2629682549,655.09,tertiary,30.0,100
1051,245681236,1096002709,338.43,tertiary,30.0,100
1052,245681305,245681604,502.92,tertiary,30.0,100
1053,245681305,1648168316,132.2,trunk,60.0,400
1054,245681405,6204119877,83.21,tertiary,30.0,100
1055,245681405,10110799432,253.51,tertiary,30.0,100
1056,245681461,245681305,187.62,trunk,60.0,400
1057,245681604,10564469945,13.98,tertiary,30.0,100
1058,245681604,245681305,502.92,tertiary,30.0,100
1059,245681604,12087090698,168.51,tertiary,30.0,100
1060,245681614,10845966983,8.03,tertiary,30.0,100
1061,245681894,13906401155,134.15,tertiary,30.0,100
1062,245681894,10168211190,108.8,tertiary,30.0,100
1063,245681962,10168211197,7.46,tertiary,30.0,100
1064,245681962,11431904106,7.64,secondary,40.0,200
1065,245681962,7358502434,214.83,tertiary,30.0,100
1066,245681963,10956832461,8.03,secondary,40.0,200
1067,245681970,10879569097,7.94,tertiary,30.0,100
1068,245681970,9115710879,248.21,secondary,40.0,200
1069,245681971,10224997234,7.24,primary,50.0,300
1070,245682010,245681970,119.99,tertiary,30.0,100
1071,245682010,12434877254,5.43,tertiary,30.0,100
1072,245682012,7377674085,6.51,tertiary,30.0,100
1073,245682012,245681971,124.07,primary,50.0,300
1074,245682021,13897104869,7.51,tertiary,30.0,100
1075,245682025,10277304517,6.51,secondary,40.0,200
1076,245682025,13681043574,47.33,secondary,40.0,200
1077,245682042,10277254607,43.2,tertiary,30.0,100
1078,245682042,11431904100,10.73,tertiary,30.0,100
1079,245682042,7358502434,9.97,tertiary,30.0,100
1080,245682042,11104090264,512.62,tertiary,30.0,100
1081,245682051,6601803826,13.23,secondary,40.0,200
1082,245682051,6601803825,37.45,secondary,40.0,200
1083,245682143,10277314349,266.42,tertiary,30.0,100
1084,245682143,7396757085,6.62,tertiary,30.0,100
1085,245682155,7331438999,353.0,tertiary,30.0,100
1086,245682155,7361947954,8.24,tertiary,30.0,100
1087,245682159,7361947945,14.2,tertiary,30.0,100
1088,245682159,13681043571,199.22,primary,50.0,300
1089,245682165,9869792513,11.25,tertiary,30.0,100
1090,245682165,13592894696,112.44,tertiary,30.0,100
1091,245682165,245682305,306.07,tertiary,30.0,100
1092,245682208,7325017690,8.88,tertiary,30.0,100
1093,245682208,7325017690,304.05,tertiary,30.0,100
1094,245682208,10277336170,205.53,tertiary,30.0,100
1095,245682226,9713144363,7.94,tertiary,30.0,100
1096,245682226,245682264,168.35,tertiary,30.0,100
1097,245682226,3110861696,639.64,tertiary,30.0,100
1098,245682242,11031597011,8.21,tertiary,30.0,100
1099,245682242,7396708277,190.77,tertiary,30.0,100
1100,245682251,7361947983,8.27,tertiary,30.0,100
1101,245682254,2562413149,24.13,tertiary,30.0,100
1102,245682254,245682305,304.15,tertiary,30.0,100
1103,245682264,9713144363,171.41,tertiary,30.0,100
1104,245682264,10936740241,364.93,tertiary,30.0,100
1105,245682305,10777556514,9.53,tertiary,30.0,100
1106,245682305,245682254,304.15,tertiary,30.0,100
1107,245682305,6602500399,508.89,tertiary,30.0,100
1108,245682360,2399394966,10.16,tertiary,30.0,100
1109,245682360,245682376,81.27,primary,50.0,300
1110,245682366,11031597010,9.59,primary,50.0,300
1111,245682366,7361947984,278.45,tertiary,30.0,100
1112,245682376,2399394979,8.03,tertiary,30.0,100
1113,245682376,7361947983,306.07,tertiary,30.0,100
1114,245682376,10936694574,310.4,primary,50.0,300
1115,245682398,10277304514,8.77,secondary_link,35.0,150
1116,245682398,11140920278,115.9,secondary,40.0,200
1117,245682619,7366128616,243.26,secondary,40.0,200
1118,245682619,10880492213,228.21,secondary,40.0,200
1119,245682679,7331439047,14.77,tertiary,30.0,100
1120,245682679,6618295251,609.36,primary,50.0,300
1121,245682685,7331439047,473.84,tertiary,30.0,100
1122,245682685,245682820,465.06,tertiary,30.0,100
1123,245682685,13584658160,285.86,tertiary,30.0,100
1124,245682714,10277277831,13.1,tertiary,30.0,100
1125,245682714,245682792,375.9,secondary,40.0,200
1126,245682725,1646690901,283.85,tertiary,30.0,100
1127,245682725,10880492213,171.37,secondary,40.0,200
1128,245682792,10880319881,9.41,tertiary,30.0,100
1129,245682792,245682912,354.56,secondary,40.0,200
1130,245682820,9855725447,230.87,tertiary,30.0,100
1131,245682820,7331439021,740.42,tertiary,30.0,100
1132,245682820,245682685,465.06,tertiary,30.0,100
1133,245682912,10277277840,10.79,tertiary,30.0,100
1134,245682912,245683078,497.13,tertiary,30.0,100
1135,245682912,13467902226,122.59,secondary,40.0,200
1136,245683078,245682912,497.13,tertiary,30.0,100
1137,245683078,13584306188,51.73,tertiary,30.0,100
1138,245683104,7331456316,13.98,tertiary,30.0,100
1139,245683104,10877132833,1216.99,tertiary,30.0,100
1140,245683104,7331456303,468.27,primary,50.0,300
1141,245683329,13766600594,1759.63,trunk,60.0,400
1142,245683351,12483956811,129.21,trunk,60.0,400
1143,245683351,11389889508,221.37,trunk,60.0,400
1144,276775161,6262416573,8.53,primary,50.0,300
1145,276775161,6431094365,166.2,primary,50.0,300
1146,278918827,632310816,752.85,tertiary,30.0,100
1147,278918827,278918833,243.89,secondary,40.0,200
1148,278918827,278918844,261.6,secondary,40.0,200
1149,278918833,2647295191,38.91,secondary,40.0,200
1150,278918833,2715412066,343.72,motorway_link,70.0,450
1151,278918833,278918827,243.89,secondary,40.0,200
1152,278918844,10244259977,548.37,secondary,40.0,200
1153,278918844,278918827,258.93,secondary,40.0,200
1154,278919343,278919550,12.26,tertiary,30.0,100
1155,278919343,13676889453,46.73,secondary,40.0,200
1156,278919358,13676889457,9.43,secondary_link,35.0,150
1157,278919358,1643264091,44.8,secondary,40.0,200
1158,278919550,278919343,12.26,tertiary,30.0,100
1159,278919550,13677995817,312.07,tertiary,30.0,100
1160,278919550,13676889446,141.9,secondary,40.0,200
1161,290884999,3890222356,10.0,tertiary,30.0,100
1162,290884999,415303820,98.85,tertiary,30.0,100
1163,290885002,290885009,65.7,secondary,40.0,200
1164,290885007,5511142448,11.5,secondary,40.0,200
1165,290885007,7803568902,175.39,secondary,40.0,200
1166,290885009,2529081508,37.06,secondary,40.0,200
1167,290885009,7655342086,53.98,motorway_link,70.0,450
1168,290885011,2529081586,11.79,tertiary,30.0,100
1169,290885011,2913869240,830.9,tertiary,30.0,100
1170,290887512,5518220737,34.82,secondary,40.0,200
1171,290887512,2440630027,13.16,secondary,40.0,200
1172,290888177,3890222359,9.99,secondary,40.0,200
1173,296134404,471520228,50.56,secondary,40.0,200
1174,296134404,245658797,760.34,secondary,40.0,200
1175,296346668,245659597,9.74,tertiary,30.0,100
1176,296346668,10277780846,167.88,primary,50.0,300
1177,296353470,245659862,17.94,secondary,40.0,200
1178,296353470,471066613,137.82,secondary,40.0,200
1179,296353488,9952087235,9.13,tertiary,30.0,100
1180,296353488,13951766227,92.19,primary,50.0,300
1181,296354479,623223512,257.15,secondary,40.0,200
1182,296354498,296354499,40.23,primary,50.0,300
1183,296354498,296354479,56.65,secondary_link,35.0,150
1184,296354499,296354479,28.58,secondary,40.0,200
1185,296354499,3663657595,12.22,primary,50.0,300
1186,296362019,2629418478,7.54,primary,50.0,300
1187,296362019,6280229504,32.81,secondary,40.0,200
1188,296362023,1936355368,8.27,primary_link,40.0,250
1189,296362023,245666615,261.46,primary,50.0,300
1190,296848617,13470449799,6.07,tertiary,30.0,100
1191,296849097,1936355577,9.19,tertiary,30.0,100
1192,296849097,867003219,667.95,primary,50.0,300
1193,296849525,13857111125,227.02,secondary,40.0,200
1194,296849526,13366281220,9.64,tertiary,30.0,100
1195,296849526,1916634196,331.22,tertiary,30.0,100
1196,296849526,296849525,38.54,secondary,40.0,200
1197,296849532,13472872189,242.46,tertiary,30.0,100
1198,296849532,13857111157,480.08,secondary,40.0,200
1199,296851160,9201422013,15.32,secondary,40.0,200
1200,296851160,6430875931,341.02,secondary,40.0,200
1201,296852386,10277590767,9.53,secondary_link,35.0,150
1202,296852386,296851160,108.37,secondary,40.0,200
1203,296853248,10277590749,7.72,primary,50.0,300
1204,296853248,1646827559,239.47,secondary,40.0,200
1205,296853793,13619939784,6.85,primary,50.0,300
1206,296853816,2897024648,27.68,primary,50.0,300
1207,296853816,2897024656,18.18,tertiary,30.0,100
1208,296857791,245667351,30.84,tertiary,30.0,100
1209,296857791,2897024818,13.54,primary,50.0,300
1210,296857806,2897024601,36.97,primary,50.0,300
1211,296857806,2897024614,18.07,secondary,40.0,200
1212,296857831,296853793,17.93,secondary,40.0,200
1213,296857831,2897024519,49.6,primary,50.0,300
1214,296857847,1647747259,12.07,primary,50.0,300
1215,296857847,2443139103,28.24,primary,50.0,300
1216,296864887,10277591782,14.77,secondary,40.0,200
1217,296864887,1936499559,137.6,secondary,40.0,200
1218,296871088,969803898,165.71,tertiary,30.0,100
1219,296871088,1375215365,758.35,tertiary,30.0,100
1220,317156842,485973491,97.32,primary_link,40.0,250
1221,317156842,245653783,68.97,primary,50.0,300
1222,317914115,1184134528,200.29,secondary,40.0,200
1223,317914122,414595016,63.14,secondary,40.0,200
1224,340363219,5923862714,104.38,tertiary,30.0,100
1225,340363223,340363219,83.95,tertiary,30.0,100
1226,340363223,1647016599,372.97,tertiary,30.0,100
1227,340363238,1647048944,338.69,tertiary,30.0,100
1228,340363238,1647016599,105.74,tertiary,30.0,100
1229,344582458,1879817913,14.8,secondary,40.0,200
1230,344582458,621244019,841.43,primary,50.0,300
1231,346604059,472814070,39.67,motorway,80.0,500
1232,346604059,346604267,341.61,secondary,40.0,200
1233,346604267,13516967378,203.24,secondary,40.0,200
1234,346604594,472814070,372.59,secondary,40.0,200
1235,346604594,346604601,221.83,motorway_link,70.0,450
1236,346604601,10273014620,848.16,motorway,80.0,500
1237,346611218,346648380,79.42,tertiary,30.0,100
1238,346611218,472840749,32.88,secondary,40.0,200
1239,346611229,7320265243,7.56,tertiary_link,25.0,80
1240,346611229,346611230,73.41,tertiary,30.0,100
1241,346611229,13514783244,572.97,tertiary,30.0,100
1242,346611230,12974666366,425.93,tertiary,30.0,100
1243,346611230,346611554,30.18,tertiary_link,25.0,80
1244,346611239,12974666367,37.5,tertiary,30.0,100
1245,346611239,346613538,402.19,tertiary,30.0,100
1246,346611554,7320265243,72.99,tertiary,30.0,100
1247,346611554,346611230,30.18,tertiary_link,25.0,80
1248,346613538,346611239,402.19,tertiary,30.0,100
1249,346619785,1654348796,402.29,secondary,40.0,200
1250,346619785,5494560187,56.09,secondary,40.0,200
1251,346620827,9681688973,159.0,tertiary,30.0,100
1252,346620827,5494560187,422.06,tertiary,30.0,100
1253,346621512,346620827,246.46,tertiary,30.0,100
1254,346621512,346633397,274.66,tertiary,30.0,100
1255,346633203,10770749309,12.12,tertiary,30.0,100
1256,346633203,471591707,380.05,tertiary,30.0,100
1257,346633203,1654348856,287.06,secondary,40.0,200
1258,346633210,9681688973,7.89,tertiary,30.0,100
1259,346633210,346633203,349.13,secondary,40.0,200
1260,346633397,346621512,274.66,tertiary,30.0,100
1261,346633397,10603240109,173.71,secondary,40.0,200
1262,346644270,10657225553,16.01,secondary,40.0,200
1263,346644272,10089667078,8.01,secondary,40.0,200
1264,346644272,13514297393,8.61,secondary,40.0,200
1265,346648380,346611218,79.42,tertiary,30.0,100
1266,346648380,346611229,228.03,tertiary,30.0,100
1267,347106948,10882715562,552.78,tertiary,30.0,100
1268,347106948,9681688999,310.29,secondary,40.0,200
1269,347106967,10882715559,469.88,secondary,40.0,200
1270,347116059,10882715560,7.69,secondary_link,35.0,150
1271,347116059,347106967,107.25,secondary,40.0,200
1272,347149014,4310550234,11.29,tertiary,30.0,100
1273,347149014,1654348856,174.56,tertiary,30.0,100
1274,347149014,5265547246,297.64,primary,50.0,300
1275,347176149,2629418495,12.27,tertiary,30.0,100
1276,347176149,10878501990,18.84,secondary,40.0,200
1277,347176149,1654363420,35.05,tertiary,30.0,100
1278,347192306,471566319,473.66,tertiary,30.0,100
1279,347192306,471556497,330.58,tertiary,30.0,100
1280,347192306,10882715559,674.84,tertiary,30.0,100
1281,347194070,2629418501,10.4,tertiary,30.0,100
1282,347194070,11497379659,277.87,secondary,40.0,200
1283,347195204,471556497,617.58,tertiary,30.0,100
1284,347195204,13516051357,260.03,tertiary,30.0,100
1285,347195204,10082236368,173.82,tertiary,30.0,100
1286,349131628,2249268387,70.96,secondary,40.0,200
1287,349131628,2249268394,103.55,secondary,40.0,200
1288,349131637,2249268465,352.53,trunk,60.0,400
1289,349131639,2249268453,290.18,trunk,60.0,400
1290,352470432,1960734406,1827.92,trunk,60.0,400
1291,352470432,13735220174,95.89,tertiary,30.0,100
1292,355842984,858938668,20.61,tertiary,30.0,100
1293,355842984,858671995,349.39,primary_link,40.0,250
1294,355842984,588750491,154.5,tertiary,30.0,100
1295,355843002,1643210496,583.79,secondary,40.0,200
1296,355843002,11068250153,76.32,secondary,40.0,200
1297,355844527,2258304283,55.97,secondary,40.0,200
1298,355844527,2176215889,58.08,secondary,40.0,200
1299,356168263,245655133,721.76,tertiary,30.0,100
1300,356168287,1643210508,16.46,secondary,40.0,200
1301,356168287,1127766353,246.03,tertiary,30.0,100
1302,356178506,13904524528,93.26,secondary,40.0,200
1303,357798621,1936355384,196.27,tertiary,30.0,100
1304,357798628,357798681,34.0,tertiary,30.0,100
1305,357798628,357798621,238.63,tertiary,30.0,100
1306,357798629,357798628,33.49,tertiary,30.0,100
1307,357798629,357798681,30.91,tertiary,30.0,100
1308,357798629,13503275924,510.06,tertiary,30.0,100
1309,357798681,357798629,30.91,tertiary,30.0,100
1310,357798681,1936355393,161.54,tertiary,30.0,100
1311,414595016,10054380639,215.41,tertiary,30.0,100
1312,414595016,2250655498,596.5,tertiary,30.0,100
1313,414595016,414595048,80.39,secondary,40.0,200
1314,414595021,13800431833,10.8,tertiary,30.0,100
1315,414595021,13800431852,22.52,tertiary,30.0,100
1316,414595021,1960733875,98.9,tertiary,30.0,100
1317,414595023,1184122842,18.49,primary,50.0,300
1318,414595023,1960734099,15.34,primary,50.0,300
1319,414595039,2250655498,7.98,tertiary,30.0,100
1320,414595039,6802412626,246.25,primary,50.0,300
1321,414595048,9925314985,182.32,secondary,40.0,200
1322,414595048,5923862821,104.59,secondary,40.0,200
1323,414595050,1960733875,11.89,tertiary,30.0,100
1324,414595050,1184122880,289.87,tertiary,30.0,100
1325,414595050,7010109320,156.46,primary,50.0,300
1326,414595057,414595039,104.56,primary,50.0,300
1327,414595057,1960733406,14.53,secondary,40.0,200
1328,414595061,12384008295,124.82,secondary,40.0,200
1329,414595061,13787809092,11.68,secondary,40.0,200
1330,414595062,13787809093,6.18,secondary,40.0,200
1331,414605518,1960733045,6.63,tertiary,30.0,100
1332,414605518,1078664182,463.82,tertiary,30.0,100
1333,414605518,1960733099,155.04,primary,50.0,300
1334,414605519,414605518,131.86,primary,50.0,300
1335,414605519,1960732994,14.97,primary,50.0,300
1336,414605526,13262290340,17.25,tertiary,30.0,100
1337,414605526,12088824444,332.94,primary,50.0,300
1338,414721608,1960733214,88.08,tertiary,30.0,100
1339,414721608,340363238,302.63,tertiary,30.0,100
1340,414721863,13787873116,218.06,secondary,40.0,200
1341,414721863,317914122,444.59,secondary,40.0,200
1342,414725067,414725069,102.29,secondary,40.0,200
1343,414725067,1078664085,257.77,secondary,40.0,200
1344,414725067,1184122846,292.19,tertiary,30.0,100
1345,414725067,1960733394,198.35,tertiary,30.0,100
1346,414725069,414725067,102.29,secondary,40.0,200
1347,414725069,13736820893,13.09,secondary,40.0,200
1348,414726599,1960733568,13.54,primary,50.0,300
1349,414726599,414727656,437.7,primary,50.0,300
1350,414726599,10054380639,233.92,tertiary,30.0,100
1351,414726601,13788003645,196.75,primary,50.0,300
1352,414726601,1960733534,9.45,primary,50.0,300
1353,414726607,414726601,11.56,primary,50.0,300
1354,414727656,11938951570,10.35,tertiary,30.0,100
1355,414727656,7010109325,285.01,primary,50.0,300
1356,414727656,13800431833,82.68,tertiary,30.0,100
1357,414729698,13833490786,63.41,primary,50.0,300
1358,414729698,991256997,562.18,primary,50.0,300
1359,414730361,1960734794,127.54,secondary,40.0,200
1360,414730361,13827971688,139.81,secondary_link,35.0,150
1361,414731201,8592800197,21.1,primary,50.0,300
1362,414731700,1960734773,43.63,trunk,60.0,400
1363,414731700,1960734807,59.96,trunk,60.0,400
1364,415300895,3890222372,8.0,tertiary,30.0,100
1365,415300895,290884999,121.05,tertiary,30.0,100
1366,415303820,5518220734,10.03,tertiary,30.0,100
1367,415303820,3890222361,96.73,tertiary,30.0,100
1368,415303820,415303836,121.73,tertiary,30.0,100
1369,415303836,5518220735,9.29,tertiary,30.0,100
1370,415303836,415300895,97.86,tertiary,30.0,100
1371,415303836,415303820,121.73,tertiary,30.0,100
1372,443526084,13143942408,8.81,secondary,40.0,200
1373,443799807,6601751018,124.43,secondary,40.0,200
1374,443799807,1647017113,492.36,tertiary,30.0,100
1375,443799834,10247313329,12.4,secondary,40.0,200
1376,444753540,11925677531,4.74,secondary,40.0,200
1377,444753540,1650345897,662.51,tertiary,30.0,100
1378,444753540,768584675,522.63,secondary,40.0,200
1379,456025866,456241820,21.79,secondary,40.0,200
1380,456025866,10277829381,19.01,secondary,40.0,200
1381,456044841,245655226,25.68,tertiary,30.0,100
1382,456044841,459499511,18.29,tertiary,30.0,100
1383,456044841,7334220522,440.49,tertiary,30.0,100
1384,456044859,13905002534,4.94,tertiary_link,25.0,80
1385,456044859,5681648023,25.13,tertiary,30.0,100
1386,456145174,11925643819,29.62,primary,50.0,300
1387,456188455,245657727,333.39,tertiary,30.0,100
1388,456188455,618675933,1230.8,primary,50.0,300
1389,456241820,2453954667,10.52,secondary,40.0,200
1390,456241820,5879197464,11.44,secondary,40.0,200
1391,456268055,456241820,54.45,secondary,40.0,200
1392,456268055,5879197463,42.94,tertiary,30.0,100
1393,457068137,4625570716,12.14,secondary,40.0,200
1394,457068137,2298251470,452.82,primary,50.0,300
1395,457089549,2298251380,175.62,tertiary,30.0,100
1396,457089619,457089700,14.66,tertiary,30.0,100
1397,457089619,457089682,994.27,tertiary,30.0,100
1398,457089619,11038814747,753.32,secondary,40.0,200
1399,457089623,2298251647,13.64,tertiary,30.0,100
1400,457089623,2299861338,523.57,secondary,40.0,200
1401,457089682,1650399569,84.87,tertiary,30.0,100
1402,457089682,457089619,994.27,tertiary,30.0,100
1403,457089682,2299861335,662.28,tertiary,30.0,100
1404,457089700,457089619,14.66,tertiary,30.0,100
1405,457089700,457089623,400.28,secondary,40.0,200
1406,457089759,6602226913,7.95,tertiary_link,25.0,80
1407,457089759,2298251396,1389.33,tertiary,30.0,100
1408,457459038,1650382577,772.88,motorway,80.0,500
1409,457459038,5907165803,1148.21,motorway,80.0,500
1410,458874747,245654875,94.08,secondary,40.0,200
1411,458874747,459161705,257.72,secondary,40.0,200
1412,458881254,459024380,26.9,secondary,40.0,200
1413,458881254,13906049236,106.63,secondary,40.0,200
1414,458881254,245654949,9.25,secondary,40.0,200
1415,458966453,245654862,53.32,tertiary,30.0,100
1416,459024366,459024380,26.07,secondary,40.0,200
1417,459024366,245654949,21.92,secondary,40.0,200
1418,459024380,245654875,307.95,secondary,40.0,200
1419,459148572,768599593,22.69,primary,50.0,300
1420,459148572,11925643821,23.63,primary,50.0,300
1421,459161705,458966453,44.88,tertiary,30.0,100
1422,459161705,245654862,63.07,secondary,40.0,200
1423,459482449,245653028,760.81,tertiary,30.0,100
1424,459482553,4307040282,677.06,tertiary,30.0,100
1425,459496093,4362345197,993.0,tertiary,30.0,100
1426,459496093,10885590289,392.53,tertiary,30.0,100
1427,459499511,10885590289,7.6,tertiary,30.0,100
1428,459499511,456044841,18.29,tertiary,30.0,100
1429,459499511,459496093,396.26,tertiary,30.0,100
1430,459600709,245655329,7.6,secondary,40.0,200
1431,459600709,12558663179,139.99,secondary,40.0,200
1432,460941437,463610546,23.02,tertiary,30.0,100
1433,460941437,463610593,15.41,secondary,40.0,200
1434,460941612,13901790649,4.65,secondary,40.0,200
1435,461490081,5878590691,11.31,secondary,40.0,200
1436,461490081,1643210453,91.2,tertiary,30.0,100
1437,461490081,13470129545,1040.34,secondary,40.0,200
1438,461822669,6167841745,15.46,primary,50.0,300
1439,461822669,6167841760,69.32,primary,50.0,300
1440,461822720,12430657329,7.12,primary,50.0,300
1441,461853949,461853953,42.6,primary_link,40.0,250
1442,461853949,5880236188,31.0,primary,50.0,300
1443,461853953,13908512726,885.13,secondary,40.0,200
1444,461853964,461853966,45.47,primary_link,40.0,250
1445,461853964,5880236189,24.14,secondary,40.0,200
1446,461853966,6167841746,270.02,primary,50.0,300
1447,462261958,9952087233,491.64,tertiary,30.0,100
1448,462261958,475706109,297.09,primary,50.0,300
1449,463610546,463610593,16.42,tertiary,30.0,100
1450,463610546,13901790645,406.62,tertiary,30.0,100
1451,463610593,10885684489,7.14,tertiary,30.0,100
1452,463610593,13539744628,366.15,secondary,40.0,200
1453,467125643,467131642,36.58,tertiary,30.0,100
1454,467125643,245654461,295.84,tertiary,30.0,100
1455,467125643,467125646,275.03,tertiary,30.0,100
1456,467125646,467125643,275.03,tertiary,30.0,100
1457,467125646,506224364,42.48,tertiary,30.0,100
1458,467131642,467125643,36.58,tertiary,30.0,100
1459,467131642,467125646,308.47,tertiary,30.0,100
1460,468268130,245654461,18.44,tertiary,30.0,100
1461,468268130,468268130,233.35,tertiary,30.0,100
1462,468268130,468268130,233.35,tertiary,30.0,100
1463,469941496,469957298,198.16,tertiary,30.0,100
1464,469941496,13055485593,223.34,tertiary,30.0,100
1465,469941496,1913053666,574.56,tertiary,30.0,100
1466,469941496,1920242277,700.07,tertiary,30.0,100
1467,469957298,1913053676,272.47,primary,50.0,300
1468,469957298,469941496,198.16,tertiary,30.0,100
1469,470146183,593054872,37.21,tertiary,30.0,100
1470,470146183,588620180,108.11,primary,50.0,300
1471,471043373,6167532216,52.7,primary,50.0,300
1472,471043373,12443076529,45.13,primary_link,40.0,250
1473,471043380,6167532216,17.44,primary,50.0,300
1474,471043380,12443061284,15.03,primary,50.0,300
1475,471066613,245659749,12.41,tertiary,30.0,100
1476,471066613,10277765351,792.44,secondary,40.0,200
1477,471066613,245659720,112.0,tertiary,30.0,100
1478,471520228,10277765343,37.51,secondary,40.0,200
1479,471520228,768584675,19.77,secondary,40.0,200
1480,471550921,471550922,144.66,tertiary,30.0,100
1481,471550922,245667457,129.06,tertiary,30.0,100
1482,471550922,471550921,135.63,tertiary,30.0,100
1483,471554800,245667457,159.65,primary,50.0,300
1484,471554800,2629418520,353.53,tertiary,30.0,100
1485,471556497,347195204,617.58,tertiary,30.0,100
1486,471556497,347192306,330.58,tertiary,30.0,100
1487,471556497,9979171945,108.43,tertiary,30.0,100
1488,471566319,347192306,473.66,tertiary,30.0,100
1489,471566319,5887563940,190.01,secondary,40.0,200
1490,471581476,13520933670,118.33,secondary,40.0,200
1491,471581476,10882727463,6.56,secondary_link,35.0,150
1492,471591707,5353822010,6.31,tertiary,30.0,100
1493,471591707,10882715558,487.2,secondary,40.0,200
1494,471591707,346633203,380.05,tertiary,30.0,100
1495,471941460,658571202,121.61,primary,50.0,300
1496,471941466,245659198,16.34,secondary,40.0,200
1497,471941466,13949601848,333.45,primary,50.0,300
1498,471942852,245660066,22.79,secondary,40.0,200
1499,471942852,13073741404,559.72,primary,50.0,300
1500,471942852,10536657610,85.52,secondary,40.0,200
1501,471955208,10277863427,120.44,secondary,40.0,200
1502,471955208,2442510064,13.33,secondary,40.0,200
1503,471972441,10885739629,6.96,tertiary,30.0,100
1504,471972441,245656042,201.47,tertiary,30.0,100
1505,471972441,13905111289,168.84,secondary,40.0,200
1506,471972442,13905421973,40.64,secondary,40.0,200
1507,471972442,10885739626,6.95,tertiary,30.0,100
1508,471972442,6554614259,63.35,tertiary,30.0,100
1509,472814070,457459038,3803.47,motorway,80.0,500
1510,472840749,9681688974,8.18,secondary,40.0,200
1511,472840749,13009284660,159.59,secondary,40.0,200
1512,473040979,2250795705,156.75,primary,50.0,300
1513,473040979,619227596,153.56,motorway_link,70.0,450
1514,473084113,1643007858,145.01,primary,50.0,300
1515,473084113,1651447381,9.09,tertiary,30.0,100
1516,473084113,5907166289,195.79,tertiary,30.0,100
1517,473653179,245669276,39.64,tertiary,30.0,100
1518,473653179,245669274,126.0,tertiary,30.0,100
1519,473653179,7384981353,52.42,tertiary_link,25.0,80
1520,474706650,2163559556,17.53,secondary,40.0,200
1521,475706090,7394064166,177.67,primary,50.0,300
1522,475706090,475706109,31.47,primary,50.0,300
1523,475706096,2299255967,40.07,primary,50.0,300
1524,475706096,2051567050,63.14,tertiary,30.0,100
1525,475706109,475706096,5.47,primary,50.0,300
1526,476480258,476480287,306.86,tertiary,30.0,100
1527,476480258,245666448,333.56,tertiary,30.0,100
1528,476480258,2897024642,98.6,tertiary,30.0,100
1529,476480287,476480258,306.86,tertiary,30.0,100
1530,476480287,13615156523,90.26,secondary,40.0,200
1531,476489029,2897024513,7.99,tertiary,30.0,100
1532,476489029,7365882733,112.55,tertiary,30.0,100
1533,477585773,13906038541,13.0,secondary_link,35.0,150
1534,477585773,618682503,121.39,secondary,40.0,200
1535,482229835,9931191124,981.47,tertiary,30.0,100
1536,482229835,13637469012,368.26,tertiary,30.0,100
1537,482266865,482278859,14.77,tertiary,30.0,100
1538,482266865,1913053586,107.33,tertiary,30.0,100
1539,482278859,12260849097,712.67,tertiary,30.0,100
1540,482278859,1913053599,499.49,tertiary,30.0,100
1541,482297168,1913053586,21.61,tertiary,30.0,100
1542,482297168,10274112204,532.23,primary,50.0,300
1543,482297168,593054872,109.82,tertiary,30.0,100
1544,485953822,1643210501,101.77,secondary,40.0,200
1545,485953822,11468832332,26.63,secondary,40.0,200
1546,485966127,1643210501,28.37,secondary,40.0,200
1547,485973491,13700572817,38.29,primary,50.0,300
1548,485973491,317156842,97.32,primary_link,40.0,250
1549,485977586,245653671,343.71,tertiary,30.0,100
1550,485977586,6618261801,139.2,primary,50.0,300
1551,485984666,245653745,32.95,secondary_link,35.0,150
1552,485984666,13700547679,53.09,secondary,40.0,200
1553,486003937,11052576142,16.89,primary,50.0,300
1554,486003937,2176701333,45.69,tertiary,30.0,100
1555,486004376,2176726928,558.3,secondary,40.0,200
1556,486004411,486004376,39.45,secondary_link,35.0,150
1557,486004411,245653078,88.43,secondary,40.0,200
1558,486024085,245654108,14.69,secondary,40.0,200
1559,486024085,3762234397,12.3,secondary,40.0,200
1560,486040864,4099754310,12.15,tertiary,30.0,100
1561,486040864,486040927,82.95,primary,50.0,300
1562,486040864,245653901,37.42,tertiary,30.0,100
1563,486040927,317156842,179.67,primary,50.0,300
1564,486050696,13698318585,15.62,tertiary,30.0,100
1565,486050696,495097987,29.86,primary,50.0,300
1566,486327564,245654580,15.85,secondary,40.0,200
1567,486385346,245655253,11.55,primary_link,40.0,250
1568,486385346,12389780671,572.32,primary,50.0,300
1569,486390343,1127774638,366.47,tertiary,30.0,100
1570,486390343,486400969,886.47,primary,50.0,300
1571,486400792,10595675493,17.34,secondary,40.0,200
1572,486400792,10277881700,196.33,primary,50.0,300
1573,486400969,486400792,12.39,primary,50.0,300
1574,486400969,6601867496,55.7,secondary,40.0,200
1575,486404283,245654001,13.85,tertiary,30.0,100
1576,486404283,10277881704,30.26,tertiary,30.0,100
1577,486404283,10277881705,30.89,primary,50.0,300
1578,486404313,486003937,11.26,primary,50.0,300
1579,486404313,473084113,142.75,primary,50.0,300
1580,486415686,10277863431,23.44,primary,50.0,300
1581,486415686,7384417484,15.18,secondary,40.0,200
1582,489586507,1643210481,9.95,secondary,40.0,200
1583,489586507,245654566,233.03,tertiary,30.0,100
1584,489593886,1643210481,38.93,tertiary,30.0,100
1585,489593886,485966127,57.96,tertiary,30.0,100
1586,489793165,861155655,23.12,secondary,40.0,200
1587,489793165,245656434,414.06,primary,50.0,300
1588,493911795,245657468,551.08,tertiary,30.0,100
1589,493911795,245657844,712.07,tertiary,30.0,100
1590,493911795,493966589,123.46,tertiary,30.0,100
1591,493925065,7371796096,41.84,trunk,60.0,400
1592,493925226,245658898,2828.09,tertiary,30.0,100
1593,493925226,245658027,212.26,tertiary,30.0,100
1594,493925226,245657786,429.3,tertiary,30.0,100
1595,493925820,12088684363,11.09,tertiary,30.0,100
1596,493925820,245657292,804.05,tertiary,30.0,100
1597,493925820,245657868,189.62,tertiary,30.0,100
1598,493966540,493966602,15.0,secondary,40.0,200
1599,493966540,13408665371,23.94,secondary,40.0,200
1600,493966574,10277786606,31.78,tertiary,30.0,100
1601,493966574,493966540,14.17,secondary,40.0,200
1602,493966589,245657229,21.82,secondary,40.0,200
1603,493966589,493911795,123.46,tertiary,30.0,100
1604,493966602,493966589,10.52,secondary,40.0,200
1605,494358449,10885804880,6.6,secondary,40.0,200
1606,494358449,10885804881,523.62,secondary,40.0,200
1607,494358456,10885757450,9.95,secondary,40.0,200
1608,494358464,494358449,13.64,secondary,40.0,200
1609,495097987,245653917,159.56,primary,50.0,300
1610,495097987,13698318585,31.36,primary,50.0,300
1611,495098003,2163539003,29.76,primary,50.0,300
1612,495098003,536839590,29.9,primary_link,40.0,250
1613,495098003,245653956,71.47,primary,50.0,300
1614,506224364,506224427,39.45,tertiary,30.0,100
1615,506224364,467125646,42.48,tertiary,30.0,100
1616,506224427,245654845,204.33,tertiary,30.0,100
1617,506224427,506224364,39.33,tertiary,30.0,100
1618,519469450,10258911097,6.14,tertiary,30.0,100
1619,519469450,884220266,758.04,tertiary,30.0,100
1620,519469450,884220200,833.39,tertiary,30.0,100
1621,519469451,9884840342,10.16,tertiary,30.0,100
1622,519469451,13757945176,431.5,tertiary,30.0,100
1623,519469451,519469450,203.04,tertiary,30.0,100
1624,519469509,10245973643,7.14,tertiary,30.0,100
1625,519469509,13944693736,204.32,tertiary,30.0,100
1626,519469620,13757945176,6.71,tertiary,30.0,100
1627,519469620,884430050,202.99,tertiary,30.0,100
1628,519469646,10245973641,9.97,tertiary,30.0,100
1629,519469646,13439115378,228.36,tertiary,30.0,100
1630,519469651,13757945178,6.99,primary,50.0,300
1631,519469651,519469620,175.08,tertiary,30.0,100
1632,528622444,12415277160,89.13,tertiary,30.0,100
1633,528622444,245653855,13.49,tertiary,30.0,100
1634,528644180,9313040216,235.86,tertiary,30.0,100
1635,528644180,9313040213,19.19,tertiary,30.0,100
1636,528644332,4244306273,145.48,tertiary,30.0,100
1637,528644332,9313040201,13.39,tertiary,30.0,100
1638,528644374,2168581052,14.16,primary,50.0,300
1639,528743522,1643105814,13.95,primary,50.0,300
1640,528743522,528743523,61.49,secondary,40.0,200
1641,528743523,528743527,90.76,secondary,40.0,200
1642,528743527,7462923338,79.38,secondary_link,35.0,150
1643,528743527,245654108,62.96,secondary,40.0,200
1644,528785879,5838250404,19.83,trunk,60.0,400
1645,528785879,245663894,31.46,trunk,60.0,400
1646,528785934,13103368075,2.99,trunk,60.0,400
1647,528785949,5354454748,9.03,trunk,60.0,400
1648,528890449,13851566377,181.91,tertiary,30.0,100
1649,528890449,245658099,91.39,tertiary,30.0,100
1650,529576444,245664187,89.49,secondary,40.0,200
1651,536673200,7371481515,7.16,primary,50.0,300
1652,536673200,2295481165,440.7,primary,50.0,300
1653,536726906,536726910,26.05,trunk,60.0,400
1654,536726910,245661107,283.25,trunk,60.0,400
1655,536726910,2163592452,50.9,trunk,60.0,400
1656,536726942,5921458183,78.54,trunk,60.0,400
1657,536726942,1179269788,47.11,trunk,60.0,400
1658,536839590,495098003,29.9,primary_link,40.0,250
1659,536839590,245654036,148.8,tertiary,30.0,100
1660,561165513,561165516,16.58,secondary,40.0,200
1661,561165516,10277829360,157.38,tertiary,30.0,100
1662,561165516,561165518,15.03,secondary,40.0,200
1663,561165518,10885775501,158.46,secondary,40.0,200
1664,561165518,494358464,10.04,secondary,40.0,200
1665,561165526,494358456,9.71,secondary,40.0,200
1666,561165526,13906038548,27.33,tertiary,30.0,100
1667,564738600,7374290526,7.83,secondary,40.0,200
1668,564738608,7374443590,7.47,secondary,40.0,200
1669,564738608,2244791352,270.51,secondary,40.0,200
1670,564738616,7374437674,10.86,primary,50.0,300
1671,564738616,12354106792,407.66,secondary,40.0,200
1672,564739419,7374290529,9.9,tertiary,30.0,100
1673,564739419,7374437593,78.57,secondary,40.0,200
1674,564739419,7374437670,563.61,tertiary,30.0,100
1675,564739421,7374085969,276.25,tertiary,30.0,100
1676,564739421,1147514697,9.15,secondary,40.0,200
1677,564740607,1070841436,20.24,secondary,40.0,200
1678,564740607,12553660977,26.37,primary,50.0,300
1679,564741511,9130240890,20.3,primary_link,40.0,250
1680,564741511,7357634700,284.0,primary,50.0,300
1681,564741520,9130240897,20.26,primary_link,40.0,250
1682,564741520,564741511,353.7,primary,50.0,300
1683,564741521,3273736680,20.01,primary,50.0,300
1684,564741521,9130240899,20.04,primary_link,40.0,250
1685,564764334,12084455927,17.77,secondary,40.0,200
1686,564764371,7345826552,921.77,secondary,40.0,200
1687,564764371,2244792180,31.25,secondary_link,35.0,150
1688,564764420,1651530989,20.43,tertiary,30.0,100
1689,564764420,1147514644,535.67,tertiary,30.0,100
1690,564764420,9130240908,420.36,primary,50.0,300
1691,564765453,12084455926,9.74,secondary,40.0,200
1692,564765453,969754640,2483.96,tertiary,30.0,100
1693,564782061,13434117133,7.44,secondary,40.0,200
1694,564782061,564782071,6.91,secondary_link,35.0,150
1695,564782071,564782061,6.91,secondary_link,35.0,150
1696,564782071,9130240870,512.25,secondary,40.0,200
1697,564853874,926432851,7798.68,tertiary,30.0,100
1698,564853874,926432851,1918.28,secondary,40.0,200
1699,564853874,7308710011,1046.76,secondary,40.0,200
1700,564864170,4233787585,2042.25,tertiary,30.0,100
1701,564864170,564906271,5661.05,tertiary,30.0,100
1702,564864170,926432851,4380.41,secondary,40.0,200
1703,564878691,4233787585,1747.66,tertiary,30.0,100
1704,564906271,564864170,5661.05,tertiary,30.0,100
1705,583309182,346604267,208.18,motorway_link,70.0,450
1706,583309182,346604601,332.57,motorway,80.0,500
1707,587976149,11919249646,46.12,tertiary,30.0,100
1708,587976149,11919249649,49.08,trunk,60.0,400
1709,587976149,5848596628,27.86,tertiary,30.0,100
1710,587976199,1179261850,26.81,tertiary,30.0,100
1711,587976199,5921458189,123.02,trunk,60.0,400
1712,587984765,245660619,130.41,tertiary,30.0,100
1713,587984765,13686797151,21.61,tertiary,30.0,100
1714,588597487,5346806114,711.02,motorway,80.0,500
1715,588620180,652613466,10.78,primary,50.0,300
1716,588620180,767335422,243.67,tertiary,30.0,100
1717,588750491,245655201,363.94,tertiary,30.0,100
1718,588750491,355842984,154.5,tertiary,30.0,100
1719,588750491,245654907,105.19,tertiary,30.0,100
1720,590493555,1511529014,251.77,trunk,60.0,400
1721,590544164,3792949321,146.68,trunk_link,50.0,350
1722,590544164,2250676354,299.74,trunk,60.0,400
1723,590605922,10945682229,132.69,secondary,40.0,200
1724,590605922,590605941,14.31,secondary,40.0,200
1725,590605927,7037578470,5.13,secondary,40.0,200
1726,590605941,590607231,18.82,secondary,40.0,200
1727,590605977,7366127478,11.61,primary,50.0,300
1728,590607231,5988087561,8.43,tertiary,30.0,100
1729,590607231,2973125832,6.45,secondary,40.0,200
1730,590732619,10281959321,7.87,tertiary,30.0,100
1731,590732809,6615924775,21.63,tertiary,30.0,100
1732,590732809,11043526513,225.72,tertiary,30.0,100
1733,593054810,7749797422,257.52,motorway,80.0,500
1734,593054844,2250825448,1456.95,motorway,80.0,500
1735,593054844,9764141725,280.13,trunk,60.0,400
1736,593054870,588620180,41.37,tertiary,30.0,100
1737,593054870,593054872,104.56,primary,50.0,300
1738,593054872,470146183,37.21,tertiary,30.0,100
1739,593054872,5348834828,60.11,primary,50.0,300
1740,593054872,482297168,109.82,tertiary,30.0,100
1741,593054877,5130752102,86.67,motorway_link,70.0,450
1742,593054877,469957298,546.83,primary,50.0,300
1743,593119792,13619693606,18.04,motorway_link,70.0,450
1744,593119792,6428838989,785.68,tertiary,30.0,100
1745,593119792,12393568324,758.5,tertiary,30.0,100
1746,610227598,245656411,482.06,tertiary,30.0,100
1747,610227598,7384002972,12.59,tertiary,30.0,100
1748,610227598,10277863438,25.61,tertiary,30.0,100
1749,610244325,7383810757,79.0,secondary,40.0,200
1750,610244325,2178293601,466.27,secondary,40.0,200
1751,610283487,245655133,338.1,secondary,40.0,200
1752,618675933,618676046,348.46,primary,50.0,300
1753,618675933,456268055,15.7,secondary,40.0,200
1754,618676046,245656236,194.5,primary,50.0,300
1755,618682503,1236410186,16.65,primary,50.0,300
1756,618682503,12506352388,446.39,primary,50.0,300
1757,618682506,245656236,11.03,primary,50.0,300
1758,618682506,6618301525,378.2,primary,50.0,300
1759,618685378,10877664331,442.03,tertiary,30.0,100
1760,618685378,2178293626,471.37,tertiary,30.0,100
1761,619128792,13759083095,42.54,primary,50.0,300
1762,619128792,5841547819,14.54,primary,50.0,300
1763,619128792,6786448274,30.53,tertiary,30.0,100
1764,619130306,13579860192,8.68,primary,50.0,300
1765,619143455,8780753168,10.99,secondary_link,35.0,150
1766,619143455,2702435814,639.73,secondary,40.0,200
1767,619143463,619143471,816.42,secondary,40.0,200
1768,619143463,13284877508,67.73,secondary,40.0,200
1769,619143471,1960734983,11.4,secondary,40.0,200
1770,619143471,10279414813,14.22,trunk,60.0,400
1771,619143471,619143463,816.42,secondary,40.0,200
1772,619166256,1180378612,41.91,primary,50.0,300
1773,619166256,10294767394,115.89,primary,50.0,300
1774,619166257,12718160989,20.87,tertiary,30.0,100
1775,619166257,10110467910,1055.04,tertiary,30.0,100
1776,619169805,7377674117,15.89,secondary,40.0,200
1777,619169805,13652385904,167.19,primary,50.0,300
1778,619169811,10956744353,6.64,primary,50.0,300
1779,619169980,11927518741,10.21,secondary,40.0,200
1780,619169980,10956744347,371.21,tertiary,30.0,100
1781,619169992,12778141745,9.66,tertiary,30.0,100
1782,619169992,3243952040,567.44,secondary,40.0,200
1783,619181292,2250992839,13.79,tertiary,30.0,100
1784,619181292,13718618587,553.95,tertiary,30.0,100
1785,619181292,10548664764,105.72,tertiary,30.0,100
1786,619183126,5938773141,13.12,secondary,40.0,200
1787,619183126,13723183137,358.33,secondary,40.0,200
1788,619183872,5938773148,668.96,tertiary,30.0,100
1789,619183872,1157176384,1674.38,tertiary,30.0,100
1790,619183872,13723217787,283.14,tertiary,30.0,100
1791,619183876,5938773148,13.21,tertiary,30.0,100
1792,619183876,5938773707,670.45,secondary,40.0,200
1793,619185664,6430906958,12.31,tertiary,30.0,100
1794,619185664,12124288583,757.93,secondary,40.0,200
1795,619185664,13728743879,7.92,tertiary,30.0,100
1796,619185674,5938773176,13.76,primary,50.0,300
1797,619185674,1194136043,24.42,secondary,40.0,200
1798,619193778,13673740016,138.68,secondary,40.0,200
1799,619193778,619193780,112.24,secondary,40.0,200
1800,619193780,619193782,152.8,secondary,40.0,200
1801,619193780,619193778,112.24,secondary,40.0,200
1802,619193782,2233870975,1149.47,secondary,40.0,200
1803,619193782,619193780,117.16,secondary,40.0,200
1804,619199656,4759328737,12.51,secondary,40.0,200
1805,619199656,6581281333,104.84,primary,50.0,300
1806,619199658,4759328736,8.57,secondary,40.0,200
1807,619199912,9884695316,4.92,tertiary,30.0,100
1808,619202302,1375215365,13.87,trunk_link,50.0,350
1809,619202302,1156163024,500.51,trunk,60.0,400
1810,619227582,674869953,209.42,primary,50.0,300
1811,619227596,10882768315,109.48,secondary,40.0,200
1812,619227596,2250795688,405.85,motorway_link,70.0,450
1813,619227611,2250795705,33.75,motorway_link,70.0,450
1814,619227611,619227618,43.66,primary_link,40.0,250
1815,619227618,245664667,74.14,primary,50.0,300
1816,619227657,593054810,167.13,motorway_link,70.0,450
1817,619227661,2250795710,62.32,primary,50.0,300
1818,619227661,619227657,95.63,motorway_link,70.0,450
1819,619305731,12794348742,119.2,trunk,60.0,400
1820,619306765,11920002785,7.51,trunk,60.0,400
1821,619309790,1366028032,133.82,primary,50.0,300
1822,619309806,2622177292,16.6,tertiary,30.0,100
1823,619309806,1366009125,234.52,primary,50.0,300
1824,619309810,2622177275,14.1,primary,50.0,300
1825,619309810,1366009054,236.66,tertiary,30.0,100
1826,619309810,6429588362,73.49,primary,50.0,300
1827,619309814,6494952054,10.97,tertiary,30.0,100
1828,619309814,6494952052,22.57,primary,50.0,300
1829,619309814,1366008979,743.6,tertiary,30.0,100
1830,620011492,2622177342,8.33,tertiary,30.0,100
1831,620011492,13719082389,254.31,primary,50.0,300
1832,620382315,2258304310,98.58,primary,50.0,300
1833,620382693,1375482657,11.88,secondary,40.0,200
1834,620382693,2258304323,86.09,primary,50.0,300
1835,620382712,245657418,31.42,tertiary,30.0,100
1836,620382712,6574282572,30.32,tertiary_link,25.0,80
1837,620393213,861190736,43.38,secondary,40.0,200
1838,620393213,245655857,24.23,secondary,40.0,200
1839,620393213,7384062489,105.33,primary_link,40.0,250
1840,620393234,861190726,15.59,secondary,40.0,200
1841,620393234,620393268,266.79,primary_link,40.0,250
1842,620393268,245655857,28.88,tertiary,30.0,100
1843,620393268,620393213,41.53,primary_link,40.0,250
1844,621244019,1651801084,13.87,secondary,40.0,200
1845,621244019,6430340549,12.63,secondary,40.0,200
1846,621244019,1879818059,906.56,primary,50.0,300
1847,621284871,13856261797,62.34,primary,50.0,300
1848,621284871,2629436073,10.25,primary,50.0,300
1849,621284872,1936499649,9.01,tertiary,30.0,100
1850,621284872,621284871,220.89,primary,50.0,300
1851,621284900,1936499595,9.53,tertiary,30.0,100
1852,621284900,13437517358,448.42,primary,50.0,300
1853,621287160,1936499726,8.54,tertiary,30.0,100
1854,621287160,7394181646,194.13,primary,50.0,300
1855,621287161,12293476231,9.13,primary,50.0,300
1856,621287166,1936499709,8.82,tertiary,30.0,100
1857,621287166,13859362768,53.73,primary,50.0,300
1858,621287167,1936499674,8.84,tertiary,30.0,100
1859,621287167,13856261794,288.92,primary,50.0,300
1860,621287605,1936499748,8.92,tertiary,30.0,100
1861,621287605,1936499782,790.48,primary,50.0,300
1862,621976586,4342421082,27.93,tertiary,30.0,100
1863,621976586,245668543,326.87,tertiary,30.0,100
1864,621976590,245668366,1233.89,tertiary,30.0,100
1865,621976590,4342421083,22.43,tertiary,30.0,100
1866,622042581,12406085638,23.16,trunk,60.0,400
1867,622042582,2897024865,10.89,trunk,60.0,400
1868,622042582,622042581,50.92,trunk,60.0,400
1869,622060376,6494817881,71.75,trunk,60.0,400
1870,623037777,13629221959,13.66,tertiary,30.0,100
1871,623037777,4323078802,332.4,tertiary,30.0,100
1872,623037777,13629221962,365.41,primary,50.0,300
1873,623038359,7371953277,20.52,tertiary,30.0,100
1874,623038359,1936627871,32.6,tertiary,30.0,100
1875,623038359,10005632789,24.54,tertiary,30.0,100
1876,623040010,1185552512,74.49,secondary,40.0,200
1877,623040010,5936572231,16.01,secondary,40.0,200
1878,623040015,3878413343,16.17,secondary,40.0,200
1879,623040015,3878413345,12.45,secondary,40.0,200
1880,623040015,3878367738,78.98,secondary,40.0,200
1881,623040016,3878413345,105.56,secondary,40.0,200
1882,623040016,296864887,411.08,secondary,40.0,200
1883,623040192,3736905344,195.43,tertiary,30.0,100
1884,623040192,1184089996,372.15,secondary,40.0,200
1885,623040889,866835029,11.01,primary,50.0,300
1886,623040889,2610805155,47.68,secondary,40.0,200
1887,623217288,245672811,52.7,primary,50.0,300
1888,623217288,1934768159,10.74,secondary,40.0,200
1889,623223512,13130856586,10.09,secondary,40.0,200
1890,623880468,1640273641,15.54,secondary_link,35.0,150
1891,623880468,3878367744,156.52,secondary,40.0,200
1892,623881375,3878413328,17.46,tertiary,30.0,100
1893,623881375,10005632789,388.78,tertiary,30.0,100
1894,623881375,623040015,244.25,secondary,40.0,200
1895,623881673,1646827550,241.37,secondary,40.0,200
1896,623881673,9201441624,13.3,tertiary,30.0,100
1897,623885624,12384157466,17.89,primary_link,40.0,250
1898,623885624,7416417273,179.92,primary,50.0,300
1899,623889400,1644086520,155.61,tertiary,30.0,100
1900,623889400,1644086514,113.81,tertiary,30.0,100
1901,623889400,1644086510,330.31,tertiary,30.0,100
1902,623889405,3234280490,17.38,tertiary,30.0,100
1903,623889405,5477703669,55.43,tertiary,30.0,100
1904,623889405,13703142010,282.89,tertiary,30.0,100
1905,626539115,10277547729,6.12,tertiary,30.0,100
1906,626539115,984279288,447.15,tertiary,30.0,100
1907,626539146,13727972304,75.47,tertiary,30.0,100
1908,626539146,984279288,185.25,tertiary,30.0,100
1909,626539146,13727972309,58.13,tertiary,30.0,100
1910,627733111,4233787585,1821.53,tertiary,30.0,100
1911,627835035,7398222703,5.51,secondary,40.0,200
1912,627835035,7397336335,771.87,primary,50.0,300
1913,627835037,7392412417,8.51,secondary,40.0,200
1914,627835037,3795056480,282.93,primary,50.0,300
1915,627835038,13649362635,5.31,primary,50.0,300
1916,627835038,12882834634,18.29,tertiary,30.0,100
1917,627835045,13858674669,13.07,secondary,40.0,200
1918,627835045,7398222686,253.71,primary,50.0,300
1919,627835052,7398222686,11.14,tertiary,30.0,100
1920,627835052,13858674669,253.93,primary,50.0,300
1921,627835052,13857139749,379.94,tertiary,30.0,100
1922,627835897,7388123459,22.26,secondary,40.0,200
1923,627835897,1343017943,29.42,secondary_link,35.0,150
1924,627835899,627835897,184.05,secondary,40.0,200
1925,627835899,3795056351,441.6,tertiary,30.0,100
1926,627837222,7397333159,10.42,secondary,40.0,200
1927,627837222,13760893293,278.88,secondary,40.0,200
1928,627837248,627837222,923.67,secondary,40.0,200
1929,627838051,7378436343,9.07,secondary,40.0,200
1930,627838051,13649362627,119.0,primary,50.0,300
1931,628597978,2629682548,11.86,tertiary,30.0,100
1932,628597978,1353464534,226.32,secondary,40.0,200
1933,628597982,6204119862,20.29,secondary,40.0,200
1934,628597982,9115783835,305.68,primary,50.0,300
1935,628597983,13648926264,118.26,secondary,40.0,200
1936,628597986,13652084594,42.58,secondary,40.0,200
1937,628597986,7345377643,9.76,secondary,40.0,200
1938,628655131,245654615,82.6,secondary,40.0,200
1939,628655131,2258304311,2446.15,primary,50.0,300
1940,628998774,7345415530,10.22,secondary,40.0,200
1941,628998774,10277336164,205.38,secondary,40.0,200
1942,628998823,7345415553,5.66,tertiary,30.0,100
1943,628998823,7345105024,449.4,secondary,40.0,200
1944,629016904,7345377653,7.81,secondary,40.0,200
1945,629016904,13652103603,141.17,secondary,40.0,200
1946,629017401,7345377669,10.98,secondary,40.0,200
1947,629017401,7345377635,217.59,tertiary,30.0,100
1948,629017418,7345211349,12.91,tertiary,30.0,100
1949,629017418,245680793,164.59,tertiary,30.0,100
1950,629021717,6204119853,20.41,secondary,40.0,200
1951,629021717,1646685599,453.77,primary,50.0,300
1952,629022103,10956744325,10.86,tertiary,30.0,100
1953,629022103,11786980559,297.11,tertiary,30.0,100
1954,629022674,3793874882,1432.65,tertiary,30.0,100
1955,629022674,245683104,1158.35,primary,50.0,300
1956,629022717,2251057097,64.73,primary,50.0,300
1957,629023678,9869792498,9.95,secondary,40.0,200
1958,629023678,3793874877,102.11,secondary,40.0,200
1959,629023678,3793874882,148.14,secondary,40.0,200
1960,629023979,10310857481,7.38,secondary,40.0,200
1961,629023979,10310857477,80.01,secondary,40.0,200
1962,630298099,9694187775,10.03,secondary,40.0,200
1963,630298099,10880918992,381.09,secondary,40.0,200
1964,630298114,10882363456,7.99,secondary,40.0,200
1965,630298114,1184489481,1149.33,secondary,40.0,200
1966,630298114,10880918992,206.45,secondary,40.0,200
1967,630298120,10882363458,9.98,tertiary,30.0,100
1968,630298120,10882363456,94.94,secondary,40.0,200
1969,630301865,2236679734,1622.32,secondary,40.0,200
1970,630301865,630303556,961.88,secondary,40.0,200
1971,630301865,1184038446,1260.46,tertiary,30.0,100
1972,630303556,1152814072,2122.06,secondary,40.0,200
1973,630303556,1184038446,493.37,tertiary,30.0,100
1974,630303556,630301865,961.88,secondary,40.0,200
1975,630678284,5969985432,9.71,tertiary,30.0,100
1976,630678284,1647015812,120.49,secondary,40.0,200
1977,630678284,13901459384,174.2,tertiary,30.0,100
1978,630678344,3269084026,34.14,secondary,40.0,200
1979,630678357,1388354104,418.24,tertiary,30.0,100
1980,630689984,5841547810,9.33,tertiary,30.0,100
1981,630689984,6786448271,1308.9,primary,50.0,300
1982,630689984,13575284305,959.03,tertiary,30.0,100
1983,630699810,10023271204,7.92,secondary,40.0,200
1984,630699810,13580388012,55.66,secondary,40.0,200
1985,630700075,7371058897,174.55,tertiary,30.0,100
1986,630700075,10017305037,99.2,tertiary,30.0,100
1987,630700081,10017305036,53.12,tertiary,30.0,100
1988,630700998,13900891168,246.08,tertiary,30.0,100
1989,630700998,13901459383,289.8,tertiary,30.0,100
1990,630700998,1386595190,198.78,tertiary,30.0,100
1991,630701541,13901459391,5.3,tertiary_link,25.0,80
1992,630701541,13901459384,35.31,tertiary,30.0,100
1993,630707044,10886147014,6.5,secondary,40.0,200
1994,630707044,13329699587,373.79,secondary,40.0,200
1995,630707085,1184124311,273.19,secondary,40.0,200
1996,630707085,13830121868,89.38,secondary,40.0,200
1997,630709844,1647048944,373.13,secondary,40.0,200
1998,630709844,13975033809,35.34,secondary,40.0,200
1999,631466883,12014245217,16.41,secondary,40.0,200
2000,631466883,13689201525,488.77,primary,50.0,300
2001,631469533,10939000431,19.25,secondary,40.0,200
2002,631469533,2929595511,15.01,primary,50.0,300
2003,631470661,7372036724,5.11,secondary,40.0,200
2004,631470661,631473301,186.84,secondary,40.0,200
2005,631473301,10722958771,169.74,trunk,60.0,400
2006,631473702,11032187526,21.15,secondary,40.0,200
2007,631473702,13979936599,14.67,tertiary,30.0,100
2008,631476241,13056058616,5.62,tertiary,30.0,100
2009,631476243,2929595473,15.99,tertiary,30.0,100
2010,631476243,631469533,303.64,primary,50.0,300
2011,631480519,12082300376,274.29,tertiary,30.0,100
2012,631480519,631480564,199.28,primary,50.0,300
2013,631480519,245660722,142.14,primary,50.0,300
2014,631480564,7375884907,8.65,primary,50.0,300
2015,631480564,631480519,199.28,primary,50.0,300
2016,631482441,1650716617,577.0,secondary,40.0,200
2017,631482441,7375884906,526.06,secondary,40.0,200
2018,631483024,7374802786,12.65,tertiary,30.0,100
2019,631483024,10277700933,355.38,secondary,40.0,200
2020,631483027,10732120463,8.86,tertiary,30.0,100
2021,631483027,10732120476,169.25,secondary,40.0,200
2022,631484614,13277057155,3.69,secondary,40.0,200
2023,631487133,10882965948,89.09,secondary,40.0,200
2024,631487133,10732120472,347.82,secondary,40.0,200
2025,631487133,10310473456,308.35,tertiary,30.0,100
2026,631487309,2929595539,13.12,tertiary,30.0,100
2027,631487309,10732120473,88.21,secondary,40.0,200
2028,631487487,2929595539,386.2,tertiary,30.0,100
2029,631487487,2442705639,1592.07,tertiary,30.0,100
2030,631487487,10310473459,28.44,tertiary,30.0,100
2031,631489561,245663849,286.59,tertiary,30.0,100
2032,631489579,631493993,863.28,tertiary,30.0,100
2033,631489579,12071185686,22.96,tertiary,30.0,100
2034,631493993,631489579,863.28,tertiary,30.0,100
2035,631493993,1643134428,75.37,trunk,60.0,400
2036,631494015,631489561,50.58,tertiary,30.0,100
2037,631494015,12071185687,96.73,tertiary,30.0,100
2038,631494016,631494024,54.3,tertiary,30.0,100
2039,631494016,1179191719,45.63,primary,50.0,300
2040,631494019,1179314459,278.09,primary,50.0,300
2041,631494019,631494021,44.97,primary,50.0,300
2042,631494021,631494016,47.81,primary,50.0,300
2043,631494024,631494015,76.35,tertiary,30.0,100
2044,631494024,631494016,54.3,tertiary,30.0,100
2045,631494036,5346805354,54.1,primary,50.0,300
2046,631494038,631494019,40.64,primary,50.0,300
2047,631497215,12260876963,16.21,secondary,40.0,200
2048,631497215,10733085808,480.35,secondary,40.0,200
2049,631497242,6430607036,524.97,trunk,60.0,400
2050,631507919,245665854,117.35,secondary,40.0,200
2051,631507962,6986983418,13.86,tertiary_link,25.0,80
2052,631507962,631507919,386.22,tertiary,30.0,100
2053,631507964,6429017348,45.47,secondary,40.0,200
2054,631507992,2897024795,7.99,primary,50.0,300
2055,631507992,10279771626,28.73,tertiary,30.0,100
2056,631507993,10265837614,139.23,primary,50.0,300
2057,631507993,631507992,17.98,tertiary,30.0,100
2058,631507995,2897024772,10.0,tertiary,30.0,100
2059,631507995,12350931356,67.18,tertiary,30.0,100
2060,631507995,2897024740,74.77,tertiary,30.0,100
2061,631525416,7397055962,8.46,secondary_link,35.0,150
2062,631525416,13947373475,224.6,secondary,40.0,200
2063,631525438,245666966,18.3,secondary,40.0,200
2064,631525438,2897024798,385.32,primary,50.0,300
2065,631525441,296857791,18.7,secondary,40.0,200
2066,631525441,6430673820,40.77,primary,50.0,300
2067,632299700,10244260002,9.01,secondary,40.0,200
2068,632299700,12295858287,147.4,secondary,40.0,200
2069,632310816,278918827,752.85,tertiary,30.0,100
2070,632310816,11924898615,2878.81,tertiary,30.0,100
2071,632310816,632311715,3019.0,tertiary,30.0,100
2072,632311715,10244259977,2072.77,tertiary,30.0,100
2073,632311715,632310816,3019.0,tertiary,30.0,100
2074,632311715,7311309979,6042.29,tertiary,30.0,100
2075,632313010,13676889431,55.28,secondary,40.0,200
2076,632313010,13676889432,9.55,secondary_link,35.0,150
2077,632313012,10207346702,8.05,secondary,40.0,200
2078,632313012,13677255095,570.57,secondary,40.0,200
2079,632349388,7371054100,10.66,tertiary,30.0,100
2080,632349388,1651338416,809.23,tertiary,30.0,100
2081,632349388,13658646357,141.29,tertiary,30.0,100
2082,648857360,2248464985,3508.21,trunk,60.0,400
2083,648857392,648865016,2324.62,tertiary,30.0,100
2084,648857392,7324602775,334.35,trunk_link,50.0,350
2085,648865016,9800986543,329.05,tertiary,30.0,100
2086,648865016,2248782010,938.82,tertiary,30.0,100
2087,648865016,648857392,2324.62,tertiary,30.0,100
2088,648865086,9130240888,20.23,tertiary,30.0,100
2089,648865086,1070377945,434.19,primary,50.0,300
2090,648865107,10277239769,42.84,tertiary,30.0,100
2091,648865107,10277271915,18.39,tertiary,30.0,100
2092,648865107,1651530930,9.16,tertiary,30.0,100
2093,652613466,10635682402,41.74,tertiary,30.0,100
2094,652613466,12393568324,405.02,primary,50.0,300
2095,658571181,4361545033,106.91,primary,50.0,300
2096,658571202,11925677533,356.19,primary,50.0,300
2097,658571202,11953521025,922.17,primary,50.0,300
2098,662188952,245654161,10.32,tertiary,30.0,100
2099,662188952,245654172,187.2,tertiary,30.0,100
2100,662188952,13701979053,203.61,tertiary,30.0,100
2101,662429758,245654356,8.12,tertiary,30.0,100
2102,662429758,13579932299,178.49,tertiary,30.0,100
2103,662994491,245654161,122.1,tertiary,30.0,100
2104,662994491,662994570,23.14,tertiary,30.0,100
2105,662994570,13700599274,52.27,tertiary,30.0,100
2106,662994570,245654326,277.56,tertiary,30.0,100
2107,667392418,245673173,8.55,tertiary,30.0,100
2108,667392418,667392430,334.9,tertiary,30.0,100
2109,667392418,1644081956,11.3,tertiary,30.0,100
2110,667392429,667392435,298.07,tertiary,30.0,100
2111,667392430,5848131221,30.91,tertiary,30.0,100
2112,667392430,2192596437,41.44,primary_link,40.0,250
2113,667392435,1960732248,51.96,trunk_link,50.0,350
2114,667392435,2440210928,2257.81,tertiary,30.0,100
2115,667395450,1879817478,280.87,tertiary,30.0,100
2116,667395450,10198760885,267.24,tertiary,30.0,100
2117,674869953,245663409,11.59,tertiary,30.0,100
2118,674869953,5056119960,513.7,secondary,40.0,200
2119,674869953,5271602946,478.47,primary,50.0,300
2120,674906578,2258304349,169.54,trunk,60.0,400
2121,700736527,11068221213,13.56,tertiary,30.0,100
2122,700736527,245656132,487.28,tertiary,30.0,100
2123,700736537,245656132,33.52,tertiary,30.0,100
2124,700736537,245656173,216.63,tertiary,30.0,100
2125,700736537,245656354,103.96,tertiary,30.0,100
2126,700851641,245659219,1111.46,tertiary,30.0,100
2127,700851701,245658682,67.36,primary,50.0,300
2128,700851701,5921457054,11.32,secondary,40.0,200
2129,701118317,5369728233,194.34,secondary,40.0,200
2130,701118317,13802511354,405.16,secondary,40.0,200
2131,714864884,245655223,244.45,secondary,40.0,200
2132,714864884,10885804557,25.17,secondary,40.0,200
2133,767335422,10277881998,39.2,tertiary,30.0,100
2134,767335422,10277881998,453.52,tertiary,30.0,100
2135,767335422,1375251590,179.19,tertiary,30.0,100
2136,768584675,296134404,48.4,secondary,40.0,200
2137,768584675,444753540,522.63,secondary,40.0,200
2138,768584675,471520228,19.77,secondary,40.0,200
2139,768595237,12159350790,8.74,primary,50.0,300
2140,768595239,245658338,8.99,primary,50.0,300
2141,768595239,1286545934,314.57,secondary,40.0,200
2142,768595285,768595301,105.85,primary,50.0,300
2143,768595285,245658797,12.52,secondary,40.0,200
2144,768595301,13947471589,11.39,primary_link,40.0,250
2145,768595301,13947471590,171.14,primary,50.0,300
2146,768595339,13073741409,10.94,primary,50.0,300
2147,768595339,768595285,398.89,primary,50.0,300
2148,768595345,13073741409,30.15,primary,50.0,300
2149,768595345,13802299621,32.92,primary_link,40.0,250
2150,768599586,7366043901,12.79,primary,50.0,300
2151,768599586,10277780850,25.66,primary,50.0,300
2152,768599593,245658865,10.31,primary,50.0,300
2153,768599593,2299255935,1346.22,primary,50.0,300
2154,768599611,12558408946,734.09,primary,50.0,300
2155,768599611,12558408936,1096.79,motorway_link,70.0,450
2156,768651100,11925633453,11.34,primary,50.0,300
2157,768656588,9952087235,22.17,primary,50.0,300
2158,768656588,13951837185,44.6,tertiary,30.0,100
2159,768662264,7394074688,13.77,primary,50.0,300
2160,768662264,462261958,432.86,primary,50.0,300
2161,769028312,6117653733,12.15,tertiary,30.0,100
2162,769028312,10845962350,9.69,tertiary,30.0,100
2163,769028312,7241667082,99.53,tertiary,30.0,100
2164,769037775,3878492908,16.35,tertiary,30.0,100
2165,769037775,245677658,788.94,primary,50.0,300
2166,810349108,4014863218,20.56,tertiary,30.0,100
2167,810349108,6552380198,330.66,secondary,40.0,200
2168,814394017,9713144360,81.47,tertiary,30.0,100
2169,814394017,9896839471,102.96,tertiary,30.0,100
2170,858509814,10687844876,157.76,tertiary,30.0,100
2171,858509814,245655201,88.52,tertiary,30.0,100
2172,858671995,245655230,14.94,tertiary,30.0,100
2173,858671995,620393234,226.85,primary_link,40.0,250
2174,858671995,245655201,185.23,tertiary,30.0,100
2175,858938668,355842984,20.61,tertiary,30.0,100
2176,858938668,2258304284,142.09,primary_link,40.0,250
2177,861155618,245656434,21.19,secondary,40.0,200
2178,861155618,861155655,412.99,primary,50.0,300
2179,861155618,10277817418,39.26,tertiary,30.0,100
2180,861155655,7384062488,10.93,primary_link,40.0,250
2181,861155655,10885845674,529.27,secondary,40.0,200
2182,861190726,620393234,15.59,secondary,40.0,200
2183,861190726,245655230,233.06,primary_link,40.0,250
2184,861190736,620393213,43.38,secondary,40.0,200
2185,861190736,861190726,344.21,primary_link,40.0,250
2186,861209912,12698412249,512.23,primary,50.0,300
2187,861209912,2258304311,131.55,primary,50.0,300
2188,864905235,5279685268,121.68,tertiary,30.0,100
2189,864905235,12343305254,344.48,tertiary,30.0,100
2190,864905235,7371959393,187.2,tertiary,30.0,100
2191,864905251,12343305254,8.46,primary,50.0,300
2192,864905251,864905235,339.2,tertiary,30.0,100
2193,864905263,245672164,262.32,tertiary,30.0,100
2194,864905263,7371959393,93.81,tertiary,30.0,100
2195,864905398,9771116368,131.07,primary,50.0,300
2196,864905398,866807202,12.97,tertiary,30.0,100
2197,864905400,864964244,17.24,tertiary,30.0,100
2198,864905400,864905251,186.39,primary,50.0,300
2199,864905400,5279685268,357.57,tertiary,30.0,100
2200,864905412,864964235,12.26,tertiary,30.0,100
2201,864905412,7371959394,181.46,primary,50.0,300
2202,864905425,864964228,14.65,primary_link,40.0,250
2203,864905425,9137843244,46.07,primary,50.0,300
2204,864940623,1936627942,346.89,tertiary,30.0,100
2205,864940623,867003219,327.96,tertiary,30.0,100
2206,864940623,12310289349,191.65,tertiary,30.0,100
2207,864964221,623040889,12.06,primary,50.0,300
2208,864964221,4357170878,40.51,primary,50.0,300
2209,864964227,9137843244,15.99,primary,50.0,300
2210,864964227,864964228,46.49,primary,50.0,300
2211,864964228,864905425,14.65,primary_link,40.0,250
2212,864964228,864964232,258.09,primary,50.0,300
2213,864964232,7371029953,9.06,primary,50.0,300
2214,864964232,1936627911,239.77,tertiary,30.0,100
2215,864964235,12310289349,16.71,tertiary,30.0,100
2216,864964235,864905412,12.26,tertiary,30.0,100
2217,864964235,12310289350,12.27,primary,50.0,300
2218,864964242,864905251,13.93,tertiary,30.0,100
2219,864964242,864964244,180.04,primary,50.0,300
2220,864964244,864905400,17.24,tertiary,30.0,100
2221,864964244,866807200,143.51,primary,50.0,300
2222,865054565,1936627942,10.73,tertiary,30.0,100
2223,865054565,13758246171,6.03,primary,50.0,300
2224,865063296,12293379928,145.94,primary,50.0,300
2225,865063296,6430875930,1902.25,tertiary,30.0,100
2226,866726930,10279333671,8.3,secondary,40.0,200
2227,866726930,10279333663,400.66,tertiary,30.0,100
2228,866726945,9991999291,9.84,tertiary,30.0,100
2229,866726945,866758828,637.74,tertiary,30.0,100
2230,866738757,866807395,420.72,tertiary,30.0,100
2231,866738757,10279333671,401.08,tertiary,30.0,100
2232,866749872,866909388,86.97,tertiary,30.0,100
2233,866749872,10277666163,12.04,tertiary,30.0,100
2234,866758828,10277666160,8.98,tertiary,30.0,100
2235,866758828,9991999301,6.27,tertiary,30.0,100
2236,866758873,866758877,206.15,tertiary,30.0,100
2237,866758873,866839667,78.54,tertiary,30.0,100
2238,866758877,866758873,206.15,tertiary,30.0,100
2239,866806750,3663657595,29.16,secondary,40.0,200
2240,866806750,866806765,28.85,primary_link,40.0,250
2241,866806765,3008529668,484.48,primary,50.0,300
2242,866806795,866807207,45.86,primary,50.0,300
2243,866806795,866806832,71.79,secondary_link,35.0,150
2244,866806832,866806750,216.87,secondary,40.0,200
2245,866806847,13474169905,96.63,primary,50.0,300
2246,866806856,866807402,35.13,secondary,40.0,200
2247,866806856,866806847,51.69,primary_link,40.0,250
2248,866807200,9771116369,11.52,primary,50.0,300
2249,866807200,296849097,347.93,tertiary,30.0,100
2250,866807202,10279333677,12.25,tertiary,30.0,100
2251,866807202,13474169906,361.96,primary,50.0,300
2252,866807207,866806832,40.16,secondary,40.0,200
2253,866807207,623223512,13.87,primary,50.0,300
2254,866807384,10765194734,7.2,secondary,40.0,200
2255,866807384,9991999303,165.43,tertiary,30.0,100
2256,866807393,866807395,209.61,secondary,40.0,200
2257,866807395,2439615338,10.89,tertiary,30.0,100
2258,866807395,866738757,420.72,tertiary,30.0,100
2259,866807395,866806856,292.45,secondary,40.0,200
2260,866807402,866807207,10.07,secondary,40.0,200
2261,866807402,866806847,43.85,primary,50.0,300
2262,866826427,866807393,46.97,tertiary,30.0,100
2263,866826427,6570055106,9.93,tertiary,30.0,100
2264,866826461,866826427,232.64,tertiary,30.0,100
2265,866835027,245671969,13.05,tertiary,30.0,100
2266,866835027,9991999301,98.96,tertiary,30.0,100
2267,866835027,2610805004,439.54,secondary,40.0,200
2268,866835029,2610805121,42.7,tertiary,30.0,100
2269,866835029,1934768150,11.82,primary,50.0,300
2270,866835090,866726930,11.72,tertiary,30.0,100
2271,866835090,866835027,498.0,secondary,40.0,200
2272,866839628,13522436650,1949.29,secondary,40.0,200
2273,866839667,7158617889,11.08,secondary,40.0,200
2274,866839667,866807384,41.69,secondary,40.0,200
2275,866879594,866908899,429.95,tertiary,30.0,100
2276,866879594,866758877,407.55,tertiary,30.0,100
2277,866908899,866879594,429.95,tertiary,30.0,100
2278,866908899,866909292,185.51,tertiary,30.0,100
2279,866909292,866909388,85.42,tertiary,30.0,100
2280,866909292,2610805121,288.78,tertiary,30.0,100
2281,866909388,866749872,86.97,tertiary,30.0,100
2282,866909388,866909292,85.42,tertiary,30.0,100
2283,866909388,866908899,108.63,tertiary,30.0,100
2284,867003219,1936355582,12.84,tertiary,30.0,100
2285,867003219,864940623,327.96,tertiary,30.0,100
2286,867003219,1936627909,285.67,primary,50.0,300
2287,867276793,7398089775,8.59,secondary,40.0,200
2288,867276793,9117998475,630.46,secondary,40.0,200
2289,884182590,245675024,107.58,tertiary,30.0,100
2290,884182590,884182590,1128.85,tertiary,30.0,100
2291,884182590,9080858009,1155.59,tertiary,30.0,100
2292,884198587,884198588,5.26,secondary,40.0,200
2293,884198588,884198592,17.73,secondary,40.0,200
2294,884198588,884215695,234.94,tertiary,30.0,100
2295,884198592,884198594,22.2,secondary,40.0,200
2296,884198594,7309530535,64.53,secondary,40.0,200
2297,884198594,884198599,17.89,secondary,40.0,200
2298,884198599,884198602,14.0,secondary,40.0,200
2299,884198602,5172459965,395.07,secondary,40.0,200
2300,884198602,884198587,15.2,secondary,40.0,200
2301,884215695,6605148991,17.22,tertiary_link,25.0,80
2302,884215695,9080858009,551.3,tertiary,30.0,100
2303,884220200,884220258,60.91,tertiary,30.0,100
2304,884220200,10258911097,840.05,tertiary,30.0,100
2305,884220241,884220266,7.02,secondary,40.0,200
2306,884220243,11710446828,319.67,secondary,40.0,200
2307,884220243,884220241,5.24,secondary,40.0,200
2308,884220258,245675546,568.86,tertiary,30.0,100
2309,884220258,884220200,60.91,tertiary,30.0,100
2310,884220258,4352377830,123.1,tertiary,30.0,100
2311,884220266,884220269,8.36,secondary,40.0,200
2312,884220266,519469450,758.04,tertiary,30.0,100
2313,884220269,884220273,8.36,secondary,40.0,200
2314,884220269,884430050,75.63,tertiary,30.0,100
2315,884220273,884220274,2.95,secondary,40.0,200
2316,884220273,884364717,133.3,secondary,40.0,200
2317,884220274,884220277,4.13,secondary,40.0,200
2318,884220277,884430025,385.78,tertiary,30.0,100
2319,884220277,884220243,4.08,secondary,40.0,200
2320,884244616,3359112086,21.76,secondary,40.0,200
2321,884244617,884244616,30.23,secondary,40.0,200
2322,884254033,7309530516,8.73,secondary,40.0,200
2323,884254033,13590816949,411.9,secondary,40.0,200
2324,884364447,7159714370,8.5,secondary,40.0,200
2325,884364447,13857111161,339.76,tertiary,30.0,100
2326,884364483,7357652039,113.51,secondary,40.0,200
2327,884364577,245675627,15.83,primary,50.0,300
2328,884364577,245675162,242.21,secondary,40.0,200
2329,884364717,884430021,17.64,tertiary,30.0,100
2330,884364717,884430050,153.7,tertiary,30.0,100
2331,884364717,245675997,182.83,secondary,40.0,200
2332,884379407,884430163,15.31,primary,50.0,300
2333,884379411,12086495836,8.13,primary,50.0,300
2334,884399489,13922163688,10.22,primary,50.0,300
2335,884399489,2523206675,188.85,tertiary,30.0,100
2336,884399491,884399489,9.7,tertiary,30.0,100
2337,884399491,7157873784,459.29,primary,50.0,300
2338,884399494,9884748109,4.95,tertiary,30.0,100
2339,884399555,10277590773,247.54,secondary,40.0,200
2340,884429971,884429984,11.23,primary,50.0,300
2341,884429971,884430078,179.46,secondary,40.0,200
2342,884429975,519469651,11.66,tertiary,30.0,100
2343,884429975,884429971,337.29,primary,50.0,300
2344,884429979,10225596851,12.98,primary,50.0,300
2345,884429979,10225596852,29.63,tertiary,30.0,100
2346,884429983,245675997,10.59,primary,50.0,300
2347,884429983,884430021,181.12,secondary,40.0,200
2348,884429984,13855693180,96.46,primary,50.0,300
2349,884429984,884429983,8.85,secondary,40.0,200
2350,884429985,884430078,12.76,tertiary,30.0,100
2351,884429985,884429984,178.97,secondary,40.0,200
2352,884429992,245676028,9.21,secondary,40.0,200
2353,884429992,11919460443,762.91,primary,50.0,300
2354,884430002,7385934392,6.43,primary,50.0,300
2355,884430002,13855693177,406.17,tertiary,30.0,100
2356,884430021,884364717,17.64,tertiary,30.0,100
2357,884430021,884220274,147.33,secondary,40.0,200
2358,884430021,884430025,251.11,tertiary,30.0,100
2359,884430025,884220277,385.78,tertiary,30.0,100
2360,884430025,884430021,251.11,tertiary,30.0,100
2361,884430025,13855693185,16.81,tertiary,30.0,100
2362,884430034,9884931950,9.47,primary,50.0,300
2363,884430034,519469509,297.36,tertiary,30.0,100
2364,884430050,884364717,153.7,tertiary,30.0,100
2365,884430050,519469620,202.99,tertiary,30.0,100
2366,884430050,884220269,75.63,tertiary,30.0,100
2367,884430078,884429985,12.76,tertiary,30.0,100
2368,884430078,13769259590,372.27,secondary,40.0,200
2369,884430078,13439115378,86.84,tertiary,30.0,100
2370,884430084,2629436082,9.18,secondary,40.0,200
2371,884430084,13769259593,15.54,primary,50.0,300
2372,884430163,884364577,12.21,secondary,40.0,200
2373,884430163,884379411,583.14,primary,50.0,300
2374,884466993,10880784941,439.02,tertiary,30.0,100
2375,884466993,884467135,99.33,tertiary,30.0,100
2376,884467135,7241399961,76.01,tertiary,30.0,100
2377,884467232,10564308399,9.05,tertiary,30.0,100
2378,884467232,1919644786,184.04,tertiary,30.0,100
2379,884467232,245675491,575.15,tertiary,30.0,100
2380,926432851,564853874,7798.68,tertiary,30.0,100
2381,926432851,564853874,1918.28,secondary,40.0,200
2382,926432851,564864170,4380.41,secondary,40.0,200
2383,969754525,12756706885,68.92,tertiary,30.0,100
2384,969754625,13609057634,6.69,tertiary_link,25.0,80
2385,969754625,2244792452,122.96,tertiary,30.0,100
2386,969754640,564765453,2483.96,tertiary,30.0,100
2387,969754640,2242577182,88.17,tertiary,30.0,100
2388,969781535,10277882001,128.18,tertiary,30.0,100
2389,969781535,7398009425,6.41,tertiary,30.0,100
2390,969781588,10653604967,97.46,primary,50.0,300
2391,969781588,10301894314,39.38,tertiary,30.0,100
2392,969803872,2242610558,252.2,tertiary,30.0,100
2393,969803872,10920909532,23.0,secondary,40.0,200
2394,969803897,1936499559,8.76,secondary,40.0,200
2395,969803897,296853248,362.37,primary,50.0,300
2396,969803898,296871088,165.71,tertiary,30.0,100
2397,969803898,245673271,406.9,tertiary,30.0,100
2398,969803898,2629945972,230.79,tertiary,30.0,100
2399,969893684,12778141745,347.25,tertiary,30.0,100
2400,969893684,1481080651,595.26,tertiary,30.0,100
2401,969893684,10277311792,878.58,tertiary,30.0,100
2402,969893715,10277311794,10.85,secondary,40.0,200
2403,969893765,245682025,115.7,secondary,40.0,200
2404,969935130,13681043575,8.18,secondary_link,35.0,150
2405,969935130,13681043578,158.05,secondary,40.0,200
2406,984279223,13728774534,12.61,tertiary,30.0,100
2407,984279223,984279451,97.63,tertiary,30.0,100
2408,984279232,984279558,96.43,tertiary,30.0,100
2409,984279232,13727957891,167.67,tertiary,30.0,100
2410,984279245,1072383376,20.72,tertiary,30.0,100
2411,984279245,984279261,181.98,tertiary,30.0,100
2412,984279245,984279288,353.01,tertiary,30.0,100
2413,984279261,984279232,45.47,tertiary,30.0,100
2414,984279288,626539115,447.15,tertiary,30.0,100
2415,984279288,984279245,353.01,tertiary,30.0,100
2416,984279288,626539146,185.25,tertiary,30.0,100
2417,984279423,1143398750,92.27,tertiary,30.0,100
2418,984279423,984279558,204.21,tertiary,30.0,100
2419,984279443,1143398754,130.22,tertiary,30.0,100
2420,984279443,13728774529,26.96,tertiary,30.0,100
2421,984279451,13728774529,4.06,tertiary,30.0,100
2422,984279451,984279223,97.63,tertiary,30.0,100
2423,984279451,984279461,103.5,tertiary,30.0,100
2424,984279461,1072383376,176.4,tertiary,30.0,100
2425,984279461,13724654543,153.39,tertiary,30.0,100
2426,984279461,984279451,103.5,tertiary,30.0,100
2427,984279468,13724654549,6.66,tertiary,30.0,100
2428,984279468,13728743877,595.24,tertiary,30.0,100
2429,984279468,13724654545,24.12,tertiary,30.0,100
2430,984279558,985136380,80.37,tertiary,30.0,100
2431,984279558,984279423,204.21,tertiary,30.0,100
2432,985092027,1152814070,30.73,tertiary,30.0,100
2433,985092027,985103914,52.34,secondary,40.0,200
2434,985092027,985103863,38.8,secondary,40.0,200
2435,985103863,985092027,38.8,secondary,40.0,200
2436,985103863,1152814072,27.08,secondary,40.0,200
2437,985103863,6618748008,195.62,secondary,40.0,200
2438,985103905,986518125,45.83,secondary,40.0,200
2439,985103905,2249326319,299.22,trunk_link,50.0,350
2440,985103914,12558334192,249.31,secondary,40.0,200
2441,985136380,984279223,12.74,tertiary,30.0,100
2442,985136380,13728774534,16.44,tertiary,30.0,100
2443,985136456,985103914,26.71,secondary_link,35.0,150
2444,985136456,7007093657,573.13,tertiary,30.0,100
2445,985136456,1152814070,34.01,tertiary,30.0,100
2446,986518062,986518068,565.36,secondary,40.0,200
2447,986518062,2250992804,122.78,trunk_link,50.0,350
2448,986518068,986518071,498.75,trunk_link,50.0,350
2449,986518071,13279321841,131.37,secondary,40.0,200
2450,986518075,13877132374,138.76,trunk,60.0,400
2451,986518122,1157176384,24.05,tertiary,30.0,100
2452,986518122,985103863,405.38,secondary,40.0,200
2453,986518125,5938773154,18.11,trunk_link,50.0,350
2454,986518125,619183876,846.9,secondary,40.0,200
2455,991256997,1235813947,200.6,primary,50.0,300
2456,996399848,1389428790,924.69,tertiary,30.0,100
2457,996421466,5938773141,11.55,tertiary,30.0,100
2458,996421466,619183126,12.23,secondary,40.0,200
2459,1027916975,1027916984,289.59,primary,50.0,300
2460,1027916984,1027916985,85.98,primary,50.0,300
2461,1027916984,13016998371,354.75,tertiary,30.0,100
2462,1027916985,2493682475,699.46,primary,50.0,300
2463,1027916985,414731201,217.76,primary,50.0,300
2464,1027917050,13621005353,9.4,secondary,40.0,200
2465,1027917074,13770424284,8.79,secondary_link,35.0,150
2466,1027917074,7358734433,23.1,secondary,40.0,200
2467,1033609140,2176144736,17.42,tertiary,30.0,100
2468,1033609140,245655296,475.69,tertiary,30.0,100
2469,1034965625,1643093983,154.42,primary_link,40.0,250
2470,1070196437,7305880352,10.88,primary,50.0,300
2471,1070196437,3273736683,451.85,secondary,40.0,200
2472,1070196441,1147514624,508.29,tertiary,30.0,100
2473,1070196441,6118577149,104.41,primary,50.0,300
2474,1070196442,1070196437,330.4,primary,50.0,300
2475,1070196442,13363231893,708.99,primary,50.0,300
2476,1070377933,1070377955,11.15,secondary_link,35.0,150
2477,1070377933,7377993816,90.02,secondary,40.0,200
2478,1070377934,9130240883,12.83,primary,50.0,300
2479,1070377936,1070377972,18.61,tertiary,30.0,100
2480,1070377936,1651530899,228.86,secondary,40.0,200
2481,1070377945,1070377948,11.19,primary,50.0,300
2482,1070377945,1070377933,109.21,secondary,40.0,200
2483,1070377948,1070377934,20.43,secondary,40.0,200
2484,1070377948,12553660989,281.01,primary,50.0,300
2485,1070377955,1070377933,11.15,secondary_link,35.0,150
2486,1070377955,1070377948,107.11,secondary,40.0,200
2487,1070377972,1070377936,18.61,tertiary,30.0,100
2488,1070377972,7377993815,175.48,secondary,40.0,200
2489,1070377972,1147531736,246.85,tertiary,30.0,100
2490,1070841436,7357634701,13.81,primary,50.0,300
2491,1072383376,984279245,20.72,tertiary,30.0,100
2492,1072893285,13877484190,28.64,tertiary,30.0,100
2493,1072893285,11827175607,42.28,tertiary,30.0,100
2494,1078664045,1960732423,13.56,secondary,40.0,200
2495,1078664048,1078664342,30.2,tertiary,30.0,100
2496,1078664048,1180420053,519.32,trunk,60.0,400
2497,1078664082,1078664328,356.25,tertiary,30.0,100
2498,1078664082,13896594171,599.84,tertiary,30.0,100
2499,1078664082,13899209637,211.52,tertiary,30.0,100
2500,1078664085,414725067,257.77,secondary,40.0,200
2501,1078664085,5923862696,71.99,secondary,40.0,200
2502,1078664089,9902397689,11.27,secondary,40.0,200
2503,1078664182,13787873110,270.09,tertiary,30.0,100
2504,1078664182,1078664342,442.86,tertiary,30.0,100
2505,1078664182,414605518,463.82,tertiary,30.0,100
2506,1078664328,1078664082,356.25,tertiary,30.0,100
2507,1078664328,13895665260,45.89,secondary,40.0,200
2508,1078664328,2242267356,93.99,secondary,40.0,200
2509,1078664342,1078664048,30.2,tertiary,30.0,100
2510,1078664342,1078664182,442.86,tertiary,30.0,100
2511,1078664342,5861033680,850.82,tertiary,30.0,100
2512,1078664342,9348015288,371.39,tertiary,30.0,100
2513,1078664383,13899209633,7.61,tertiary,30.0,100
2514,1078664383,1078664517,43.74,tertiary,30.0,100
2515,1078664383,1960732423,249.42,tertiary,30.0,100
2516,1078664517,1078664383,43.74,tertiary,30.0,100
2517,1078664517,10561765781,277.81,tertiary,30.0,100
2518,1078664517,1648234765,245.74,tertiary,30.0,100
2519,1078664527,13975033809,79.24,secondary,40.0,200
2520,1078664527,1665625808,54.04,secondary,40.0,200
2521,1078664557,13895665252,50.38,secondary,40.0,200
2522,1078664557,13895665219,50.53,secondary,40.0,200
2523,1078664638,1078664045,65.87,secondary,40.0,200
2524,1078664638,1960732501,7.58,secondary_link,35.0,150
2525,1078664681,10886129700,5.83,tertiary,30.0,100
2526,1078664681,12334328227,228.65,secondary,40.0,200
2527,1096002709,10956905156,8.97,tertiary,30.0,100
2528,1096002709,1353464532,208.6,tertiary,30.0,100
2529,1127766353,245654606,68.52,tertiary,30.0,100
2530,1127766353,1127766359,86.48,tertiary,30.0,100
2531,1127766359,1127766353,86.48,tertiary,30.0,100
2532,1127766359,1127770757,71.05,tertiary,30.0,100
2533,1127766407,1127774638,142.35,tertiary,30.0,100
2534,1127766407,12121814713,359.63,secondary,40.0,200
2535,1127770757,9713504789,8.87,tertiary,30.0,100
2536,1127770757,245654606,83.08,secondary,40.0,200
2537,1127774638,12506352386,187.18,tertiary,30.0,100
2538,1127774638,7104166103,264.53,tertiary,30.0,100
2539,1127774801,12506352386,116.64,primary,50.0,300
2540,1143398750,13728770004,59.77,tertiary,30.0,100
2541,1143398754,984279443,130.22,tertiary,30.0,100
2542,1143398754,984279423,49.24,tertiary,30.0,100
2543,1145401592,1879817825,29.98,primary_link,40.0,250
2544,1145401592,1145401595,133.15,tertiary,30.0,100
2545,1145401595,5936572189,11.31,tertiary,30.0,100
2546,1145401595,6431155719,412.32,secondary,40.0,200
2547,1147514624,7374443626,220.6,tertiary,30.0,100
2548,1147514624,7374443604,298.52,tertiary,30.0,100
2549,1147514624,1070196441,508.29,tertiary,30.0,100
2550,1147514635,1147514644,397.01,secondary,40.0,200
2551,1147514635,7374290543,158.35,secondary,40.0,200
2552,1147514635,13603529485,202.69,tertiary,30.0,100
2553,1147514644,564764420,535.67,tertiary,30.0,100
2554,1147514644,13598655825,470.12,secondary,40.0,200
2555,1147514644,1147514635,397.01,secondary,40.0,200
2556,1147514697,7374290543,9.14,secondary,40.0,200
2557,1147531713,12354106790,3.92,tertiary,30.0,100
2558,1147531713,1147531813,368.15,tertiary,30.0,100
2559,1147531713,7374443607,289.42,tertiary,30.0,100
2560,1147531720,13363231882,18.33,primary,50.0,300
2561,1147531720,12354106790,379.62,tertiary,30.0,100
2562,1147531736,1147531791,389.94,tertiary,30.0,100
2563,1147531736,1070377972,246.85,tertiary,30.0,100
2564,1147531736,1147531751,380.03,tertiary,30.0,100
2565,1147531736,12354106791,173.26,tertiary,30.0,100
2566,1147531751,1147531720,141.3,primary,50.0,300
2567,1147531751,1147531736,380.03,tertiary,30.0,100
2568,1147531757,2244791091,290.59,tertiary,30.0,100
2569,1147531757,7377619433,4.12,secondary,40.0,200
2570,1147531764,1651530899,14.87,tertiary,30.0,100
2571,1147531764,1070377972,231.92,secondary,40.0,200
2572,1147531791,1147531736,389.94,tertiary,30.0,100
2573,1147531791,7377619427,454.08,tertiary,30.0,100
2574,1147531791,1147531813,178.56,tertiary,30.0,100
2575,1147531813,1147532034,97.81,tertiary,30.0,100
2576,1147531813,1147531791,178.56,tertiary,30.0,100
2577,1147531813,1147531713,368.15,tertiary,30.0,100
2578,1147531897,7374437629,11.35,tertiary,30.0,100
2579,1147531897,1147531968,467.88,tertiary,30.0,100
2580,1147531897,1147531920,439.36,secondary,40.0,200
2581,1147531920,13677459953,12.67,secondary_link,35.0,150
2582,1147531968,1147532034,252.26,tertiary,30.0,100
2583,1147531968,1147531897,467.88,tertiary,30.0,100
2584,1147531968,2244791352,388.76,tertiary,30.0,100
2585,1147531968,1651530849,912.79,tertiary,30.0,100
2586,1147532034,1147531813,97.81,tertiary,30.0,100
2587,1147532034,1147531968,252.26,tertiary,30.0,100
2588,1147532034,7374443605,350.72,tertiary,30.0,100
2589,1148581217,10277829362,10.27,secondary,40.0,200
2590,1148581217,10277829377,306.26,secondary,40.0,200
2591,1152814070,985092027,30.73,tertiary,30.0,100
2592,1152814070,985136456,34.01,tertiary,30.0,100
2593,1152814070,13724654545,379.86,tertiary,30.0,100
2594,1152814072,985103863,27.08,secondary,40.0,200
2595,1152814072,630303556,2122.06,secondary,40.0,200
2596,1152814072,1157176384,403.83,tertiary,30.0,100
2597,1153987056,2249326337,174.63,tertiary,30.0,100
2598,1153987056,13718558331,451.73,trunk,60.0,400
2599,1154003520,245664695,701.37,motorway,80.0,500
2600,1154003520,1154003530,265.21,motorway_link,70.0,450
2601,1154003522,6243685414,53.84,motorway,80.0,500
2602,1154003529,1154003530,35.33,tertiary,30.0,100
2603,1154003529,1154003522,264.54,motorway_link,70.0,450
2604,1154003530,10595428375,7.82,motorway_link,70.0,450
2605,1154203404,619202302,1484.48,trunk,60.0,400
2606,1154211731,5488342590,10.67,tertiary,30.0,100
2607,1154211731,245671370,57.44,secondary,40.0,200
2608,1154211735,1936627865,60.41,tertiary,30.0,100
2609,1154211735,12698155337,69.07,primary_link,40.0,250
2610,1154214582,1154214585,36.14,primary,50.0,300
2611,1154214582,2250992754,51.01,tertiary,30.0,100
2612,1154214585,13629221955,9.63,tertiary,30.0,100
2613,1154214585,3708879372,429.23,primary,50.0,300
2614,1154216502,3878413320,23.52,tertiary,30.0,100
2615,1154216502,623881375,505.58,secondary,40.0,200
2616,1154216503,1154216502,39.21,secondary,40.0,200
2617,1154216503,13475435262,22.95,tertiary,30.0,100
2618,1154216503,1185552512,468.32,secondary,40.0,200
2619,1156127277,5355278580,40.01,primary,50.0,300
2620,1156127277,5345482091,8.9,trunk_link,50.0,350
2621,1156134791,13877484190,7.95,tertiary,30.0,100
2622,1156134791,13877484187,147.7,secondary,40.0,200
2623,1156163024,13734223110,201.36,trunk_link,50.0,350
2624,1156163024,6430474706,1347.13,trunk,60.0,400
2625,1156346003,13718618587,5.54,tertiary,30.0,100
2626,1157176384,986518122,24.05,tertiary,30.0,100
2627,1157176384,12373610321,572.07,tertiary,30.0,100
2628,1157176384,619183872,1674.38,tertiary,30.0,100
2629,1157625205,10809175117,194.52,trunk,60.0,400
2630,1158433045,2966422707,17.21,trunk,60.0,400
2631,1158453050,7655342087,35.98,motorway_link,70.0,450
2632,1158453050,2529081507,37.31,secondary,40.0,200
2633,1158453054,1158453050,11.51,motorway_link,70.0,450
2634,1158453054,7655321775,36.39,secondary,40.0,200
2635,1158453056,9751375355,358.28,motorway,80.0,500
2636,1158617054,5936572194,12.67,secondary,40.0,200
2637,1158617054,1184122435,401.81,secondary,40.0,200
2638,1158617054,9901775155,154.21,secondary,40.0,200
2639,1165312783,13822911975,5.95,secondary,40.0,200
2640,1165312783,10883640314,9.13,secondary_link,35.0,150
2641,1165333767,245658939,373.49,secondary,40.0,200
2642,1165333767,245658701,184.79,trunk,60.0,400
2643,1165388887,1165312783,18.7,secondary,40.0,200
2644,1165388887,10883640313,10.68,trunk,60.0,400
2645,1166186819,3217437364,59.0,primary,50.0,300
2646,1166186819,4632210322,94.37,primary_link,40.0,250
2647,1166270334,13730599850,4.85,tertiary,30.0,100
2648,1166270334,1166270336,227.18,tertiary,30.0,100
2649,1166270334,9861077517,185.05,tertiary,30.0,100
2650,1166270336,13718618588,852.67,tertiary,30.0,100
2651,1166270336,1166270334,227.18,tertiary,30.0,100
2652,1166270336,7358567225,56.48,tertiary,30.0,100
2653,1167660165,13872964641,87.74,tertiary,30.0,100
2654,1167660165,13726850488,53.64,tertiary,30.0,100
2655,1169472512,1169474008,171.49,tertiary,30.0,100
2656,1169472512,1169477795,421.97,tertiary,30.0,100
2657,1169474008,1936499748,335.0,tertiary,30.0,100
2658,1169477795,12637978224,262.18,tertiary,30.0,100
2659,1169479362,12637978224,7.02,tertiary,30.0,100
2660,1169479362,1368753125,527.53,tertiary,30.0,100
2661,1169479362,10945839589,86.75,tertiary,30.0,100
2662,1169481164,11476100456,229.82,tertiary,30.0,100
2663,1169481164,1169472512,217.6,tertiary,30.0,100
2664,1169481166,1936499738,9.07,secondary,40.0,200
2665,1169481166,621287605,297.64,primary,50.0,300
2666,1169541070,7394181653,6.8,tertiary,30.0,100
2667,1169541070,245678362,936.95,tertiary,30.0,100
2668,1169541070,1169481166,235.71,secondary,40.0,200
2669,1172405289,1936499721,8.16,tertiary,30.0,100
2670,1172405289,621287161,43.29,primary,50.0,300
2671,1172407368,10960996710,7.34,tertiary,30.0,100
2672,1172407368,1172405289,237.23,tertiary,30.0,100
2673,1172443519,13185495404,5.38,secondary,40.0,200
2674,1172443519,2233650285,819.05,secondary,40.0,200
2675,1172443519,2233650285,62.31,tertiary,30.0,100
2676,1172489427,13870822890,41.22,tertiary,30.0,100
2677,1172489427,10960936600,5.12,primary,50.0,300
2678,1174893177,13870831804,334.96,tertiary,30.0,100
2679,1174893177,12429998491,8.09,tertiary,30.0,100
2680,1174893177,13867831504,438.81,tertiary,30.0,100
2681,1174906214,10960976274,7.76,tertiary,30.0,100
2682,1174906214,10960976284,130.68,tertiary,30.0,100
2683,1174942001,13856203926,36.34,primary,50.0,300
2684,1174942001,6430937037,7.43,tertiary,30.0,100
2685,1176874806,2264152102,15.83,tertiary,30.0,100
2686,1176874806,3747300131,15.8,tertiary,30.0,100
2687,1176874806,11920002786,1490.74,trunk,60.0,400
2688,1177128691,6571717034,606.12,trunk,60.0,400
2689,1177146270,2249268398,49.58,tertiary,30.0,100
2690,1177146270,2249269726,228.13,secondary,40.0,200
2691,1177162897,4357075033,341.4,tertiary,30.0,100
2692,1177162897,1180806522,862.6,tertiary,30.0,100
2693,1177162897,1650291685,317.44,tertiary,30.0,100
2694,1177243204,13720643029,436.72,tertiary,30.0,100
2695,1177243204,10131724355,335.89,tertiary,30.0,100
2696,1177244711,13720643029,9.08,tertiary,30.0,100
2697,1177244711,13720643031,360.62,tertiary,30.0,100
2698,1177244711,1634012860,368.76,tertiary,30.0,100
2699,1178623177,2249268387,461.82,trunk,60.0,400
2700,1178623178,10275432946,61.41,secondary,40.0,200
2701,1178623178,13733935625,48.26,tertiary,30.0,100
2702,1178625409,13800513449,652.46,tertiary,30.0,100
2703,1178625409,349131637,83.67,secondary,40.0,200
2704,1178672927,10564469937,15.41,trunk_link,50.0,350
2705,1178672927,10926044216,34.11,secondary,40.0,200
2706,1178672931,12087090701,32.65,trunk_link,50.0,350
2707,1178672931,1178672927,38.34,secondary,40.0,200
2708,1178681137,12778141745,564.27,secondary,40.0,200
2709,1179088379,2258304495,1465.54,trunk,60.0,400
2710,1179088379,13658722680,224.77,trunk,60.0,400
2711,1179089888,1179257896,47.94,trunk,60.0,400
2712,1179191719,245663666,175.25,primary,50.0,300
2713,1179191719,631494036,41.75,primary,50.0,300
2714,1179221116,1179221118,8.54,trunk,60.0,400
2715,1179221116,245660069,24.32,trunk_link,50.0,350
2716,1179221118,2258304448,25.32,trunk_link,50.0,350
2717,1179221118,11927565923,494.25,trunk,60.0,400
2718,1179257896,2163592452,276.38,trunk,60.0,400
2719,1179257896,1179273129,974.39,trunk,60.0,400
2720,1179261850,587976199,26.81,tertiary,30.0,100
2721,1179261850,13658722650,427.94,tertiary,30.0,100
2722,1179261850,1179273129,244.38,trunk,60.0,400
2723,1179269788,245660832,33.41,trunk,60.0,400
2724,1179273102,245661107,979.2,trunk,60.0,400
2725,1179273102,587976199,244.2,trunk,60.0,400
2726,1179273129,2258304455,245.24,trunk,60.0,400
2727,1179314445,631494021,284.97,primary,50.0,300
2728,1179314445,631497242,1178.18,trunk,60.0,400
2729,1179314459,1643134423,331.25,trunk,60.0,400
2730,1179314485,2258304506,133.04,trunk,60.0,400
2731,1179314492,2258304493,35.34,trunk_link,50.0,350
2732,1179314492,9903536150,156.59,trunk,60.0,400
2733,1179332232,13815588030,357.24,primary,50.0,300
2734,1179332232,1179314459,1182.45,trunk,60.0,400
2735,1180378612,1642886278,100.83,primary,50.0,300
2736,1180378618,2251057088,310.94,trunk,60.0,400
2737,1180382149,2249268637,46.37,primary,50.0,300
2738,1180382149,1180378618,902.68,trunk,60.0,400
2739,1180420053,1960732625,790.8,trunk,60.0,400
2740,1180420053,12088824456,310.86,trunk_link,50.0,350
2741,1180435752,1960734286,333.95,trunk_link,50.0,350
2742,1180767121,9717246523,10.68,tertiary,30.0,100
2743,1180767121,13723058978,391.99,tertiary,30.0,100
2744,1180784779,10079336604,14.75,tertiary,30.0,100
2745,1180784779,10277314001,518.05,tertiary,30.0,100
2746,1180784803,9717246525,10.43,tertiary,30.0,100
2747,1180784803,13723058973,55.79,tertiary,30.0,100
2748,1180806522,12296544490,363.09,tertiary,30.0,100
2749,1180806522,12296544494,691.95,tertiary,30.0,100
2750,1180806522,1177162897,862.6,tertiary,30.0,100
2751,1180812204,12296544490,7.79,tertiary,30.0,100
2752,1180812204,9697896122,1046.42,tertiary,30.0,100
2753,1180816983,10277314001,16.33,tertiary,30.0,100
2754,1180816983,10079336604,517.62,tertiary,30.0,100
2755,1180830444,9697896126,61.55,tertiary,30.0,100
2756,1180830444,9697896124,20.93,tertiary,30.0,100
2757,1180830444,10156895294,152.59,tertiary,30.0,100
2758,1182335013,13621005354,4.5,secondary,40.0,200
2759,1182335016,9955110412,333.89,tertiary,30.0,100
2760,1182335016,13055620353,196.14,tertiary,30.0,100
2761,1182363473,7331361901,9.78,tertiary_link,25.0,80
2762,1182363473,10712165145,90.62,tertiary,30.0,100
2763,1182363483,5923939959,14.52,tertiary,30.0,100
2764,1182363483,10251547865,15.1,trunk,60.0,400
2765,1182363525,7366380239,8.2,tertiary,30.0,100
2766,1182363560,7366287334,13.48,tertiary,30.0,100
2767,1182363560,13362959830,462.57,tertiary,30.0,100
2768,1182556118,5924612081,14.97,tertiary,30.0,100
2769,1182556118,1388354178,455.17,primary,50.0,300
2770,1182558489,13575257260,24.31,tertiary,30.0,100
2771,1182558489,10243941088,14.12,tertiary,30.0,100
2772,1184038446,7299062709,1277.44,tertiary,30.0,100
2773,1184038446,630301865,1260.46,tertiary,30.0,100
2774,1184038446,630303556,493.37,tertiary,30.0,100
2775,1184044034,5868392396,32.92,tertiary,30.0,100
2776,1184044034,1960734575,18.61,secondary,40.0,200
2777,1184046328,1078664048,45.57,trunk,60.0,400
2778,1184060026,5923862810,9.35,primary_link,40.0,250
2779,1184060026,13673520574,17.02,primary,50.0,300
2780,1184064226,13733782462,288.71,tertiary,30.0,100
2781,1184064226,9902397716,39.67,secondary,40.0,200
2782,1184070629,10882674716,320.42,secondary,40.0,200
2783,1184070629,1184070632,43.35,secondary,40.0,200
2784,1184070632,10265870154,13.82,tertiary,30.0,100
2785,1184070632,10882615919,134.11,secondary,40.0,200
2786,1184070632,1184070629,43.35,secondary,40.0,200
2787,1184071561,1184071565,17.75,tertiary,30.0,100
2788,1184071561,7388408795,6.44,tertiary,30.0,100
2789,1184071562,13882649327,256.61,tertiary,30.0,100
2790,1184071562,12273094475,9.56,tertiary_link,25.0,80
2791,1184071565,1184071561,17.75,tertiary,30.0,100
2792,1184071565,10265870154,326.4,tertiary,30.0,100
2793,1184073234,3708879264,22.6,tertiary,30.0,100
2794,1184073234,2244962347,347.06,primary,50.0,300
2795,1184074193,7416574460,10.5,secondary,40.0,200
2796,1184074193,2236679363,602.57,secondary,40.0,200
2797,1184078333,7398009409,600.91,tertiary,30.0,100
2798,1184078333,3708879354,283.58,tertiary,30.0,100
2799,1184078333,3736905346,293.17,tertiary,30.0,100
2800,1184084001,3736905344,31.12,tertiary,30.0,100
2801,1184084001,1184089996,563.28,tertiary,30.0,100
2802,1184084001,4323656421,274.36,tertiary,30.0,100
2803,1184089996,5936572210,12.67,tertiary,30.0,100
2804,1184089996,1184084001,563.28,tertiary,30.0,100
2805,1184089996,13626310248,186.12,secondary,40.0,200
2806,1184122435,1158617054,401.81,secondary,40.0,200
2807,1184122435,1184123095,126.66,tertiary,30.0,100
2808,1184122435,12124306136,129.31,secondary,40.0,200
2809,1184122821,13819013816,8.98,secondary,40.0,200
2810,1184122821,11061279701,33.44,tertiary,30.0,100
2811,1184122826,1184122840,259.17,tertiary,30.0,100
2812,1184122826,1184122880,314.64,tertiary,30.0,100
2813,1184122826,1184122842,371.44,tertiary,30.0,100
2814,1184122832,1184122846,84.87,tertiary,30.0,100
2815,1184122832,1184124347,208.24,tertiary,30.0,100
2816,1184122840,1960734426,598.11,tertiary,30.0,100
2817,1184122840,10679996838,572.24,tertiary,30.0,100
2818,1184122840,1184122826,259.17,tertiary,30.0,100
2819,1184122842,1184122826,371.44,tertiary,30.0,100
2820,1184122842,11938975525,358.35,primary,50.0,300
2821,1184122846,1184122832,84.87,tertiary,30.0,100
2822,1184122846,414725067,292.19,tertiary,30.0,100
2823,1184122846,1184122855,138.05,tertiary,30.0,100
2824,1184122855,1184122888,46.33,secondary,40.0,200
2825,1184122855,13055930254,238.24,secondary,40.0,200
2826,1184122869,1960733842,6.71,tertiary,30.0,100
2827,1184122869,10580913576,219.71,secondary,40.0,200
2828,1184122880,414595050,289.87,tertiary,30.0,100
2829,1184122880,1960733842,260.72,tertiary,30.0,100
2830,1184122880,1184122826,314.64,tertiary,30.0,100
2831,1184122888,13819013817,265.44,secondary,40.0,200
2832,1184122888,1184122855,46.33,secondary,40.0,200
2833,1184122888,1184122832,174.41,tertiary,30.0,100
2834,1184123095,1184122435,126.66,tertiary,30.0,100
2835,1184123095,7398009409,295.96,tertiary,30.0,100
2836,1184123095,1184123626,403.22,tertiary,30.0,100
2837,1184123626,9901775159,11.58,tertiary,30.0,100
2838,1184123626,1184123095,403.22,tertiary,30.0,100
2839,1184123626,3736922371,238.5,secondary,40.0,200
2840,1184124311,317914115,9.62,secondary,40.0,200
2841,1184124311,13819013820,216.18,secondary,40.0,200
2842,1184124347,1184122832,208.24,tertiary,30.0,100
2843,1184124347,10886129700,206.56,tertiary,30.0,100
2844,1184130764,8780753156,9.99,secondary_link,35.0,150
2845,1184130764,619143455,544.81,secondary,40.0,200
2846,1184130778,9352141082,243.23,secondary,40.0,200
2847,1184130778,10196782306,312.65,primary,50.0,300
2848,1184132894,9694187776,184.05,tertiary,30.0,100
2849,1184132894,5936572199,564.78,tertiary,30.0,100
2850,1184132894,5936572210,461.13,tertiary,30.0,100
2851,1184134528,340363223,89.37,tertiary,30.0,100
2852,1184134528,5923862714,70.81,secondary,40.0,200
2853,1184146819,1184152729,63.34,primary,50.0,300
2854,1184146819,1185553720,639.73,tertiary,30.0,100
2855,1184152729,3708879354,20.73,tertiary,30.0,100
2856,1184152729,6493265091,211.87,primary,50.0,300
2857,1184438147,13055592472,7.74,tertiary,30.0,100
2858,1184438147,13055592453,152.24,tertiary,30.0,100
2859,1184468310,6490900890,3.49,tertiary,30.0,100
2860,1184468310,13439601787,119.81,tertiary,30.0,100
2861,1184471965,12330293703,7.34,tertiary,30.0,100
2862,1184471965,1651800483,68.45,tertiary,30.0,100
2863,1184489481,1879817894,20.28,tertiary,30.0,100
2864,1184489481,1879817892,8.28,secondary,40.0,200
2865,1184489481,630298114,1149.33,secondary,40.0,200
2866,1184498924,12330293703,531.91,tertiary,30.0,100
2867,1184498924,1651800567,459.89,tertiary,30.0,100
2868,1184498924,10882363458,296.04,tertiary,30.0,100
2869,1185552512,5936572235,14.22,tertiary,30.0,100
2870,1185552512,3708879372,328.47,tertiary,30.0,100
2871,1185553719,7398009429,299.61,tertiary,30.0,100
2872,1185553719,12401445371,15.47,tertiary,30.0,100
2873,1185553720,4014863218,396.53,tertiary,30.0,100
2874,1185553720,12401445371,169.34,tertiary,30.0,100
2875,1185553720,1184146819,639.73,tertiary,30.0,100
2876,1185674157,7241667083,8.39,tertiary,30.0,100
2877,1185674157,1185674183,176.1,tertiary,30.0,100
2878,1185674179,13654037096,12.04,tertiary,30.0,100
2879,1185674183,10564313451,10.82,tertiary,30.0,100
2880,1185674183,7353935272,540.48,tertiary,30.0,100
2881,1185815163,245678918,624.79,secondary,40.0,200
2882,1185815163,1342994773,472.19,tertiary,30.0,100
2883,1185815163,13858674669,415.78,secondary,40.0,200
2884,1185815163,1189168883,244.07,tertiary,30.0,100
2885,1185818941,769028312,66.93,tertiary,30.0,100
2886,1185818941,6117653732,13.19,tertiary,30.0,100
2887,1185818942,6117653732,96.94,tertiary,30.0,100
2888,1185818942,1185818981,391.69,tertiary,30.0,100
2889,1185818942,6117653733,108.66,tertiary,30.0,100
2890,1185818981,1185818942,391.69,tertiary,30.0,100
2891,1185818981,6204119841,196.9,tertiary,30.0,100
2892,1185818981,7241667083,391.89,tertiary,30.0,100
2893,1185856092,1201343937,56.92,tertiary,30.0,100
2894,1185859880,10264514244,6.33,secondary,40.0,200
2895,1185859880,7374550820,141.53,primary,50.0,300
2896,1185859882,1343009451,18.33,primary,50.0,300
2897,1186891007,7241667076,10.59,tertiary,30.0,100
2898,1186891007,1185674157,387.28,tertiary,30.0,100
2899,1186902566,1361561210,158.31,secondary,40.0,200
2900,1186902566,1186902567,28.28,secondary,40.0,200
2901,1186902567,7398169361,207.44,secondary,40.0,200
2902,1186904904,627838051,162.48,tertiary,30.0,100
2903,1186904904,3796394579,98.63,tertiary,30.0,100
2904,1186904908,1186904911,162.28,tertiary,30.0,100
2905,1186904908,7378436342,148.06,primary,50.0,300
2906,1186904910,7378448222,13.17,tertiary,30.0,100
2907,1186904910,1186904908,120.09,primary,50.0,300
2908,1186904911,1186904904,142.35,tertiary,30.0,100
2909,1186904911,1186904910,276.4,tertiary,30.0,100
2910,1188635570,10282000618,19.64,tertiary,30.0,100
2911,1188635570,6204119875,184.15,primary,50.0,300
2912,1188638929,10956905152,9.57,secondary,40.0,200
2913,1188638929,7378915192,183.35,tertiary,30.0,100
2914,1188654980,7377674103,51.3,primary,50.0,300
2915,1188654980,6204119879,52.83,secondary_link,35.0,150
2916,1188667400,13760893289,454.9,tertiary,30.0,100
2917,1188784397,7378436375,12.42,tertiary,30.0,100
2918,1188784397,13649362606,161.44,tertiary,30.0,100
2919,1188784397,10654529061,446.6,secondary,40.0,200
2920,1188784758,13649362606,7.58,tertiary,30.0,100
2921,1188784758,3795056480,884.87,tertiary,30.0,100
2922,1188784758,10654529068,385.92,tertiary,30.0,100
2923,1189168883,1185815163,244.07,tertiary,30.0,100
2924,1189168883,13857139749,16.03,tertiary,30.0,100
2925,1189168885,13857139727,56.64,tertiary,30.0,100
2926,1189168885,13857139750,82.65,tertiary,30.0,100
2927,1194135953,1936499784,42.49,secondary,40.0,200
2928,1194135953,1936499780,52.5,secondary_link,35.0,150
2929,1194136009,627835052,237.73,primary,50.0,300
2930,1194136040,5938773176,35.05,secondary,40.0,200
2931,1194136040,1194136009,46.42,secondary_link,35.0,150
2932,1194136043,245678572,269.68,secondary,40.0,200
2933,1194191465,13856204528,47.85,tertiary,30.0,100
2934,1194191465,1920266094,237.59,tertiary,30.0,100
2935,1194195803,1936499715,8.47,secondary,40.0,200
2936,1194195803,13872349167,390.22,primary,50.0,300
2937,1195179689,7353935270,9.54,tertiary_link,25.0,80
2938,1195179689,7353935263,70.13,tertiary,30.0,100
2939,1195179701,13654103705,9.59,tertiary,30.0,100
2940,1195179701,13654103710,192.65,tertiary,30.0,100
2941,1195179702,6204119845,20.86,tertiary,30.0,100
2942,1195179702,12408665370,286.81,primary,50.0,300
2943,1199606539,3708878218,20.92,primary_link,40.0,250
2944,1199606539,10277909619,171.79,primary,50.0,300
2945,1201341729,13728770003,1024.74,tertiary,30.0,100
2946,1201341729,13731339386,171.07,tertiary,30.0,100
2947,1201341729,13718941762,120.57,tertiary,30.0,100
2948,1201343937,2233652193,76.23,tertiary,30.0,100
2949,1201343937,7379061338,130.61,tertiary,30.0,100
2950,1201343937,1185856092,56.92,tertiary,30.0,100
2951,1201343937,13718627923,120.16,tertiary,30.0,100
2952,1232644427,10809175121,37.89,trunk_link,50.0,350
2953,1232644427,1232644986,590.58,trunk,60.0,400
2954,1232644505,5865538270,224.13,trunk_link,50.0,350
2955,1232644505,1232644762,591.4,trunk,60.0,400
2956,1232644512,1643351868,131.67,tertiary,30.0,100
2957,1232644512,1366857600,37.39,tertiary,30.0,100
2958,1232644665,2804443043,355.2,tertiary,30.0,100
2959,1232644665,2439273023,498.16,tertiary,30.0,100
2960,1232644762,1157625205,217.28,trunk,60.0,400
2961,1232644986,6573886332,636.4,trunk,60.0,400
2962,1233452316,1366900663,15.74,primary,50.0,300
2963,1233452316,13717893207,117.03,tertiary,30.0,100
2964,1233452316,13711232880,65.86,primary,50.0,300
2965,1235720483,13755049621,9.52,secondary,40.0,200
2966,1235720483,9955110357,801.44,secondary,40.0,200
2967,1235813886,13383090148,370.62,tertiary,30.0,100
2968,1235813947,2489283696,21.45,tertiary,30.0,100
2969,1235813947,8448787215,482.94,primary,50.0,300
2970,1235813970,1235813886,23.02,tertiary,30.0,100
2971,1235813970,1235814028,281.68,tertiary,30.0,100
2972,1235814028,2489283696,410.0,tertiary,30.0,100
2973,1235814028,1235813886,274.12,tertiary,30.0,100
2974,1236410178,12506352388,11.32,primary,50.0,300
2975,1236410178,1236410186,457.91,primary,50.0,300
2976,1236410186,7384691411,14.76,primary,50.0,300
2977,1236410186,618682506,136.56,primary,50.0,300
2978,1236410189,1127770757,21.83,secondary,40.0,200
2979,1236410189,6215526117,64.6,tertiary,30.0,100
2980,1271126528,2952579406,17.53,primary,50.0,300
2981,1271126528,2952579402,38.18,secondary,40.0,200
2982,1271126533,10888917521,15.18,primary,50.0,300
2983,1271126541,1271126533,12.89,secondary,40.0,200
2984,1271126541,1369464570,158.26,primary,50.0,300
2985,1286545934,245658276,43.49,secondary,40.0,200
2986,1286566724,1286545934,25.86,secondary,40.0,200
2987,1286566724,245658338,315.32,secondary,40.0,200
2988,1286566727,1654406812,20.35,secondary,40.0,200
2989,1286566730,1654406810,7.36,secondary,40.0,200
2990,1286566730,13816398945,119.39,secondary,40.0,200
2991,1286566733,245658184,12.81,secondary,40.0,200
2992,1286752654,471942852,112.57,secondary,40.0,200
2993,1288998782,13882649323,10.14,tertiary,30.0,100
2994,1288998782,13882649326,37.09,tertiary,30.0,100
2995,1288998788,10174843049,5.66,tertiary_link,25.0,80
2996,1288998788,13880416039,49.59,tertiary,30.0,100
2997,1318654999,2249326297,144.32,trunk,60.0,400
2998,1336410623,10279809044,8.43,secondary,40.0,200
2999,1336410623,10279809044,18.49,secondary,40.0,200
3000,1336410623,10116201901,285.6,secondary,40.0,200
3001,1342988741,1342994773,449.97,tertiary,30.0,100
3002,1342988741,12408665370,241.21,tertiary,30.0,100
3003,1342988741,11254799221,407.93,tertiary,30.0,100
3004,1342994773,1185815163,472.19,tertiary,30.0,100
3005,1342994773,1342999452,204.81,tertiary,30.0,100
3006,1342999452,1342994773,204.81,tertiary,30.0,100
3007,1342999452,1343015873,264.0,tertiary,30.0,100
3008,1343002718,10564266718,12.54,tertiary,30.0,100
3009,1343002718,1343009445,461.95,secondary,40.0,200
3010,1343002718,245679479,229.9,secondary,40.0,200
3011,1343002718,13654019770,254.89,tertiary,30.0,100
3012,1343002720,10277511269,9.38,tertiary,30.0,100
3013,1343002720,11254799221,126.63,tertiary,30.0,100
3014,1343006720,13654019770,295.75,tertiary,30.0,100
3015,1343009437,1343015873,17.42,tertiary,30.0,100
3016,1343009437,10277511263,384.75,tertiary,30.0,100
3017,1343009437,1343009445,282.76,tertiary,30.0,100
3018,1343009445,7374550820,537.72,secondary,40.0,200
3019,1343009445,1343002718,461.95,secondary,40.0,200
3020,1343009445,1343009437,282.76,tertiary,30.0,100
3021,1343009445,7388123457,287.03,tertiary,30.0,100
3022,1343009451,7398169359,12.94,tertiary,30.0,100
3023,1343009451,1343015873,477.81,tertiary,30.0,100
3024,1343009451,1185859880,116.51,primary,50.0,300
3025,1343009456,7388123457,10.87,tertiary,30.0,100
3026,1343009456,627835035,480.59,secondary,40.0,200
3027,1343015873,1343009437,17.42,tertiary,30.0,100
3028,1343017943,13649033306,262.74,secondary,40.0,200
3029,1344357227,6428781759,8.88,secondary,40.0,200
3030,1344357227,1375251720,571.1,secondary,40.0,200
3031,1344712231,245671994,164.86,tertiary,30.0,100
3032,1344712231,7345603904,643.62,tertiary,30.0,100
3033,1345329173,6380230494,28.2,tertiary,30.0,100
3034,1345329173,1936627871,308.75,tertiary,30.0,100
3035,1345329173,1345329180,45.1,tertiary,30.0,100
3036,1345329180,1345329173,45.1,tertiary,30.0,100
3037,1345329180,13633876092,153.6,tertiary,30.0,100
3038,1348001271,1348001336,10.06,tertiary,30.0,100
3039,1348001271,5921458230,255.02,tertiary,30.0,100
3040,1348001336,2294332758,19.12,tertiary,30.0,100
3041,1348001336,1348001410,542.53,tertiary,30.0,100
3042,1348001410,1348001336,542.53,tertiary,30.0,100
3043,1348001410,7459352417,26.67,tertiary,30.0,100
3044,1348028146,2442886106,167.96,tertiary,30.0,100
3045,1348028146,6165604800,211.22,tertiary,30.0,100
3046,1348056645,1348056648,56.7,tertiary,30.0,100
3047,1348056648,3808239216,42.27,tertiary,30.0,100
3048,1348056648,6165604799,179.59,tertiary,30.0,100
3049,1351183145,13654758673,8.17,tertiary,30.0,100
3050,1351183145,13819263246,64.42,secondary,40.0,200
3051,1351183149,1375170686,11.24,secondary,40.0,200
3052,1351183149,13654758674,11.43,secondary,40.0,200
3053,1351183157,13819263247,4.86,tertiary,30.0,100
3054,1351183157,13819263256,63.71,secondary,40.0,200
3055,1351247410,1366956109,34.0,secondary,40.0,200
3056,1351247410,5913226245,144.84,secondary,40.0,200
3057,1351247410,245666475,297.14,trunk,60.0,400
3058,1351343339,11927518748,21.06,tertiary,30.0,100
3059,1351343339,11927518735,4.28,tertiary,30.0,100
3060,1351352355,10956744342,7.0,tertiary,30.0,100
3061,1351352355,10956689089,316.79,tertiary,30.0,100
3062,1351377036,10956832468,10.25,tertiary,30.0,100
3063,1351377036,10168211200,549.6,tertiary,30.0,100
3064,1352212388,10845966982,8.7,tertiary,30.0,100
3065,1352212388,10956905146,329.96,secondary,40.0,200
3066,1352227902,10168211183,5.85,tertiary,30.0,100
3067,1352227902,7361584928,277.86,secondary,40.0,200
3068,1353464530,628597982,161.17,secondary,40.0,200
3069,1353464530,7377674133,5.58,tertiary,30.0,100
3070,1353464530,1353467798,334.52,tertiary,30.0,100
3071,1353464532,2629682549,120.37,tertiary,30.0,100
3072,1353464532,10956905156,208.01,tertiary,30.0,100
3073,1353464534,10248977459,11.57,secondary,40.0,200
3074,1353464534,7377674138,11.92,tertiary,30.0,100
3075,1353464534,13652131273,98.37,tertiary,30.0,100
3076,1353464547,10282000618,162.77,tertiary,30.0,100
3077,1353464547,10956905147,298.6,tertiary,30.0,100
3078,1353467783,10248977468,10.74,tertiary,30.0,100
3079,1353467798,9708696942,10.31,tertiary,30.0,100
3080,1353467798,1353464530,334.52,tertiary,30.0,100
3081,1353467798,9708696938,296.57,tertiary,30.0,100
3082,1356240077,2250992843,53.55,tertiary,30.0,100
3083,1356240077,1634012703,467.93,tertiary,30.0,100
3084,1356240077,10548664763,239.22,tertiary,30.0,100
3085,1361561210,1632712320,10.96,secondary,40.0,200
3086,1361561210,10277477766,53.58,secondary,40.0,200
3087,1361563109,10277477766,9.56,secondary,40.0,200
3088,1361563109,10277477777,120.23,secondary,40.0,200
3089,1361563721,1632712320,183.8,tertiary,30.0,100
3090,1361563721,1361589371,238.84,tertiary,30.0,100
3091,1361563721,1361576643,572.89,tertiary,30.0,100
3092,1361576643,13718424102,554.49,tertiary,30.0,100
3093,1361576643,1632712308,286.78,tertiary,30.0,100
3094,1361576643,1361563721,570.86,tertiary,30.0,100
3095,1361589371,9861074903,29.99,tertiary,30.0,100
3096,1361589371,1361563721,238.84,tertiary,30.0,100
3097,1361589371,1361589388,172.1,tertiary,30.0,100
3098,1361589388,1361589371,172.1,tertiary,30.0,100
3099,1361589388,13718424102,83.49,tertiary,30.0,100
3100,1365570187,11919249646,180.28,tertiary,30.0,100
3101,1365570187,13686797158,61.93,tertiary,30.0,100
3102,1365570226,6165604817,41.33,primary,50.0,300
3103,1365570226,1645876432,385.87,primary,50.0,300
3104,1365949289,13845998562,64.62,secondary,40.0,200
3105,1365949289,13845955059,9.31,secondary_link,35.0,150
3106,1366008977,5926760156,4.86,secondary,40.0,200
3107,1366008979,619309814,743.6,tertiary,30.0,100
3108,1366008979,1366008983,244.06,tertiary,30.0,100
3109,1366008979,1366009000,198.21,tertiary,30.0,100
3110,1366008980,1366008998,88.87,tertiary,30.0,100
3111,1366008980,1366008998,146.32,tertiary,30.0,100
3112,1366008980,1366009000,175.94,tertiary,30.0,100
3113,1366008983,6429734745,12.41,tertiary,30.0,100
3114,1366008983,1366008979,244.06,tertiary,30.0,100
3115,1366008983,4352245939,355.31,primary,50.0,300
3116,1366008998,1366008980,88.87,tertiary,30.0,100
3117,1366008998,1366008980,146.32,tertiary,30.0,100
3118,1366008998,6430960763,849.76,tertiary,30.0,100
3119,1366009000,1366008980,175.94,tertiary,30.0,100
3120,1366009000,1366009054,405.54,tertiary,30.0,100
3121,1366009000,1366008979,198.21,tertiary,30.0,100
3122,1366009054,619309810,236.66,tertiary,30.0,100
3123,1366009054,1366009077,437.97,tertiary,30.0,100
3124,1366009054,1366009000,405.54,tertiary,30.0,100
3125,1366009077,10265837619,71.93,tertiary_link,25.0,80
3126,1366009077,1366009054,437.97,tertiary,30.0,100
3127,1366009077,245668052,243.57,tertiary,30.0,100
3128,1366009125,245668003,26.19,primary,50.0,300
3129,1366009125,12430188033,85.64,trunk_link,50.0,350
3130,1366027983,1366028009,603.83,tertiary,30.0,100
3131,1366027983,1392485609,289.13,tertiary,30.0,100
3132,1366027983,245668052,640.82,tertiary,30.0,100
3133,1366028009,1366028032,200.43,tertiary,30.0,100
3134,1366028009,1366027983,603.83,tertiary,30.0,100
3135,1366028009,11396019487,475.15,tertiary,30.0,100
3136,1366028025,1366096080,249.12,tertiary,30.0,100
3137,1366028025,3234240202,155.13,tertiary,30.0,100
3138,1366028032,2622177309,8.96,tertiary,30.0,100
3139,1366028032,6435423923,730.2,primary,50.0,300
3140,1366028032,1366028009,200.43,tertiary,30.0,100
3141,1366028051,2622177318,125.34,secondary,40.0,200
3142,1366028051,2622177309,70.19,tertiary,30.0,100
3143,1366028055,13329840480,9.65,tertiary,30.0,100
3144,1366028055,1366028051,132.79,secondary,40.0,200
3145,1366028058,13795940227,847.77,primary,50.0,300
3146,1366028058,1366028055,296.54,secondary,40.0,200
3147,1366054386,10207309407,6.7,tertiary,30.0,100
3148,1366054432,10936517723,11.05,tertiary_link,25.0,80
3149,1366054432,1366054386,206.4,tertiary,30.0,100
3150,1366096080,11400791207,537.35,tertiary,30.0,100
3151,1366097095,1647163158,19.25,secondary,40.0,200
3152,1366097095,13877647886,473.35,primary,50.0,300
3153,1366097133,10882769269,1004.37,secondary,40.0,200
3154,1366097133,1647163158,54.57,secondary,40.0,200
3155,1366097133,2244961593,1634.93,tertiary,30.0,100
3156,1366097663,10882769268,8.55,secondary,40.0,200
3157,1366097663,13754208739,602.85,tertiary,30.0,100
3158,1366097698,10279617327,5.13,tertiary,30.0,100
3159,1366097698,11419951308,290.89,secondary,40.0,200
3160,1366097711,10279617327,52.92,tertiary,30.0,100
3161,1366097711,13881718914,637.09,tertiary,30.0,100
3162,1366097769,3708879243,10.32,secondary,40.0,200
3163,1366097769,10653616789,203.53,primary,50.0,300
3164,1366097987,10100669503,10.44,tertiary,30.0,100
3165,1366097987,10279602936,8.33,tertiary,30.0,100
3166,1366794682,11061174742,4.88,tertiary,30.0,100
3167,1366794682,13691092441,47.16,tertiary,30.0,100
3168,1366794894,1366900349,185.84,tertiary,30.0,100
3169,1366794894,5913226350,18.37,tertiary,30.0,100
3170,1366794913,12435621971,7.69,tertiary,30.0,100
3171,1366794913,12435559676,110.53,tertiary,30.0,100
3172,1366794970,2439202936,179.42,secondary,40.0,200
3173,1366795134,2966349066,60.0,tertiary,30.0,100
3174,1366795134,12637993105,10.56,tertiary,30.0,100
3175,1366795134,13660739193,242.33,tertiary,30.0,100
3176,1366795154,12637993101,6.67,motorway_link,70.0,450
3177,1366795154,12637993101,9.6,tertiary,30.0,100
3178,1366795192,3215559553,700.49,tertiary,30.0,100
3179,1366795192,1366795215,1301.1,tertiary,30.0,100
3180,1366795192,3981413772,194.95,tertiary,30.0,100
3181,1366795215,1366795192,1301.1,tertiary,30.0,100
3182,1366795215,1366795254,1091.05,tertiary,30.0,100
3183,1366795254,1366795215,1095.47,tertiary,30.0,100
3184,1366795254,12088863669,317.32,tertiary,30.0,100
3185,1366856852,1366856876,294.94,trunk_link,50.0,350
3186,1366856857,1643351712,23.52,tertiary,30.0,100
3187,1366856857,12135264138,549.5,trunk,60.0,400
3188,1366856876,245663765,670.83,trunk,60.0,400
3189,1366857014,1643351719,421.01,trunk_link,50.0,350
3190,1366857014,1366856876,776.66,trunk,60.0,400
3191,1366857089,1634250062,35.16,trunk,60.0,400
3192,1366857089,1634250074,349.15,trunk,60.0,400
3193,1366857124,1366900343,300.67,trunk,60.0,400
3194,1366857176,1158433045,24.49,trunk,60.0,400
3195,1366857176,5624422771,24.59,trunk,60.0,400
3196,1366857240,245664465,77.54,motorway,80.0,500
3197,1366857240,245665833,2101.54,motorway,80.0,500
3198,1366857439,10151560371,1313.83,secondary,40.0,200
3199,1366857439,1654383155,16.22,secondary,40.0,200
3200,1366857555,10151560371,9.79,secondary,40.0,200
3201,1366857555,3376195596,123.21,tertiary,30.0,100
3202,1366857600,1651414481,103.99,tertiary_link,25.0,80
3203,1366857600,1232644512,37.39,tertiary,30.0,100
3204,1366857600,3376195596,115.71,tertiary,30.0,100
3205,1366900343,1366857176,25.9,trunk,60.0,400
3206,1366900343,1158433045,31.67,trunk_link,50.0,350
3207,1366900349,2439202899,382.08,tertiary,30.0,100
3208,1366900349,5912237922,423.03,tertiary,30.0,100
3209,1366900349,1366794894,185.84,tertiary,30.0,100
3210,1366900404,5913278404,21.08,trunk_link,50.0,350
3211,1366900404,13673724063,9.14,tertiary,30.0,100
3212,1366900663,1233452316,15.74,primary,50.0,300
3213,1366900663,13711148095,55.71,primary,50.0,300
3214,1366900865,2622177385,15.01,tertiary,30.0,100
3215,1366900865,4340930308,344.79,primary,50.0,300
3216,1366900900,10279704572,24.45,tertiary,30.0,100
3217,1366901048,13703412794,42.27,tertiary,30.0,100
3218,1366901048,2244962270,277.7,tertiary,30.0,100
3219,1366901065,2244962270,177.87,tertiary,30.0,100
3220,1366901065,1960732185,202.13,tertiary,30.0,100
3221,1366901129,2244962270,118.16,tertiary,30.0,100
3222,1366901129,1366901329,1174.65,tertiary,30.0,100
3223,1366901129,1366901065,221.36,tertiary,30.0,100
3224,1366901329,12260732292,8.64,secondary,40.0,200
3225,1366901329,12260767710,9.72,tertiary,30.0,100
3226,1366901329,1366901129,1174.65,tertiary,30.0,100
3227,1366938229,1366938236,161.18,trunk,60.0,400
3228,1366938236,9860341846,72.36,trunk,60.0,400
3229,1366938236,9860341840,37.39,secondary,40.0,200
3230,1366938254,5865538272,11.4,trunk_link,50.0,350
3231,1366938254,12448362114,16.31,secondary,40.0,200
3232,1366956109,1351247410,34.0,secondary,40.0,200
3233,1366956109,12088834962,50.95,trunk_link,50.0,350
3234,1366987045,4569925675,56.1,secondary,40.0,200
3235,1366987067,10882783547,5.67,tertiary,30.0,100
3236,1366987067,5912237845,148.73,tertiary,30.0,100
3237,1366987067,13673961544,88.55,secondary,40.0,200
3238,1367092731,9679154869,19.46,tertiary,30.0,100
3239,1367092731,245664764,1058.81,tertiary,30.0,100
3240,1367092731,245665060,332.95,secondary,40.0,200
3241,1367092952,13676994254,46.17,secondary,40.0,200
3242,1367092952,10207397921,10.97,tertiary,30.0,100
3243,1367093074,13789266316,20.43,tertiary,30.0,100
3244,1367093074,10264297687,8.34,secondary,40.0,200
3245,1367093155,10264297691,9.14,tertiary,30.0,100
3246,1367093155,1366008977,145.14,secondary,40.0,200
3247,1367093183,1643351870,224.24,tertiary,30.0,100
3248,1367093183,10207397921,1101.96,tertiary,30.0,100
3249,1367093183,10207397924,1297.33,tertiary,30.0,100
3250,1368753125,6436057783,9.63,tertiary,30.0,100
3251,1368753125,1169479362,527.53,tertiary,30.0,100
3252,1368753125,13872349168,152.2,primary,50.0,300
3253,1369464570,1369464578,14.01,tertiary,30.0,100
3254,1369464570,5624302341,43.24,primary,50.0,300
3255,1369464578,1369464570,14.01,tertiary,30.0,100
3256,1369464578,9447929175,1797.04,tertiary,30.0,100
3257,1369464578,1271126533,167.42,primary,50.0,300
3258,1375170610,1375170610,1689.1,tertiary,30.0,100
3259,1375170610,1375170610,1689.1,tertiary,30.0,100
3260,1375170610,1375170621,308.54,tertiary,30.0,100
3261,1375170621,10093838969,5.99,tertiary,30.0,100
3262,1375170621,13778926630,865.5,tertiary,30.0,100
3263,1375170621,1375170610,308.54,tertiary,30.0,100
3264,1375170686,10093838939,10.03,secondary,40.0,200
3265,1375170790,7345105030,10.54,tertiary,30.0,100
3266,1375170790,12295929919,167.58,tertiary,30.0,100
3267,1375170790,628597986,544.21,secondary,40.0,200
3268,1375170792,10936586340,13.38,tertiary,30.0,100
3269,1375170792,2221887687,65.92,tertiary,30.0,100
3270,1375170792,7345105030,427.1,tertiary,30.0,100
3271,1375170795,11786980563,7.82,tertiary,30.0,100
3272,1375170795,1375170797,466.65,tertiary,30.0,100
3273,1375170797,11786980559,7.08,tertiary,30.0,100
3274,1375170797,1375170801,398.23,tertiary,30.0,100
3275,1375170801,2221887687,532.03,tertiary,30.0,100
3276,1375170801,1375170797,398.23,tertiary,30.0,100
3277,1375170801,1375170805,754.28,tertiary,30.0,100
3278,1375170805,7345415536,8.43,tertiary,30.0,100
3279,1375170805,1375170801,754.28,tertiary,30.0,100
3280,1375170805,9909376358,230.45,secondary,40.0,200
3281,1375170806,10277336192,16.96,tertiary,30.0,100
3282,1375170808,7345415532,10.38,tertiary,30.0,100
3283,1375170808,1375170805,448.8,secondary,40.0,200
3284,1375170809,10277336170,10.19,tertiary,30.0,100
3285,1375170809,10277336193,591.89,tertiary,30.0,100
3286,1375215365,619202302,13.87,trunk_link,50.0,350
3287,1375215365,13732291231,413.97,tertiary,30.0,100
3288,1375215404,13734223109,281.61,tertiary,30.0,100
3289,1375215404,13732291233,43.23,tertiary,30.0,100
3290,1375215407,13732291233,6.98,tertiary,30.0,100
3291,1375215407,1651800945,339.19,tertiary,30.0,100
3292,1375215407,2969409500,226.0,tertiary,30.0,100
3293,1375215424,2250992777,304.13,trunk,60.0,400
3294,1375215761,10877195122,9.29,secondary,40.0,200
3295,1375215761,13729961461,200.45,secondary,40.0,200
3296,1375215803,13877484185,687.95,secondary,40.0,200
3297,1375215803,13872749017,45.03,tertiary,30.0,100
3298,1375215803,13807899486,200.25,secondary,40.0,200
3299,1375251438,13644386421,1340.75,tertiary,30.0,100
3300,1375251438,13637469027,320.01,tertiary,30.0,100
3301,1375251590,470146183,239.26,tertiary,30.0,100
3302,1375251590,245670797,1467.15,tertiary,30.0,100
3303,1375251720,13639180051,159.16,secondary,40.0,200
3304,1375251723,10273617618,335.29,primary,50.0,300
3305,1375482657,2258304319,11.59,primary,50.0,300
3306,1375482657,7370574854,32.08,secondary,40.0,200
3307,1375482659,10277786603,894.3,secondary,40.0,200
3308,1375482659,12557971223,39.64,secondary,40.0,200
3309,1375482674,245657418,18.14,secondary,40.0,200
3310,1375482674,5845797344,23.82,secondary,40.0,200
3311,1375482674,5637109060,78.31,secondary,40.0,200
3312,1375482697,245657656,172.27,secondary,40.0,200
3313,1375482733,245657747,15.44,tertiary,30.0,100
3314,1375482733,2258304351,343.17,trunk,60.0,400
3315,1386573931,13759083098,682.88,tertiary,30.0,100
3316,1386573931,10245359654,58.28,tertiary,30.0,100
3317,1386573973,5839628071,8.25,tertiary,30.0,100
3318,1386573973,1386573993,480.7,tertiary,30.0,100
3319,1386573973,5839628072,159.2,tertiary,30.0,100
3320,1386573977,1386573973,13.93,tertiary,30.0,100
3321,1386573977,1386573993,292.43,tertiary,30.0,100
3322,1386573993,5984944615,376.8,tertiary,30.0,100
3323,1386573993,1386573973,480.7,tertiary,30.0,100
3324,1386573993,1386573977,292.43,tertiary,30.0,100
3325,1386595190,7371058897,1092.73,tertiary,30.0,100
3326,1386595190,630700998,198.78,tertiary,30.0,100
3327,1386641025,5875787592,383.93,primary,50.0,300
3328,1386641025,13664004433,46.79,primary,50.0,300
3329,1386641054,13580147233,33.45,tertiary,30.0,100
3330,1386641054,6246728887,6.47,tertiary,30.0,100
3331,1386641054,13580034544,248.0,tertiary,30.0,100
3332,1386641161,7285424904,6.87,tertiary_link,25.0,80
3333,1386641161,13569898501,238.47,tertiary,30.0,100
3334,1386641179,13569884700,18.82,tertiary,30.0,100
3335,1386641179,7285424910,9.55,primary,50.0,300
3336,1386641222,2440235113,25.27,tertiary,30.0,100
3337,1386641222,13580310169,727.78,tertiary,30.0,100
3338,1386641229,13580388004,7.86,primary,50.0,300
3339,1388354091,1388354096,445.39,tertiary,30.0,100
3340,1388354091,6246728887,165.35,tertiary,30.0,100
3341,1388354091,13580147236,152.47,tertiary,30.0,100
3342,1388354096,9910448046,106.93,tertiary,30.0,100
3343,1388354096,1388354091,445.39,tertiary,30.0,100
3344,1388354096,10243941091,226.71,tertiary,30.0,100
3345,1388354104,1388354152,545.03,tertiary,30.0,100
3346,1388354104,13580147235,533.51,tertiary,30.0,100
3347,1388354104,630678357,418.24,tertiary,30.0,100
3348,1388354147,630678357,119.61,tertiary,30.0,100
3349,1388354147,630678344,104.07,tertiary,30.0,100
3350,1388354152,1388354104,545.03,tertiary,30.0,100
3351,1388354152,13580246891,487.86,tertiary,30.0,100
3352,1388354152,13575257257,371.53,tertiary,30.0,100
3353,1388354157,1388354147,186.13,tertiary,30.0,100
3354,1388354157,2250251314,100.67,secondary,40.0,200
3355,1388354178,13575257251,6.2,primary,50.0,300
3356,1388354194,10886175648,12.89,secondary,40.0,200
3357,1388354194,13580310167,8.45,tertiary,30.0,100
3358,1388354194,13580247309,76.83,tertiary,30.0,100
3359,1388354213,13580567013,5.96,secondary,40.0,200
3360,1388354213,13580567016,24.47,secondary,40.0,200
3361,1388374498,1388374508,139.39,secondary,40.0,200
3362,1388374498,6575856520,29.62,secondary,40.0,200
3363,1388374508,5841547809,13.11,secondary,40.0,200
3364,1388374508,630689984,79.17,primary,50.0,300
3365,1389409135,13723183139,4.91,tertiary,30.0,100
3366,1389409135,13723183137,11.66,secondary,40.0,200
3367,1389409135,1389428867,324.35,tertiary,30.0,100
3368,1389409137,7271727274,8.78,secondary,40.0,200
3369,1389409137,7271727274,12.27,secondary,40.0,200
3370,1389428534,2233870975,2306.87,tertiary,30.0,100
3371,1389428534,12390185637,28.63,tertiary,30.0,100
3372,1389428569,7299062696,59.92,tertiary,30.0,100
3373,1389428569,12390185637,577.78,tertiary,30.0,100
3374,1389428790,1389428824,396.57,tertiary,30.0,100
3375,1389428790,1389428820,414.7,tertiary,30.0,100
3376,1389428790,996399848,924.69,tertiary,30.0,100
3377,1389428820,4711099271,314.78,tertiary,30.0,100
3378,1389428820,1389428867,763.14,tertiary,30.0,100
3379,1389428820,1389428790,414.7,tertiary,30.0,100
3380,1389428824,1389428790,396.57,tertiary,30.0,100
3381,1389428824,7271727270,557.61,tertiary,30.0,100
3382,1389428854,12393000612,6.97,tertiary,30.0,100
3383,1389428867,1389428820,763.14,tertiary,30.0,100
3384,1389428867,1389409135,324.35,tertiary,30.0,100
3385,1389428867,12393000612,373.18,tertiary,30.0,100
3386,1389428867,13723217785,347.98,tertiary,30.0,100
3387,1392429436,1936355603,608.16,tertiary,30.0,100
3388,1392429440,865063296,259.67,primary,50.0,300
3389,1392485609,2246472414,102.6,tertiary,30.0,100
3390,1392485609,11603190365,11.24,tertiary,30.0,100
3391,1392485609,1366027983,289.13,tertiary,30.0,100
3392,1392485673,2622177312,6.48,tertiary,30.0,100
3393,1392485673,11396019526,423.88,tertiary,30.0,100
3394,1392485673,619309790,454.94,primary,50.0,300
3395,1392485677,6576712151,9.32,primary_link,40.0,250
3396,1392485677,1392485673,148.85,primary,50.0,300
3397,1398117066,2250795781,54.89,tertiary,30.0,100
3398,1398117066,245665035,121.99,tertiary,30.0,100
3399,1398117085,1398117087,12.42,tertiary,30.0,100
3400,1398117085,8928692503,63.84,primary,50.0,300
3401,1398117085,13807731940,5.93,tertiary,30.0,100
3402,1398117087,1398117085,12.42,tertiary,30.0,100
3403,1398117087,245665650,625.21,primary,50.0,300
3404,1416525707,7345380802,12.99,secondary,40.0,200
3405,1416525707,13649016929,502.57,secondary,40.0,200
3406,1419256931,6572386235,8.77,primary_link,40.0,250
3407,1419256931,6494856674,1237.28,primary,50.0,300
3408,1448146968,4650001241,35.72,primary,50.0,300
3409,1448146968,5761649100,381.57,trunk_link,50.0,350
3410,1448146970,1960732258,48.82,trunk_link,50.0,350
3411,1448146970,2426264772,3784.85,tertiary,30.0,100
3412,1448146974,2178289464,408.26,trunk_link,50.0,350
3413,1448147562,5761649106,64.43,trunk_link,50.0,350
3414,1448147562,1960732258,888.64,trunk,60.0,400
3415,1451795361,6583128782,7.57,tertiary,30.0,100
3416,1451795361,1451814011,674.86,tertiary,30.0,100
3417,1451795361,13719841418,173.01,primary,50.0,300
3418,1451814005,4264598351,120.56,tertiary,30.0,100
3419,1451814011,1451795361,674.86,tertiary,30.0,100
3420,1451814011,1454672572,549.3,tertiary,30.0,100
3421,1451814011,13719012990,45.64,tertiary,30.0,100
3422,1451831897,5470707466,14.64,tertiary,30.0,100
3423,1451831897,6581239903,147.56,primary,50.0,300
3424,1451864897,13719012985,321.08,tertiary,30.0,100
3425,1451864897,4264598354,370.03,tertiary,30.0,100
3426,1454672565,1454672572,100.54,tertiary,30.0,100
3427,1454672572,1451814011,549.3,tertiary,30.0,100
3428,1454672572,12311776131,203.17,tertiary,30.0,100
3429,1454672572,1454673594,388.18,tertiary,30.0,100
3430,1454673594,245668759,87.4,tertiary,30.0,100
3431,1454673995,13719012983,108.8,tertiary,30.0,100
3432,1454673995,1454673998,428.44,tertiary,30.0,100
3433,1454673995,245668490,248.98,tertiary,30.0,100
3434,1454673998,245668759,90.97,tertiary,30.0,100
3435,1454673998,10279730304,76.88,tertiary,30.0,100
3436,1475178057,528785879,18.79,trunk,60.0,400
3437,1480129878,3792949321,38.4,primary,50.0,300
3438,1480129878,1480131114,113.01,trunk_link,50.0,350
3439,1480131114,2249202021,24.79,trunk_link,50.0,350
3440,1481078176,10880461000,11.57,secondary,40.0,200
3441,1481078176,1481080651,333.38,secondary,40.0,200
3442,1481080651,969893684,595.26,tertiary,30.0,100
3443,1481080651,10880537043,62.22,secondary,40.0,200
3444,1490200570,1490200676,22.35,primary,50.0,300
3445,1490200632,6165604807,15.19,primary,50.0,300
3446,1490200676,1490200677,19.0,primary,50.0,300
3447,1490200676,10877430387,151.82,primary,50.0,300
3448,1490200677,10617498617,37.72,secondary,40.0,200
3449,1490200677,1490200632,7.55,primary,50.0,300
3450,1494132036,1633262408,54.22,tertiary,30.0,100
3451,1494132036,2163592463,313.3,tertiary,30.0,100
3452,1511336025,11389889510,10.52,tertiary,30.0,100
3453,1511336025,2249202017,589.7,tertiary,30.0,100
3454,1511336025,2249201946,679.34,tertiary,30.0,100
3455,1511336025,10277277840,301.84,tertiary,30.0,100
3456,1511336027,13470000967,9.91,tertiary,30.0,100
3457,1511336027,11389889510,34.77,tertiary,30.0,100
3458,1511336027,590493555,178.98,trunk_link,50.0,350
3459,1511525618,1180382149,713.69,trunk,60.0,400
3460,1511529014,6602367954,207.37,primary,50.0,300
3461,1511529014,1511525618,535.62,trunk,60.0,400
3462,1511531476,2249268702,50.41,primary,50.0,300
3463,1511531476,1511531477,35.8,tertiary,30.0,100
3464,1511531476,10880324989,91.24,tertiary,30.0,100
3465,1511531477,2249201946,43.08,primary,50.0,300
3466,1511531477,1511531476,35.8,tertiary,30.0,100
3467,1511531477,1646690888,91.75,tertiary,30.0,100
3468,1532750864,10294767394,36.66,tertiary,30.0,100
3469,1532750864,1180378612,117.65,primary,50.0,300
3470,1596008547,5924612057,15.49,secondary,40.0,200
3471,1596008547,1386641229,407.82,primary,50.0,300
3472,1596008552,10260826682,6.41,secondary,40.0,200
3473,1596008552,1388354213,65.62,secondary,40.0,200
3474,1596018871,245678315,322.94,secondary,40.0,200
3475,1596018871,3269084027,156.06,tertiary,30.0,100
3476,1632712308,13720645658,52.13,tertiary,30.0,100
3477,1632712308,2250992843,10.31,tertiary,30.0,100
3478,1632712308,1361576643,286.78,tertiary,30.0,100
3479,1632712320,1361561210,10.96,secondary,40.0,200
3480,1632712320,1361563721,183.8,tertiary,30.0,100
3481,1632712320,1186902567,163.8,secondary,40.0,200
3482,1632712364,7377462936,15.06,tertiary,30.0,100
3483,1633262408,1494132036,43.87,tertiary,30.0,100
3484,1633262408,245661298,211.56,tertiary,30.0,100
3485,1634012685,1634012703,413.26,tertiary,30.0,100
3486,1634012685,13718980978,36.5,tertiary,30.0,100
3487,1634012703,1356240077,467.93,tertiary,30.0,100
3488,1634012703,1634012685,413.26,tertiary,30.0,100
3489,1634012703,1634012752,205.95,tertiary,30.0,100
3490,1634012752,1634012703,205.95,tertiary,30.0,100
3491,1634012752,1634012860,515.26,tertiary,30.0,100
3492,1634012752,1634012860,679.51,tertiary,30.0,100
3493,1634012860,1634012752,679.51,tertiary,30.0,100
3494,1634012860,1634012752,515.26,tertiary,30.0,100
3495,1634012860,1177244711,368.76,tertiary,30.0,100
3496,1634250050,12135264137,412.93,trunk,60.0,400
3497,1634250054,1634250050,34.14,trunk,60.0,400
3498,1634250054,12135264137,443.11,trunk_link,50.0,350
3499,1634250062,1366857124,350.62,trunk,60.0,400
3500,1634250074,245664465,747.14,trunk,60.0,400
3501,1634250074,1366857124,36.96,trunk_link,50.0,350
3502,1640191301,245654041,59.76,primary,50.0,300
3503,1640191301,528743522,131.62,secondary,40.0,200
3504,1640191301,12260986156,36.67,primary,50.0,300
3505,1640273641,623880468,15.54,secondary_link,35.0,150
3506,1640273641,13639180050,207.01,secondary,40.0,200
3507,1640769588,4366037002,13.64,tertiary,30.0,100
3508,1640769588,7108600455,260.0,primary,50.0,300
3509,1640769588,13848112221,559.96,tertiary,30.0,100
3510,1640769609,1644081954,774.55,tertiary,30.0,100
3511,1640769609,13848112232,332.86,tertiary,30.0,100
3512,1640769609,13844361438,873.41,tertiary,30.0,100
3513,1640769756,6133862186,15.23,primary_link,40.0,250
3514,1640769756,6569340936,78.77,secondary,40.0,200
3515,1640852143,2647317724,1596.68,motorway_link,70.0,450
3516,1640972957,7459252380,455.45,primary,50.0,300
3517,1642886278,1180378618,325.02,primary,50.0,300
3518,1642886278,13817629811,49.76,secondary,40.0,200
3519,1642951740,2629741737,46.17,primary,50.0,300
3520,1642951740,1642954393,176.34,trunk,60.0,400
3521,1642951748,2629741737,284.69,primary,50.0,300
3522,1642951748,1642951740,243.14,trunk,60.0,400
3523,1642951800,1642951851,283.03,trunk,60.0,400
3524,1642951800,12836695797,535.76,trunk,60.0,400
3525,1642951818,12836695797,375.56,trunk_link,50.0,350
3526,1642951818,245664866,116.94,trunk,60.0,400
3527,1642951846,1642951818,211.64,trunk,60.0,400
3528,1642951851,1642951893,755.8,trunk,60.0,400
3529,1642951851,1654348854,25.0,trunk_link,50.0,350
3530,1642951881,10279771678,9.42,tertiary,30.0,100
3531,1642951881,9857764833,481.24,tertiary,30.0,100
3532,1642951881,13789930610,80.11,tertiary,30.0,100
3533,1642951891,1642951846,717.61,trunk,60.0,400
3534,1642951891,10207346716,382.07,trunk_link,50.0,350
3535,1642951893,10216570896,634.21,trunk,60.0,400
3536,1642954374,245664779,520.06,primary,50.0,300
3537,1642954374,1642954387,169.37,tertiary,30.0,100
3538,1642954383,1642954387,34.49,primary_link,40.0,250
3539,1642954383,10738867822,352.56,primary,50.0,300
3540,1642954387,1642954383,34.49,primary_link,40.0,250
3541,1642954387,2929595648,19.4,tertiary,30.0,100
3542,1642954393,5841999704,277.24,trunk,60.0,400
3543,1642954393,2929595648,35.15,tertiary,30.0,100
3544,1643007858,245653870,153.31,primary,50.0,300
3545,1643027258,245668490,414.08,tertiary,30.0,100
3546,1643027258,10279742512,195.3,tertiary,30.0,100
3547,1643031073,10279771616,33.9,tertiary,30.0,100
3548,1643031073,4264598329,10.12,tertiary,30.0,100
3549,1643031078,4264598335,10.93,tertiary,30.0,100
3550,1643031078,1643035301,196.01,tertiary,30.0,100
3551,1643035294,10653480115,14.71,tertiary,30.0,100
3552,1643035294,10279771620,169.53,tertiary,30.0,100
3553,1643035296,1643035301,180.02,tertiary,30.0,100
3554,1643035296,8703487829,45.57,tertiary,30.0,100
3555,1643035300,10281959313,8.45,tertiary,30.0,100
3556,1643035300,245668490,507.54,tertiary,30.0,100
3557,1643035301,4264598331,8.9,tertiary,30.0,100
3558,1643035301,1643035296,180.02,tertiary,30.0,100
3559,1643035301,10653480113,108.84,tertiary,30.0,100
3560,1643093983,1643105899,48.97,secondary_link,35.0,150
3561,1643093983,1034965625,154.42,primary_link,40.0,250
3562,1643093983,245654615,70.71,primary_link,40.0,250
3563,1643093987,1643093983,27.15,secondary_link,35.0,150
3564,1643093987,10877637591,600.76,primary,50.0,300
3565,1643105813,10845362178,18.35,primary,50.0,300
3566,1643105813,245654186,225.39,primary,50.0,300
3567,1643105814,1640191301,130.46,secondary,40.0,200
3568,1643105814,4046420989,200.93,primary,50.0,300
3569,1643105819,1643105814,133.14,secondary,40.0,200
3570,1643105824,486024085,13.81,secondary,40.0,200
3571,1643105824,5878590691,1059.2,secondary,40.0,200
3572,1643105843,474706650,73.58,secondary,40.0,200
3573,1643105844,245654186,8.6,secondary,40.0,200
3574,1643105844,10845362178,239.28,primary,50.0,300
3575,1643105879,1643105844,430.21,primary,50.0,300
3576,1643105886,245654386,11.17,primary,50.0,300
3577,1643105886,1643105879,71.8,primary,50.0,300
3578,1643105899,355843002,175.0,secondary,40.0,200
3579,1643134423,2258304514,601.31,trunk,60.0,400
3580,1643134423,631473301,97.54,trunk,60.0,400
3581,1643134428,1179314445,334.35,trunk,60.0,400
3582,1643134459,10882965948,119.11,secondary,40.0,200
3583,1643134506,5346805349,143.69,primary,50.0,300
3584,1643134506,5346805345,120.47,secondary,40.0,200
3585,1643160144,485966127,40.69,secondary,40.0,200
3586,1643160144,11468832332,75.03,secondary,40.0,200
3587,1643160180,628655131,376.01,primary,50.0,300
3588,1643210452,9911678744,784.29,secondary,40.0,200
3589,1643210453,1643210456,10.3,tertiary,30.0,100
3590,1643210453,461490081,91.2,tertiary,30.0,100
3591,1643210456,489593886,194.15,tertiary,30.0,100
3592,1643210476,1643210452,63.55,secondary,40.0,200
3593,1643210476,1643210479,56.04,secondary,40.0,200
3594,1643210478,245654509,131.33,secondary,40.0,200
3595,1643210479,489586507,15.54,secondary,40.0,200
3596,1643210479,1643210452,65.4,secondary,40.0,200
3597,1643210481,10282070005,17.2,secondary,40.0,200
3598,1643210481,1643160144,10.06,secondary,40.0,200
3599,1643210495,1643210478,55.4,secondary,40.0,200
3600,1643210495,10282070004,36.93,secondary,40.0,200
3601,1643210496,1643210495,19.68,secondary,40.0,200
3602,1643210496,10282070005,59.77,secondary,40.0,200
3603,1643210501,356168287,182.36,secondary,40.0,200
3604,1643210508,1643210511,8.09,tertiary,30.0,100
3605,1643210508,6215526121,205.67,secondary,40.0,200
3606,1643210511,1643210517,163.14,secondary,40.0,200
3607,1643210511,356168263,148.04,tertiary,30.0,100
3608,1643210517,1643210518,37.29,tertiary,30.0,100
3609,1643210517,245654715,12.06,secondary,40.0,200
3610,1643210518,245654907,412.01,tertiary,30.0,100
3611,1643263967,13056058622,716.87,tertiary,30.0,100
3612,1643263967,13584156081,16.79,tertiary,30.0,100
3613,1643264091,13676889455,28.98,secondary,40.0,200
3614,1643264091,13676889456,6.57,secondary_link,35.0,150
3615,1643264250,2629741740,16.94,secondary,40.0,200
3616,1643264250,1643351766,326.58,trunk,60.0,400
3617,1643264260,9311818811,154.34,secondary,40.0,200
3618,1643264325,1643351828,408.07,secondary,40.0,200
3619,1643264325,9311818800,25.15,secondary,40.0,200
3620,1643264330,245665637,255.05,tertiary,30.0,100
3621,1643264330,10886219517,23.53,secondary,40.0,200
3622,1643264361,1366857555,218.54,secondary,40.0,200
3623,1643264361,10306082438,33.44,secondary,40.0,200
3624,1643351712,5624422777,24.44,trunk_link,50.0,350
3625,1643351712,5624422776,34.52,tertiary,30.0,100
3626,1643351719,1643351712,33.11,trunk_link,50.0,350
3627,1643351719,5624422776,26.98,tertiary,30.0,100
3628,1643351766,2629741747,16.87,tertiary,30.0,100
3629,1643351766,5838250417,215.42,trunk,60.0,400
3630,1643351828,9311818795,7.8,tertiary,30.0,100
3631,1643351828,9311818812,233.22,secondary,40.0,200
3632,1643351830,4357273820,75.79,secondary,40.0,200
3633,1643351830,9311818795,250.57,tertiary,30.0,100
3634,1643351843,10207397918,12.27,tertiary,30.0,100
3635,1643351843,1367092952,159.21,secondary,40.0,200
3636,1643351856,1651421959,91.08,secondary,40.0,200
3637,1643351856,9857764833,368.07,tertiary,30.0,100
3638,1643351868,1643351870,59.9,tertiary,30.0,100
3639,1643351868,1232644512,131.67,tertiary,30.0,100
3640,1643351868,9857764833,515.21,tertiary,30.0,100
3641,1643351870,1643351868,59.9,tertiary,30.0,100
3642,1643351870,13055928897,227.41,tertiary,30.0,100
3643,1643351870,1367093183,224.24,tertiary,30.0,100
3644,1643413863,1855304294,56.61,secondary,40.0,200
3645,1643413863,6017562394,7.57,tertiary,30.0,100
3646,1643413863,1855304296,454.71,tertiary,30.0,100
3647,1643413867,13800665276,18.41,tertiary,30.0,100
3648,1643413867,13800665274,88.87,tertiary,30.0,100
3649,1643413903,13800542662,376.03,tertiary,30.0,100
3650,1643413903,13800665276,774.06,tertiary,30.0,100
3651,1643413909,13800542660,3.85,secondary,40.0,200
3652,1643413937,13833629153,5.65,secondary,40.0,200
3653,1643413951,7280128605,700.24,tertiary,30.0,100
3654,1643413951,8450022981,24.05,tertiary,30.0,100
3655,1643413992,7280128605,12.12,tertiary,30.0,100
3656,1643413992,13830680342,224.8,tertiary,30.0,100
3657,1644081954,1644081956,301.49,tertiary,30.0,100
3658,1644081954,1640769609,774.55,tertiary,30.0,100
3659,1644081954,13844361439,371.43,tertiary,30.0,100
3660,1644081956,1644081954,301.49,tertiary,30.0,100
3661,1644081956,667392418,11.3,tertiary,30.0,100
3662,1644082010,6574486283,12.52,tertiary,30.0,100
3663,1644082010,1644082014,714.66,tertiary,30.0,100
3664,1644082010,1388374508,457.73,primary,50.0,300
3665,1644082014,1644082010,714.66,tertiary,30.0,100
3666,1644082014,13569059851,41.14,tertiary,30.0,100
3667,1644082017,13569059851,13.64,secondary,40.0,200
3668,1644082017,6575856520,739.6,secondary,40.0,200
3669,1644082017,1644082014,35.88,tertiary,30.0,100
3670,1644082876,2440210928,14.79,tertiary,30.0,100
3671,1644082876,1960732259,858.61,trunk,60.0,400
3672,1644082897,1644082906,287.63,tertiary,30.0,100
3673,1644082897,10299243220,143.49,tertiary,30.0,100
3674,1644082897,1644085160,625.68,tertiary,30.0,100
3675,1644082906,1644085208,387.48,tertiary,30.0,100
3676,1644082906,1644082897,287.63,tertiary,30.0,100
3677,1644082906,4233563027,410.72,tertiary,30.0,100
3678,1644085160,1644082897,625.68,tertiary,30.0,100
3679,1644085160,2440210928,495.17,tertiary,30.0,100
3680,1644085160,1644085190,85.23,tertiary,30.0,100
3681,1644085190,13577420329,62.17,tertiary,30.0,100
3682,1644085190,1644085160,85.23,tertiary,30.0,100
3683,1644085208,1644082906,387.48,tertiary,30.0,100
3684,1644085208,13577420332,82.91,tertiary,30.0,100
3685,1644086510,623889400,330.31,tertiary,30.0,100
3686,1644086510,13717877799,54.65,tertiary,30.0,100
3687,1644086510,13717893201,57.34,tertiary,30.0,100
3688,1644086514,623889400,113.81,tertiary,30.0,100
3689,1644086520,1644086514,143.28,tertiary,30.0,100
3690,1644086520,10878020699,120.55,tertiary,30.0,100
3691,1644089890,13848112229,438.99,tertiary,30.0,100
3692,1644089893,11920002783,79.7,tertiary,30.0,100
3693,1644089893,2264152105,34.15,trunk_link,50.0,350
3694,1644089902,13848112228,32.19,tertiary,30.0,100
3695,1644089902,5848131210,166.23,tertiary,30.0,100
3696,1644089912,1644089928,1297.23,tertiary,30.0,100
3697,1644089912,1644089928,790.8,tertiary,30.0,100
3698,1644089912,245671650,731.37,tertiary,30.0,100
3699,1644089928,1644089912,790.8,tertiary,30.0,100
3700,1644089928,1644089912,1297.23,tertiary,30.0,100
3701,1644089928,2426264772,220.41,tertiary,30.0,100
3702,1645876418,13584470505,495.6,primary,50.0,300
3703,1645876420,471941460,1328.29,primary,50.0,300
3704,1645876420,5354533140,165.25,primary,50.0,300
3705,1645876426,245660634,15.13,secondary,40.0,200
3706,1645876426,6429005901,76.71,primary,50.0,300
3707,1645876427,13565885391,6.09,primary,50.0,300
3708,1645876429,1645876432,11.63,primary,50.0,300
3709,1645876429,10877430387,122.89,primary,50.0,300
3710,1645876432,1645876427,13.52,primary,50.0,300
3711,1645876432,1365570226,385.87,primary,50.0,300
3712,1645876435,10877430387,20.18,primary_link,40.0,250
3713,1645876435,1645876427,121.58,primary,50.0,300
3714,1645876454,6165604817,134.56,primary,50.0,300
3715,1645876460,1365570226,40.98,primary,50.0,300
3716,1645876460,1645876435,321.45,primary,50.0,300
3717,1645886293,245661185,55.43,primary,50.0,300
3718,1645886337,5122630382,169.6,primary,50.0,300
3719,1645886337,1645886293,35.34,primary,50.0,300
3720,1645886338,1645886348,61.65,primary,50.0,300
3721,1645886344,1645886337,55.37,primary,50.0,300
3722,1645886348,1645886344,38.83,primary,50.0,300
3723,1645886348,6165604812,449.54,primary,50.0,300
3724,1645931715,13947325077,25.07,tertiary,30.0,100
3725,1645931715,13390248496,8.66,tertiary,30.0,100
3726,1645931721,1879817385,14.81,tertiary,30.0,100
3727,1645931721,10310498024,316.26,primary,50.0,300
3728,1645992814,13602548092,9.79,primary,50.0,300
3729,1646070500,7655321779,228.82,motorway_link,70.0,450
3730,1646070631,7655321774,440.69,motorway_link,70.0,450
3731,1646685591,10927904436,6.45,tertiary,30.0,100
3732,1646685591,1172443519,71.44,tertiary,30.0,100
3733,1646685599,6204119850,19.12,tertiary,30.0,100
3734,1646685599,13572591174,492.13,primary,50.0,300
3735,1646685599,13649360792,139.77,tertiary,30.0,100
3736,1646685601,7345380794,12.82,tertiary,30.0,100
3737,1646685601,13652254282,188.52,secondary,40.0,200
3738,1646690888,13454773067,32.45,tertiary,30.0,100
3739,1646690888,1511531477,91.75,tertiary,30.0,100
3740,1646690901,1647556137,790.59,tertiary,30.0,100
3741,1646690901,245682725,283.85,tertiary,30.0,100
3742,1646690901,1646690902,55.34,tertiary,30.0,100
3743,1646690902,10879569089,785.58,tertiary,30.0,100
3744,1646690902,10879569091,175.95,tertiary,30.0,100
3745,1646690902,1646690901,55.34,tertiary,30.0,100
3746,1646690902,2250757251,778.14,tertiary,30.0,100
3747,1646690963,10277277846,11.53,secondary,40.0,200
3748,1646690963,7331456320,309.15,secondary,40.0,200
3749,1646690973,2250676354,15.72,trunk_link,50.0,350
3750,1646690973,2249201995,333.89,trunk_link,50.0,350
3751,1646690976,7331439021,17.78,tertiary,30.0,100
3752,1646690976,3791183342,315.23,primary,50.0,300
3753,1646703206,12357451228,235.18,tertiary,30.0,100
3754,1646703206,13452488221,257.96,tertiary,30.0,100
3755,1646703693,13470000967,536.88,tertiary,30.0,100
3756,1646746610,621284900,92.36,primary,50.0,300
3757,1646746621,12320173512,94.33,tertiary,30.0,100
3758,1646746621,10879528609,12.57,tertiary,30.0,100
3759,1646746621,10879528613,775.32,tertiary,30.0,100
3760,1646746657,2629436075,9.43,primary_link,40.0,250
3761,1646746657,13856311302,60.42,primary,50.0,300
3762,1646827550,1936294786,39.83,secondary,40.0,200
3763,1646827550,1646827559,513.74,tertiary,30.0,100
3764,1646827559,10277591779,11.0,tertiary,30.0,100
3765,1646827559,1646827550,513.74,tertiary,30.0,100
3766,1646827559,4697188966,177.25,secondary,40.0,200
3767,1646854024,13819263242,9.09,tertiary,30.0,100
3768,1646854024,13819263252,154.37,secondary,40.0,200
3769,1646854031,13648994720,237.33,tertiary,30.0,100
3770,1646854031,13778926636,92.23,tertiary,30.0,100
3771,1647015495,13895559637,32.28,tertiary,30.0,100
3772,1647015495,12096487900,8.54,tertiary,30.0,100
3773,1647015495,5969985436,440.24,tertiary,30.0,100
3774,1647015589,5969985436,8.34,tertiary,30.0,100
3775,1647015589,13899209071,83.39,secondary,40.0,200
3776,1647015728,6259262379,8.56,tertiary,30.0,100
3777,1647015728,13895559624,3.05,tertiary,30.0,100
3778,1647015812,5969985427,10.35,tertiary,30.0,100
3779,1647015812,13363196616,459.72,secondary,40.0,200
3780,1647016078,10275948052,881.18,tertiary,30.0,100
3781,1647016078,5984944615,185.56,tertiary,30.0,100
3782,1647016238,6786447363,35.69,tertiary,30.0,100
3783,1647016238,6786447367,11.98,primary,50.0,300
3784,1647016346,10279523306,120.75,tertiary,30.0,100
3785,1647016346,1647048997,1043.19,tertiary,30.0,100
3786,1647016599,340363238,105.74,tertiary,30.0,100
3787,1647016599,340363223,372.97,tertiary,30.0,100
3788,1647016599,11061279701,30.21,tertiary,30.0,100
3789,1647016706,7736314995,25.92,tertiary,30.0,100
3790,1647016706,13262290340,1062.98,tertiary,30.0,100
3791,1647016706,11760802867,237.85,tertiary,30.0,100
3792,1647016706,12088824444,594.92,tertiary,30.0,100
3793,1647016714,9936124555,11.67,secondary,40.0,200
3794,1647016714,1647048944,529.11,secondary,40.0,200
3795,1647016714,6607668202,396.37,tertiary,30.0,100
3796,1647017113,6017562399,406.68,tertiary,30.0,100
3797,1647017113,443799807,492.36,tertiary,30.0,100
3798,1647017113,1960733120,889.57,tertiary,30.0,100
3799,1647048944,630709844,373.13,secondary,40.0,200
3800,1647048944,1647016714,529.11,secondary,40.0,200
3801,1647048944,340363238,338.69,tertiary,30.0,100
3802,1647048997,9587618666,9.61,tertiary,30.0,100
3803,1647048997,10247313346,418.61,tertiary,30.0,100
3804,1647048997,1647016346,1043.19,tertiary,30.0,100
3805,1647049255,9925315011,148.28,secondary,40.0,200
3806,1647049255,9925314985,19.14,secondary,40.0,200
3807,1647163158,13710546719,22.56,primary,50.0,300
3808,1647163158,1366097095,19.25,secondary,40.0,200
3809,1647163158,1366097133,54.57,secondary,40.0,200
3810,1647285790,2439359832,195.74,trunk,60.0,400
3811,1647344919,245664695,224.92,motorway_link,70.0,450
3812,1647344926,10134735413,6.36,primary,50.0,300
3813,1647344926,1647344919,47.85,primary_link,40.0,250
3814,1647344937,1647344945,42.45,primary,50.0,300
3815,1647344937,1647344919,41.01,motorway_link,70.0,450
3816,1647344940,1647344937,16.48,motorway_link,70.0,450
3817,1647344940,10134735416,34.13,primary,50.0,300
3818,1647344945,10281883195,10.67,motorway_link,70.0,450
3819,1647556137,13584203894,7.77,tertiary,30.0,100
3820,1647556137,1646690901,790.59,tertiary,30.0,100
3821,1647556137,13584203881,226.7,secondary,40.0,200
3822,1647747115,13947008808,64.5,primary,50.0,300
3823,1647747116,7416644622,53.6,primary,50.0,300
3824,1647747116,1647747115,76.08,primary_link,40.0,250
3825,1647747137,245664057,9.02,primary,50.0,300
3826,1647747137,13947318602,171.61,primary,50.0,300
3827,1647747259,1647344926,137.25,primary,50.0,300
3828,1647747270,296857847,25.45,primary,50.0,300
3829,1647747270,1647747278,31.54,primary,50.0,300
3830,1647747278,2250795768,91.39,primary,50.0,300
3831,1648168311,2249268494,38.27,tertiary,30.0,100
3832,1648168311,349131639,246.14,secondary,40.0,200
3833,1648168316,9697896120,195.94,secondary,40.0,200
3834,1648168316,349131639,448.53,trunk,60.0,400
3835,1648234765,1728805935,526.48,tertiary,30.0,100
3836,1648234765,1960732421,125.93,tertiary,30.0,100
3837,1648234765,1078664517,245.74,tertiary,30.0,100
3838,1648244726,13754208739,68.26,tertiary,30.0,100
3839,1648244726,12377733465,257.04,tertiary,30.0,100
3840,1650164518,13876297917,7.49,tertiary,30.0,100
3841,1650291685,1177162897,317.44,tertiary,30.0,100
3842,1650345897,245659720,371.25,tertiary,30.0,100
3843,1650345897,6165302166,321.17,tertiary,30.0,100
3844,1650345897,444753540,662.51,tertiary,30.0,100
3845,1650382577,2299255976,287.45,primary,50.0,300
3846,1650385405,245660650,80.79,primary_link,40.0,250
3847,1650385405,2446353351,230.52,primary,50.0,300
3848,1650385414,11023548634,232.32,primary,50.0,300
3849,1650385414,13545135282,16.91,primary,50.0,300
3850,1650385417,7394094907,160.0,tertiary,30.0,100
3851,1650385417,13545135281,12.5,tertiary,30.0,100
3852,1650399569,457089682,84.87,tertiary,30.0,100
3853,1650399569,4632210526,485.14,tertiary,30.0,100
3854,1650399569,6174486136,145.66,tertiary,30.0,100
3855,1650406080,13744397693,37.71,tertiary,30.0,100
3856,1650406080,13744397693,28.59,tertiary,30.0,100
3857,1650406080,9449324904,638.44,tertiary,30.0,100
3858,1650694511,245661730,147.51,trunk,60.0,400
3859,1650694545,245662037,277.02,trunk,60.0,400
3860,1650694545,1650694511,67.08,trunk,60.0,400
3861,1650707622,245659173,15.74,tertiary,30.0,100
3862,1650707622,11925224718,66.79,tertiary,30.0,100
3863,1650716617,245660722,867.08,secondary,40.0,200
3864,1650716617,10277700932,37.97,secondary,40.0,200
3865,1650738244,2258304482,56.69,trunk,60.0,400
3866,1650738244,13686865201,863.7,tertiary,30.0,100
3867,1650753935,1650753960,59.88,tertiary,30.0,100
3868,1650753960,13658722674,57.17,tertiary,30.0,100
3869,1650753960,13658722670,57.57,tertiary,30.0,100
3870,1650753970,13658722681,8.31,trunk,60.0,400
3871,1650753970,13658722674,30.14,tertiary,30.0,100
3872,1650770679,13658722673,88.92,tertiary,30.0,100
3873,1650770679,245661298,20.12,tertiary,30.0,100
3874,1650770681,1650770679,44.32,tertiary,30.0,100
3875,1651338387,7311314097,28.25,tertiary,30.0,100
3876,1651338387,7279521030,447.53,tertiary,30.0,100
3877,1651338402,12364141372,267.07,tertiary,30.0,100
3878,1651338402,11954241771,188.03,tertiary,30.0,100
3879,1651338402,7463765661,575.76,tertiary,30.0,100
3880,1651338410,8844296109,527.28,tertiary,30.0,100
3881,1651338410,7279521031,25.63,tertiary,30.0,100
3882,1651338413,9653113126,538.55,tertiary,30.0,100
3883,1651338413,12364141370,11.31,tertiary,30.0,100
3884,1651338416,12364141370,25.75,tertiary,30.0,100
3885,1651338416,632349388,809.23,tertiary,30.0,100
3886,1651338485,9653113125,172.28,tertiary,30.0,100
3887,1651338485,7371054130,284.47,tertiary,30.0,100
3888,1651338487,10279835723,36.57,tertiary,30.0,100
3889,1651338537,7371054124,36.88,tertiary,30.0,100
3890,1651338640,7361391770,21.87,tertiary,30.0,100
3891,1651338640,8844296113,782.06,tertiary,30.0,100
3892,1651338652,1651338660,28.21,tertiary,30.0,100
3893,1651338652,7371054122,419.38,tertiary,30.0,100
3894,1651338660,8318460417,36.18,tertiary,30.0,100
3895,1651338660,1651338652,28.21,tertiary,30.0,100
3896,1651338660,7361391772,1223.41,tertiary,30.0,100
3897,1651338708,5624422777,202.79,tertiary,30.0,100
3898,1651338708,2568065861,10.7,tertiary,30.0,100
3899,1651387817,10207346711,12.67,trunk,60.0,400
3900,1651387817,4362728161,62.49,secondary,40.0,200
3901,1651404914,7362076297,10.22,secondary,40.0,200
3902,1651404914,11064294513,99.79,secondary,40.0,200
3903,1651404914,13677416153,89.66,secondary,40.0,200
3904,1651404922,10886219517,89.61,secondary,40.0,200
3905,1651404922,13789652005,9.77,secondary,40.0,200
3906,1651414478,1232644512,172.47,tertiary_link,25.0,80
3907,1651414478,5865538272,376.5,secondary,40.0,200
3908,1651414481,10061003741,35.81,tertiary_link,25.0,80
3909,1651414481,245665982,172.75,tertiary,30.0,100
3910,1651421959,4264598312,18.61,secondary,40.0,200
3911,1651421959,1651414478,167.79,secondary,40.0,200
3912,1651447381,473084113,9.09,tertiary,30.0,100
3913,1651447381,486003937,142.47,primary,50.0,300
3914,1651522076,1651522081,503.84,tertiary,30.0,100
3915,1651522076,13593483024,7.79,tertiary,30.0,100
3916,1651522081,2244793235,2765.86,secondary,40.0,200
3917,1651522081,2244793235,229.42,secondary,40.0,200
3918,1651522081,1651522076,503.84,tertiary,30.0,100
3919,1651530803,13844086534,1.24,secondary,40.0,200
3920,1651530803,1651530819,197.75,tertiary,30.0,100
3921,1651530815,7357634686,9.64,tertiary,30.0,100
3922,1651530815,1651530819,290.7,tertiary,30.0,100
3923,1651530815,1651530855,515.31,secondary,40.0,200
3924,1651530819,13840173350,523.49,tertiary,30.0,100
3925,1651530819,1651530815,290.7,tertiary,30.0,100
3926,1651530819,1651530803,197.75,tertiary,30.0,100
3927,1651530826,7377619418,9.88,secondary,40.0,200
3928,1651530826,13840173349,377.61,secondary,40.0,200
3929,1651530846,7377619418,367.63,secondary,40.0,200
3930,1651530849,13840173346,6.57,secondary,40.0,200
3931,1651530849,1147531968,912.79,tertiary,30.0,100
3932,1651530855,7357634696,9.04,tertiary,30.0,100
3933,1651530855,564740607,439.66,secondary,40.0,200
3934,1651530855,2244791091,465.41,tertiary,30.0,100
3935,1651530899,1147531764,14.87,tertiary,30.0,100
3936,1651530899,2244791091,284.36,tertiary,30.0,100
3937,1651530899,7377619430,161.72,secondary,40.0,200
3938,1651530910,10277239768,11.07,tertiary,30.0,100
3939,1651530910,10277239772,264.53,tertiary,30.0,100
3940,1651530930,648865107,9.16,tertiary,30.0,100
3941,1651530930,7353844854,339.16,tertiary,30.0,100
3942,1651530930,1651530966,532.47,tertiary,30.0,100
3943,1651530938,1651530940,12.5,primary,50.0,300
3944,1651530938,564738616,20.43,secondary,40.0,200
3945,1651530940,13677035095,11.21,primary,50.0,300
3946,1651530940,11061137673,47.33,tertiary,30.0,100
3947,1651530966,1651530930,532.47,tertiary,30.0,100
3948,1651530966,9958608572,410.58,tertiary,30.0,100
3949,1651530966,7305880333,888.16,tertiary,30.0,100
3950,1651530989,564764420,20.43,tertiary,30.0,100
3951,1651530989,1651530996,374.88,tertiary,30.0,100
3952,1651530989,7374011329,415.55,primary,50.0,300
3953,1651530992,7305880333,13.61,tertiary,30.0,100
3954,1651530992,1651530997,478.98,secondary,40.0,200
3955,1651530992,1651530994,587.46,tertiary,30.0,100
3956,1651530994,1651530998,431.54,tertiary,30.0,100
3957,1651530994,1651530992,587.46,tertiary,30.0,100
3958,1651530994,2242576961,206.84,tertiary,30.0,100
3959,1651530996,2242576961,441.28,tertiary,30.0,100
3960,1651530996,1651530998,207.13,tertiary,30.0,100
3961,1651530996,1651530989,374.88,tertiary,30.0,100
3962,1651530997,13261023788,5.4,secondary,40.0,200
3963,1651530998,1651530994,431.54,tertiary,30.0,100
3964,1651530998,1651530996,207.13,tertiary,30.0,100
3965,1651530998,9130272953,419.99,tertiary,30.0,100
3966,1651530998,9130272936,419.0,tertiary,30.0,100
3967,1651530999,1651530999,1570.72,secondary,40.0,200
3968,1651530999,5421715134,268.09,secondary,40.0,200
3969,1651531001,9130272936,13.52,tertiary,30.0,100
3970,1651531001,9130272941,346.86,secondary,40.0,200
3971,1651531023,2242577574,217.02,tertiary,30.0,100
3972,1651531023,13593483023,41.66,tertiary,30.0,100
3973,1651537105,7374011299,44.32,tertiary,30.0,100
3974,1651537107,11025401147,187.65,tertiary,30.0,100
3975,1651537107,13508776955,9.44,secondary_link,35.0,150
3976,1651537108,13508776955,21.81,secondary,40.0,200
3977,1651537108,1651537107,20.68,tertiary,30.0,100
3978,1651554245,2249163790,91.15,tertiary,30.0,100
3979,1651554245,1651554245,38.34,tertiary,30.0,100
3980,1651800483,13055592479,7.28,tertiary_link,25.0,80
3981,1651800483,1184438147,385.27,tertiary,30.0,100
3982,1651800567,13439601787,455.13,tertiary,30.0,100
3983,1651800567,10277636651,1134.41,tertiary,30.0,100
3984,1651800567,1184498924,459.89,tertiary,30.0,100
3985,1651800604,12432945774,96.47,trunk,60.0,400
3986,1651800604,12432945773,123.57,tertiary,30.0,100
3987,1651800945,3203218272,781.24,secondary,40.0,200
3988,1651800945,1375215407,339.19,tertiary,30.0,100
3989,1651800945,2969409500,273.12,secondary,40.0,200
3990,1651801084,621244019,13.87,secondary,40.0,200
3991,1651801084,3203218272,26.82,secondary,40.0,200
3992,1651801084,3203218272,41.62,secondary_link,35.0,150
3993,1651936218,9784935414,359.3,tertiary,30.0,100
3994,1651936218,1154203404,107.33,trunk_link,50.0,350
3995,1654348796,1654348806,20.68,secondary,40.0,200
3996,1654348796,346619785,330.06,secondary,40.0,200
3997,1654348806,1654348796,20.68,secondary,40.0,200
3998,1654348806,10685130180,19.99,secondary,40.0,200
3999,1654348854,11143613408,9.76,trunk_link,50.0,350
4000,1654348854,245665197,197.45,tertiary,30.0,100
4001,1654348856,9681688994,6.81,tertiary,30.0,100
4002,1654348856,10277700917,149.02,secondary,40.0,200
4003,1654348910,10207397934,15.03,tertiary,30.0,100
4004,1654348910,13508455294,248.24,tertiary,30.0,100
4005,1654348910,13789266313,15.39,secondary,40.0,200
4006,1654363420,12905637200,6.8,tertiary,30.0,100
4007,1654363420,5353822010,474.61,tertiary,30.0,100
4008,1654383155,10116201906,48.34,secondary,40.0,200
4009,1654383155,1366794970,46.37,secondary_link,35.0,150
4010,1654406810,1286566724,40.97,secondary,40.0,200
4011,1654406812,4294951726,539.74,secondary,40.0,200
4012,1654406812,1286566733,38.4,secondary,40.0,200
4013,1665624924,1665625108,762.19,trunk,60.0,400
4014,1665624924,619305731,1523.53,trunk_link,50.0,350
4015,1665625025,5349392408,270.85,trunk,60.0,400
4016,1665625025,1232644427,254.31,trunk,60.0,400
4017,1665625040,1665625025,17.68,trunk,60.0,400
4018,1665625106,2246471784,1133.16,trunk,60.0,400
4019,1665625108,6569087156,45.07,trunk,60.0,400
4020,1665625108,6569087155,84.39,trunk_link,50.0,350
4021,1665625137,10820417303,75.53,trunk_link,50.0,350
4022,1665625137,13737018156,33.52,trunk,60.0,400
4023,1665625168,1665625106,72.64,trunk_link,50.0,350
4024,1665625168,6569087157,59.43,trunk_link,50.0,350
4025,1665625199,13747583632,8.12,trunk_link,50.0,350
4026,1665625258,10282074751,97.86,trunk_link,50.0,350
4027,1665625258,1665625199,50.37,tertiary,30.0,100
4028,1665625285,13747583628,32.18,tertiary,30.0,100
4029,1665625285,4357300487,84.65,tertiary,30.0,100
4030,1665625285,2146269444,82.03,tertiary,30.0,100
4031,1665625322,2246472316,125.69,trunk_link,50.0,350
4032,1665625322,12794348743,614.79,tertiary,30.0,100
4033,1665625327,5843735650,380.01,trunk_link,50.0,350
4034,1665625327,10820417298,410.07,trunk,60.0,400
4035,1665625665,13580405623,9.38,tertiary_link,25.0,80
4036,1665625665,630700081,278.42,tertiary,30.0,100
4037,1665625694,13848987184,1.96,tertiary,30.0,100
4038,1665625694,13580405631,207.25,tertiary,30.0,100
4039,1665625808,1078664527,50.57,secondary,40.0,200
4040,1665625808,1078664527,54.04,secondary,40.0,200
4041,1665625808,13818898153,432.7,secondary,40.0,200
4042,1704905464,245654036,62.91,tertiary,30.0,100
4043,1714209578,10629659785,9.48,primary,50.0,300
4044,1714209584,13580034527,9.89,tertiary,30.0,100
4045,1728805935,1648234765,526.48,tertiary,30.0,100
4046,1728805936,10561765781,25.62,trunk_link,50.0,350
4047,1728805936,1960732364,82.39,trunk,60.0,400
4048,1855281030,2491194123,421.04,tertiary,30.0,100
4049,1855281030,1960735216,561.17,tertiary,30.0,100
4050,1855281030,1960735101,263.59,tertiary,30.0,100
4051,1855295799,1960734956,11.06,secondary_link,35.0,150
4052,1855295799,6616354714,315.76,secondary,40.0,200
4053,1855295828,1960734864,8.34,tertiary_link,25.0,80
4054,1855295828,4791359622,3873.0,tertiary,30.0,100
4055,1855295828,1855295799,290.79,secondary,40.0,200
4056,1855295830,6017562079,46.95,secondary,40.0,200
4057,1855295830,1960734699,14.34,secondary_link,35.0,150
4058,1855304294,6017562399,9.97,tertiary,30.0,100
4059,1855304294,13962037036,589.94,secondary,40.0,200
4060,1855304296,6017562124,340.75,tertiary,30.0,100
4061,1855304296,1643413863,454.71,tertiary,30.0,100
4062,1855304296,13800665276,425.66,tertiary,30.0,100
4063,1855304304,2228292627,44.61,secondary,40.0,200
4064,1855304304,13800665275,404.15,tertiary,30.0,100
4065,1855304305,6017562149,6.38,secondary,40.0,200
4066,1855304305,1643413863,403.1,secondary,40.0,200
4067,1855308653,6017562387,10.71,secondary_link,35.0,150
4068,1855308653,13962037035,80.18,secondary,40.0,200
4069,1861339112,1960732300,61.07,trunk_link,50.0,350
4070,1861339112,5761649106,868.83,tertiary,30.0,100
4071,1861339114,6259250492,4.37,trunk,60.0,400
4072,1861339118,10023271199,274.54,trunk_link,50.0,350
4073,1861440281,13671537580,99.67,primary,50.0,300
4074,1861440281,1861440287,24.33,primary,50.0,300
4075,1861440284,10247313330,1427.23,secondary,40.0,200
4076,1861440284,1960732686,12.03,primary,50.0,300
4077,1861440287,1861440284,11.99,primary,50.0,300
4078,1879817381,1879817385,258.36,primary,50.0,300
4079,1879817382,1645931721,8.91,tertiary,30.0,100
4080,1879817382,10310498025,321.39,tertiary,30.0,100
4081,1879817385,13390248493,6.93,primary,50.0,300
4082,1879817401,245672800,34.49,tertiary,30.0,100
4083,1879817401,1879817381,291.42,tertiary,30.0,100
4084,1879817408,13390248494,237.06,primary,50.0,300
4085,1879817433,1879817401,205.52,tertiary,30.0,100
4086,1879817433,1879817381,504.66,primary,50.0,300
4087,1879817474,6133862185,444.58,tertiary,30.0,100
4088,1879817474,1879817634,703.2,primary,50.0,300
4089,1879817478,1879817489,9.97,tertiary,30.0,100
4090,1879817478,1879817408,513.96,tertiary,30.0,100
4091,1879817478,667395450,280.87,tertiary,30.0,100
4092,1879817489,1879817478,9.97,tertiary,30.0,100
4093,1879817489,1879817408,520.46,primary,50.0,300
4094,1879817490,245673439,14.65,secondary,40.0,200
4095,1879817490,1879817489,272.76,primary,50.0,300
4096,1879817493,1879817433,330.94,primary,50.0,300
4097,1879817504,5848131220,25.55,primary,50.0,300
4098,1879817504,667392429,35.88,primary_link,40.0,250
4099,1879817555,13844361444,9.72,primary,50.0,300
4100,1879817555,13844361431,10.31,tertiary,30.0,100
4101,1879817632,13947326758,577.43,primary,50.0,300
4102,1879817634,9903871431,1205.32,primary,50.0,300
4103,1879817642,6567775294,215.25,primary_link,40.0,250
4104,1879817642,1879817493,737.28,primary,50.0,300
4105,1879817644,1879817651,41.01,primary_link,40.0,250
4106,1879817644,1879817632,742.44,primary_link,40.0,250
4107,1879817651,1879817632,724.58,primary,50.0,300
4108,1879817653,12126383538,24.97,primary_link,40.0,250
4109,1879817653,1880477227,653.04,primary,50.0,300
4110,1879817672,12126383538,488.41,primary_link,40.0,250
4111,1879817672,1879817653,441.51,primary,50.0,300
4112,1879817802,7362994444,271.48,tertiary,30.0,100
4113,1879817802,1879817892,969.28,primary,50.0,300
4114,1879817815,9903871430,5.11,primary,50.0,300
4115,1879817825,7362994444,29.26,primary_link,40.0,250
4116,1879817825,1879817815,275.78,primary,50.0,300
4117,1879817892,1184489481,8.28,secondary,40.0,200
4118,1879817892,1879817893,14.29,secondary,40.0,200
4119,1879817892,1879817894,15.95,primary,50.0,300
4120,1879817893,1879817892,14.29,secondary,40.0,200
4121,1879817893,3893167782,326.17,primary,50.0,300
4122,1879817894,10277636665,624.07,primary,50.0,300
4123,1879817912,10277636665,15.95,secondary,40.0,200
4124,1879817912,1879817893,646.05,primary,50.0,300
4125,1879817913,1879817912,10.79,primary,50.0,300
4126,1879818059,5346644809,41.93,primary,50.0,300
4127,1879818059,2250992787,88.94,tertiary,30.0,100
4128,1880477225,1879817651,668.08,primary,50.0,300
4129,1880477225,3217437361,222.08,primary_link,40.0,250
4130,1880477227,2192596458,209.16,primary,50.0,300
4131,1880477227,2192596458,215.6,primary,50.0,300
4132,1906828922,2250992735,324.82,motorway,80.0,500
4133,1906828925,1913053676,12.31,motorway_link,70.0,450
4134,1906828925,1154203404,1594.72,trunk,60.0,400
4135,1906829003,2250992758,71.32,trunk_link,50.0,350
4136,1906829003,1906828922,1595.49,trunk,60.0,400
4137,1906829046,12432945775,20.54,trunk_link,50.0,350
4138,1906829046,1906829003,758.08,trunk,60.0,400
4139,1913053572,6638816990,10.2,tertiary,30.0,100
4140,1913053572,10274112204,293.57,primary,50.0,300
4141,1913053572,12260849097,190.98,tertiary,30.0,100
4142,1913053586,482297168,21.61,tertiary,30.0,100
4143,1913053586,13055485598,17.21,tertiary,30.0,100
4144,1913053586,482266865,107.33,tertiary,30.0,100
4145,1913053599,10274112167,8.1,tertiary,30.0,100
4146,1913053599,1913053602,172.44,tertiary,30.0,100
4147,1913053602,10636709125,6.21,tertiary,30.0,100
4148,1913053602,245669557,548.22,tertiary,30.0,100
4149,1913053619,1913053666,381.74,tertiary,30.0,100
4150,1913053619,12082858144,112.61,tertiary,30.0,100
4151,1913053624,1913053666,519.7,tertiary,30.0,100
4152,1913053666,469941496,574.56,tertiary,30.0,100
4153,1913053666,1913053624,519.7,tertiary,30.0,100
4154,1913053666,1913053619,381.74,tertiary,30.0,100
4155,1913053666,1913053670,309.46,tertiary,30.0,100
4156,1913053670,10880826045,5.62,secondary,40.0,200
4157,1913053670,1913053666,309.46,tertiary,30.0,100
4158,1913053670,10274112136,332.76,secondary,40.0,200
4159,1913053676,1906828925,12.31,motorway_link,70.0,450
4160,1913053676,1154211731,355.51,tertiary,30.0,100
4161,1916634196,296849525,332.32,tertiary,30.0,100
4162,1916634196,13470449796,36.16,tertiary,30.0,100
4163,1916634220,13857111127,8.0,secondary_link,35.0,150
4164,1916634220,13857111126,64.54,secondary,40.0,200
4165,1916634248,13472872187,285.53,tertiary,30.0,100
4166,1916634248,13472872200,150.68,tertiary,30.0,100
4167,1919644786,10277511242,10.7,tertiary,30.0,100
4168,1919753058,884430002,9.78,tertiary,30.0,100
4169,1919753058,884430034,243.09,primary,50.0,300
4170,1920242277,6598737611,10.66,tertiary,30.0,100
4171,1920242277,469941496,700.07,tertiary,30.0,100
4172,1920242277,10880826048,262.85,secondary,40.0,200
4173,1920242403,7370620008,10.09,primary,50.0,300
4174,1920266039,12311841448,8.11,tertiary,30.0,100
4175,1920266039,13858361519,78.55,tertiary,30.0,100
4176,1920266069,10960929801,9.85,tertiary,30.0,100
4177,1920266074,10961014507,7.38,tertiary,30.0,100
4178,1920266094,10960929802,104.75,tertiary,30.0,100
4179,1920266094,4699029729,10.23,tertiary,30.0,100
4180,1920266094,1194191465,237.59,tertiary,30.0,100
4181,1934768150,864964221,10.92,primary,50.0,300
4182,1934768150,4178790375,55.42,primary,50.0,300
4183,1934768159,10636989239,11.52,primary,50.0,300
4184,1934768165,623217288,49.47,secondary,40.0,200
4185,1934768165,245672811,36.41,primary_link,40.0,250
4186,1934768186,867276793,10.36,secondary,40.0,200
4187,1934768186,1934768200,346.12,secondary,40.0,200
4188,1934768200,7358788703,11.35,secondary,40.0,200
4189,1934768200,4590912466,108.19,tertiary,30.0,100
4190,1934779427,623217288,11.3,primary,50.0,300
4191,1934779427,9969180380,176.91,secondary,40.0,200
4192,1936355361,296362019,9.1,secondary,40.0,200
4193,1936355361,6295206335,32.68,primary,50.0,300
4194,1936355368,296362023,8.27,primary_link,40.0,250
4195,1936355368,13523554733,109.46,primary,50.0,300
4196,1936355375,1936355368,262.3,primary,50.0,300
4197,1936355384,9979171956,8.92,primary,50.0,300
4198,1936355384,357798621,196.27,tertiary,30.0,100
4199,1936355393,471554800,19.47,tertiary,30.0,100
4200,1936355393,1936355384,235.0,primary,50.0,300
4201,1936355394,1936355393,157.51,primary,50.0,300
4202,1936355394,357798629,191.35,tertiary,30.0,100
4203,1936355426,245668175,16.14,tertiary,30.0,100
4204,1936355426,13503275933,350.61,primary,50.0,300
4205,1936355441,245668466,9.33,tertiary,30.0,100
4206,1936355441,10001764598,10.95,primary,50.0,300
4207,1936355446,245668594,12.44,tertiary,30.0,100
4208,1936355446,245668405,597.34,tertiary,30.0,100
4209,1936355446,1936355441,164.49,primary,50.0,300
4210,1936355451,4335012905,9.77,secondary,40.0,200
4211,1936355451,1936355446,163.83,primary,50.0,300
4212,1936355487,9985506415,8.91,primary,50.0,300
4213,1936355487,13525948591,82.87,primary,50.0,300
4214,1936355548,296354499,9.33,secondary,40.0,200
4215,1936355548,6598130894,1113.22,primary,50.0,300
4216,1936355567,3008529668,6.65,secondary,40.0,200
4217,1936355567,1936355548,517.08,primary,50.0,300
4218,1936355577,9771116371,12.34,primary,50.0,300
4219,1936355582,867003219,12.84,tertiary,30.0,100
4220,1936355582,1936355577,657.96,primary,50.0,300
4221,1936355587,1936627968,14.51,primary,50.0,300
4222,1936355587,1392429436,53.35,tertiary,30.0,100
4223,1936355587,1375251723,172.77,primary,50.0,300
4224,1936355603,10273617655,412.31,primary,50.0,300
4225,1936355603,12293379928,9.77,tertiary,30.0,100
4226,1936499559,969803897,8.76,secondary,40.0,200
4227,1936499559,296864887,137.6,secondary,40.0,200
4228,1936499559,1936355603,507.51,primary,50.0,300
4229,1936499564,296853248,9.71,secondary,40.0,200
4230,1936499564,1936499559,363.39,primary,50.0,300
4231,1936499595,621284900,9.53,tertiary,30.0,100
4232,1936499595,6429075943,598.06,primary,50.0,300
4233,1936499595,13437636817,132.38,tertiary,30.0,100
4234,1936499649,12311841439,18.38,tertiary,30.0,100
4235,1936499649,621284872,9.01,tertiary,30.0,100
4236,1936499649,5346620502,269.2,primary,50.0,300
4237,1936499662,621284871,9.06,primary,50.0,300
4238,1936499662,1936499649,222.43,primary,50.0,300
4239,1936499674,621287167,8.84,tertiary,30.0,100
4240,1936499674,10961014512,175.5,tertiary,30.0,100
4241,1936499674,6616635522,144.44,primary,50.0,300
4242,1936499709,7385909174,13.6,primary,50.0,300
4243,1936499715,13870621502,21.8,secondary,40.0,200
4244,1936499715,13856203925,14.24,primary,50.0,300
4245,1936499721,10960996713,5.74,primary,50.0,300
4246,1936499722,1936499721,43.27,primary,50.0,300
4247,1936499722,621287161,8.43,tertiary,30.0,100
4248,1936499726,621287160,8.54,tertiary,30.0,100
4249,1936499726,1169477795,261.09,tertiary,30.0,100
4250,1936499726,12293476237,259.4,primary,50.0,300
4251,1936499738,7394181671,8.45,primary,50.0,300
4252,1936499738,11476100456,6.57,secondary,40.0,200
4253,1936499746,1936499738,132.5,primary,50.0,300
4254,1936499746,1169481164,126.8,tertiary,30.0,100
4255,1936499748,621287605,8.92,tertiary,30.0,100
4256,1936499748,1169474008,335.0,tertiary,30.0,100
4257,1936499748,1936499746,163.09,primary,50.0,300
4258,1936499780,1936499748,788.3,primary,50.0,300
4259,1936499782,619185674,22.28,primary,50.0,300
4260,1936499782,1194136043,36.54,secondary_link,35.0,150
4261,1936499784,619185674,12.17,secondary,40.0,200
4262,1936499784,1936499780,22.93,primary,50.0,300
4263,1936580349,10698653947,8.69,primary_link,40.0,250
4264,1936580349,6429075944,294.69,primary,50.0,300
4265,1936627863,2250992746,39.78,tertiary,30.0,100
4266,1936627863,13754239251,7.34,primary,50.0,300
4267,1936627865,1154214582,14.78,tertiary,30.0,100
4268,1936627865,12698155337,28.68,primary,50.0,300
4269,1936627871,623038359,32.6,tertiary,30.0,100
4270,1936627871,13922390230,164.25,tertiary,30.0,100
4271,1936627903,13758246173,514.26,primary,50.0,300
4272,1936627903,1936627968,135.9,primary,50.0,300
4273,1936627909,1936627976,37.49,primary,50.0,300
4274,1936627909,1936627937,29.32,secondary,40.0,200
4275,1936627911,1920242403,17.28,tertiary,30.0,100
4276,1936627911,9137843243,236.99,primary,50.0,300
4277,1936627937,1936627943,44.67,secondary,40.0,200
4278,1936627942,865054565,10.73,tertiary,30.0,100
4279,1936627942,864940623,346.89,tertiary,30.0,100
4280,1936627942,7371029962,307.35,primary,50.0,300
4281,1936627943,12293414015,26.11,secondary_link,35.0,150
4282,1936627943,13758246173,288.26,secondary,40.0,200
4283,1936627968,1936627976,13.04,primary_link,40.0,250
4284,1936627968,1936355582,334.74,primary,50.0,300
4285,1936627976,245672659,15.25,primary,50.0,300
4286,1936627976,1936627937,29.53,primary_link,40.0,250
4287,1936627981,245672659,22.3,secondary,40.0,200
4288,1936627981,1392429440,54.52,secondary_link,35.0,150
4289,1960732185,2245075637,59.3,tertiary,30.0,100
4290,1960732185,1960732187,172.53,tertiary,30.0,100
4291,1960732185,1366901065,202.13,tertiary,30.0,100
4292,1960732187,1960732185,172.53,tertiary,30.0,100
4293,1960732187,4759328743,25.1,tertiary,30.0,100
4294,1960732198,245672077,103.07,tertiary,30.0,100
4295,1960732198,13390248500,171.73,tertiary,30.0,100
4296,1960732198,10653810932,871.26,tertiary,30.0,100
4297,1960732236,2246473687,210.14,trunk,60.0,400
4298,1960732239,1960732236,167.49,trunk,60.0,400
4299,1960732239,11921265746,73.36,trunk_link,50.0,350
4300,1960732248,1644082876,2205.74,trunk,60.0,400
4301,1960732258,1960732239,3358.62,trunk,60.0,400
4302,1960732259,1448146974,49.92,trunk_link,50.0,350
4303,1960732259,2237116133,885.62,trunk,60.0,400
4304,1960732300,1448147562,744.29,trunk,60.0,400
4305,1960732302,1861339118,59.53,trunk_link,50.0,350
4306,1960732302,1861339114,659.76,trunk,60.0,400
4307,1960732315,7371027858,314.6,trunk_link,50.0,350
4308,1960732315,1960732300,659.57,trunk,60.0,400
4309,1960732352,6259256961,12.8,trunk_link,50.0,350
4310,1960732352,1960732626,1185.21,trunk,60.0,400
4311,1960732364,10921440677,14.29,trunk,60.0,400
4312,1960732364,11939473399,18.08,tertiary,30.0,100
4313,1960732421,7298879766,2.29,secondary,40.0,200
4314,1960732421,1648234765,125.93,tertiary,30.0,100
4315,1960732423,1960732421,9.2,secondary,40.0,200
4316,1960732423,1078664383,249.42,tertiary,30.0,100
4317,1960732441,1960732484,1.37,secondary,40.0,200
4318,1960732484,1960732501,66.31,secondary,40.0,200
4319,1960732484,1078664045,7.74,secondary,40.0,200
4320,1960732501,1078664638,7.58,secondary_link,35.0,150
4321,1960732501,1960732544,47.09,secondary,40.0,200
4322,1960732542,1960732544,7.66,secondary_link,35.0,150
4323,1960732542,1078664638,35.3,secondary,40.0,200
4324,1960732544,13895665253,42.2,secondary,40.0,200
4325,1960732544,1960732542,7.66,secondary_link,35.0,150
4326,1960732549,13757859361,5.67,tertiary,30.0,100
4327,1960732549,10196684383,12.49,tertiary,30.0,100
4328,1960732549,6802893016,104.29,secondary,40.0,200
4329,1960732625,1728805936,990.45,trunk,60.0,400
4330,1960732626,1960733013,788.52,trunk,60.0,400
4331,1960732626,9726750974,194.53,trunk_link,50.0,350
4332,1960732675,1861440281,19.22,primary,50.0,300
4333,1960732684,1960732675,24.9,primary,50.0,300
4334,1960732684,2237026865,265.42,primary,50.0,300
4335,1960732686,1960732684,5.48,primary,50.0,300
4336,1960732748,9726750973,222.07,tertiary,30.0,100
4337,1960732748,13262290336,370.8,primary,50.0,300
4338,1960732957,10279457373,282.38,secondary,40.0,200
4339,1960732957,1960732962,5.59,primary,50.0,300
4340,1960732962,1960732965,3.78,primary,50.0,300
4341,1960732965,13262801029,538.95,primary,50.0,300
4342,1960732965,1960733002,15.11,primary,50.0,300
4343,1960732994,1960732957,13.22,primary,50.0,300
4344,1960733002,414605519,7.52,primary,50.0,300
4345,1960733013,7736314995,233.38,trunk,60.0,400
4346,1960733045,414605518,6.63,tertiary,30.0,100
4347,1960733045,1960732994,128.14,primary,50.0,300
4348,1960733099,13912207608,7.71,primary,50.0,300
4349,1960733120,1647017113,889.57,tertiary,30.0,100
4350,1960733120,1960732686,986.33,secondary,40.0,200
4351,1960733168,10247313328,12.53,secondary,40.0,200
4352,1960733168,443799834,303.24,secondary,40.0,200
4353,1960733213,1960733288,302.21,secondary,40.0,200
4354,1960733213,1960733223,17.3,secondary,40.0,200
4355,1960733214,2493905821,10.8,secondary,40.0,200
4356,1960733223,317914122,206.88,secondary,40.0,200
4357,1960733282,1960733293,13.44,secondary,40.0,200
4358,1960733282,13055930254,38.31,secondary,40.0,200
4359,1960733288,1960733282,6.68,secondary,40.0,200
4360,1960733293,1960733327,4.84,secondary,40.0,200
4361,1960733296,1960733223,307.01,secondary,40.0,200
4362,1960733296,1960733288,6.48,secondary,40.0,200
4363,1960733327,1960733296,17.09,secondary,40.0,200
4364,1960733327,13736820892,70.99,secondary,40.0,200
4365,1960733382,1960733404,81.65,trunk,60.0,400
4366,1960733394,1960733396,13.78,tertiary,30.0,100
4367,1960733394,12992261093,67.75,primary,50.0,300
4368,1960733394,414725067,198.35,tertiary,30.0,100
4369,1960733396,6017562368,93.1,primary,50.0,300
4370,1960733396,1960733394,13.78,tertiary,30.0,100
4371,1960733404,1960734183,1574.94,trunk,60.0,400
4372,1960733404,11939384500,155.59,trunk_link,50.0,350
4373,1960733406,13787873118,6.77,primary,50.0,300
4374,1960733406,13787873116,13.28,secondary,40.0,200
4375,1960733414,9925314979,8.82,secondary,40.0,200
4376,1960733414,6607668198,7.36,secondary_link,35.0,150
4377,1960733463,13788003649,222.5,secondary,40.0,200
4378,1960733534,13788003649,10.09,primary,50.0,300
4379,1960733537,414726599,13.67,primary,50.0,300
4380,1960733537,9925314999,179.55,secondary,40.0,200
4381,1960733568,1960733537,11.88,primary,50.0,300
4382,1960733568,414726607,194.49,primary,50.0,300
4383,1960733664,13787992814,333.06,secondary,40.0,200
4384,1960733664,13800431840,43.81,secondary,40.0,200
4385,1960733730,1960733734,11.85,primary,50.0,300
4386,1960733730,1184122869,227.58,secondary,40.0,200
4387,1960733734,13787992818,13.44,secondary,40.0,200
4388,1960733734,6802445263,154.46,primary,50.0,300
4389,1960733766,13787992818,153.26,primary,50.0,300
4390,1960733842,1184122869,6.71,tertiary,30.0,100
4391,1960733842,1184122880,260.72,tertiary,30.0,100
4392,1960733842,1960733734,229.24,secondary,40.0,200
4393,1960733875,414595050,11.89,tertiary,30.0,100
4394,1960733875,1960733766,274.4,primary,50.0,300
4395,1960733875,414595021,98.9,tertiary,30.0,100
4396,1960734099,7010109339,7.85,primary,50.0,300
4397,1960734182,7736315016,436.14,trunk_link,50.0,350
4398,1960734182,1184046328,1567.15,trunk,60.0,400
4399,1960734183,12793994507,145.11,trunk,60.0,400
4400,1960734187,10279453013,15.24,secondary,40.0,200
4401,1960734187,13787921051,199.02,tertiary,30.0,100
4402,1960734213,6802445275,14.7,primary,50.0,300
4403,1960734213,1960734099,374.02,primary,50.0,300
4404,1960734286,1960734182,314.52,trunk,60.0,400
4405,1960734406,7736315026,603.3,trunk,60.0,400
4406,1960734406,11939157085,395.88,trunk_link,50.0,350
4407,1960734408,4214654632,276.8,trunk,60.0,400
4408,1960734422,1960734449,21.44,trunk_link,50.0,350
4409,1960734422,1960734521,131.31,trunk_link,50.0,350
4410,1960734426,1960734455,18.01,primary,50.0,300
4411,1960734426,1184122840,598.11,tertiary,30.0,100
4412,1960734449,1180435752,31.37,trunk_link,50.0,350
4413,1960734455,11939157087,48.23,trunk,60.0,400
4414,1960734455,1180435752,105.42,trunk_link,50.0,350
4415,1960734457,1960734455,12.2,trunk_link,50.0,350
4416,1960734457,1960734213,382.67,primary,50.0,300
4417,1960734521,12558219497,17.76,trunk,60.0,400
4418,1960734545,1960734575,43.22,trunk,60.0,400
4419,1960734545,5868392396,20.4,secondary,40.0,200
4420,1960734575,9925315038,51.39,trunk,60.0,400
4421,1960734582,13555600532,934.81,secondary,40.0,200
4422,1960734582,1643413909,11.57,secondary,40.0,200
4423,1960734583,13788764069,4.86,tertiary,30.0,100
4424,1960734583,13788764072,224.42,tertiary,30.0,100
4425,1960734610,443526084,11.5,tertiary,30.0,100
4426,1960734610,13800542663,68.76,secondary,40.0,200
4427,1960734638,13551379973,121.47,trunk,60.0,400
4428,1960734699,11925463723,10.83,secondary_link,35.0,150
4429,1960734773,5741272927,32.65,trunk,60.0,400
4430,1960734773,13820354780,40.85,trunk,60.0,400
4431,1960734783,1960734794,12.81,secondary_link,35.0,150
4432,1960734783,12852441402,33.33,secondary,40.0,200
4433,1960734794,1960734783,12.81,secondary_link,35.0,150
4434,1960734794,13827971688,14.12,secondary,40.0,200
4435,1960734807,11939223213,237.42,trunk,60.0,400
4436,1960734822,10232962359,40.09,trunk,60.0,400
4437,1960734822,4214654657,548.57,trunk,60.0,400
4438,1960734864,1855295828,8.34,tertiary_link,25.0,80
4439,1960734864,11925463738,437.19,secondary,40.0,200
4440,1960734881,7375293990,579.56,secondary,40.0,200
4441,1960734881,1643413937,11.99,secondary,40.0,200
4442,1960734956,1855295799,11.06,secondary_link,35.0,150
4443,1960734956,1960734864,281.29,secondary,40.0,200
4444,1960734972,12794003688,9.1,secondary,40.0,200
4445,1960734972,9904682624,36.24,tertiary,30.0,100
4446,1960734983,619143471,11.4,secondary,40.0,200
4447,1960734983,13851715681,26.55,trunk,60.0,400
4448,1960735081,1643413951,23.52,tertiary,30.0,100
4449,1960735101,9203147552,194.34,tertiary,30.0,100
4450,1960735101,1855281030,263.59,tertiary,30.0,100
4451,1960735216,9665373519,26.97,tertiary,30.0,100
4452,1960735216,1855281030,561.17,tertiary,30.0,100
4453,1960735262,2493165202,14.45,tertiary,30.0,100
4454,1960735262,7366008442,16.22,primary,50.0,300
4455,1960735299,7366340622,4.2,secondary,40.0,200
4456,1960735422,13415105368,76.27,primary,50.0,300
4457,1960735422,2489283691,29.32,secondary,40.0,200
4458,1960735424,1960735422,8.76,primary,50.0,300
4459,1960735428,1960735433,27.38,primary_link,40.0,250
4460,1960735428,8441348211,28.39,secondary,40.0,200
4461,1960735433,1960735440,27.32,primary_link,40.0,250
4462,1960735433,8441348211,17.65,tertiary,30.0,100
4463,1960735433,2489283696,374.5,tertiary,30.0,100
4464,1960735438,8336655702,28.0,secondary,40.0,200
4465,1960735438,8336655693,10.78,secondary,40.0,200
4466,1960735440,991256997,145.21,primary,50.0,300
4467,1960735457,1960735438,2.67,secondary,40.0,200
4468,1960735465,7340258732,36.47,secondary,40.0,200
4469,1960735465,1960735457,10.71,secondary,40.0,200
4470,1960735473,7366248550,1235.07,tertiary,30.0,100
4471,1960735487,2489283697,13.93,primary_link,40.0,250
4472,1960735487,12999147227,253.38,primary,50.0,300
4473,1960735517,10279336967,9.38,primary,50.0,300
4474,1960735517,2489283700,19.19,tertiary,30.0,100
4475,1960735545,7358719649,9.9,secondary,40.0,200
4476,1960735545,2491214687,11.96,primary,50.0,300
4477,1960735564,1960735545,215.35,primary,50.0,300
4478,1960735564,2491214681,517.68,primary,50.0,300
4479,1960735567,1960735564,370.39,primary,50.0,300
4480,1960735568,414731201,27.01,secondary,40.0,200
4481,1960735568,1960735567,222.44,primary,50.0,300
4482,1960735576,8796504397,458.17,primary,50.0,300
4483,1960735576,1960735567,703.23,primary,50.0,300
4484,1960735584,5982461355,18.9,primary,50.0,300
4485,1960735584,6016244859,17.4,secondary,40.0,200
4486,1960735610,1645992814,18.2,tertiary,30.0,100
4487,1960735610,1960735584,731.0,primary,50.0,300
4488,1960735677,1960735678,10.16,primary_link,40.0,250
4489,1960735677,12797384557,1644.16,primary,50.0,300
4490,1960735678,1960735677,10.16,primary_link,40.0,250
4491,1960735678,2244894190,862.09,primary,50.0,300
4492,1960735932,4367741846,26.6,primary,50.0,300
4493,1960735935,7324784805,10.16,primary_link,40.0,250
4494,1960735935,12797384559,16.04,primary_link,40.0,250
4495,1960735935,1960736024,238.67,primary,50.0,300
4496,1960735999,13859586518,16.39,primary_link,40.0,250
4497,1960735999,9132477581,1992.26,primary,50.0,300
4498,1960736024,12797377987,9.61,trunk,60.0,400
4499,1960736024,648857360,363.79,trunk,60.0,400
4500,1960736051,12483956813,37.97,primary,50.0,300
4501,1966835463,6165302134,13.33,secondary,40.0,200
4502,1966835463,13802511360,900.71,secondary,40.0,200
4503,1966835463,3732540596,326.54,secondary,40.0,200
4504,1966835473,10277749848,8.86,tertiary,30.0,100
4505,1966835473,13803051042,94.18,tertiary,30.0,100
4506,1966835479,245658378,21.13,tertiary,30.0,100
4507,1966835479,1966835498,502.24,trunk,60.0,400
4508,1966835489,245658309,17.57,tertiary,30.0,100
4509,1966835489,1966835479,264.42,trunk,60.0,400
4510,1966835497,245658185,16.32,tertiary,30.0,100
4511,1966835497,1966835489,130.98,trunk,60.0,400
4512,1966835498,245658557,16.84,secondary,40.0,200
4513,1966835498,5369728233,256.87,trunk,60.0,400
4514,2051567050,2299255967,49.6,tertiary,30.0,100
4515,2051567050,5907269895,387.8,tertiary,30.0,100
4516,2051567054,12992328381,42.08,primary,50.0,300
4517,2051567054,2299255976,29.58,primary,50.0,300
4518,2069691762,10880784908,405.93,tertiary,30.0,100
4519,2069691762,10880766501,134.77,tertiary,30.0,100
4520,2069691762,2130331504,269.01,tertiary,30.0,100
4521,2130331504,10277511240,13.57,tertiary,30.0,100
4522,2130331504,2069691762,269.01,tertiary,30.0,100
4523,2146269444,245667692,557.61,tertiary,30.0,100
4524,2146269444,1665625285,82.03,tertiary,30.0,100
4525,2146269444,2163935132,686.62,tertiary,30.0,100
4526,2146827202,2146838100,59.13,tertiary,30.0,100
4527,2146838100,2146827202,59.13,tertiary,30.0,100
4528,2146838100,2231178576,5260.27,tertiary,30.0,100
4529,2146838100,2231178020,456.24,tertiary,30.0,100
4530,2155937885,245662605,31.01,secondary,40.0,200
4531,2155937885,2258304504,336.96,trunk,60.0,400
4532,2155937886,10722958771,30.74,secondary,40.0,200
4533,2155937886,631493993,191.86,trunk,60.0,400
4534,2163503474,6078180263,25.62,secondary,40.0,200
4535,2163503474,2163503475,11.45,primary,50.0,300
4536,2163503475,245654379,10.49,secondary,40.0,200
4537,2163503475,2163503477,30.74,primary,50.0,300
4538,2163503477,2163539022,57.43,primary,50.0,300
4539,2163503480,1643105886,9.79,primary,50.0,300
4540,2163503480,6078180260,113.14,primary,50.0,300
4541,2163538986,13698318586,16.35,tertiary,30.0,100
4542,2163538986,486050696,30.58,primary,50.0,300
4543,2163538986,13698318584,48.58,tertiary,30.0,100
4544,2163539003,495098003,29.76,primary,50.0,300
4545,2163539003,10598322635,164.08,primary,50.0,300
4546,2163539007,245654172,11.03,tertiary,30.0,100
4547,2163539007,2163539009,87.46,primary,50.0,300
4548,2163539009,2163544983,22.98,primary,50.0,300
4549,2163539009,13700651182,162.07,secondary,40.0,200
4550,2163539013,2163539019,284.34,primary,50.0,300
4551,2163539013,2163544983,43.25,primary,50.0,300
4552,2163539014,2163539013,32.01,primary_link,40.0,250
4553,2163539014,2163544983,52.31,secondary,40.0,200
4554,2163539019,2163539020,8.42,primary,50.0,300
4555,2163539019,10282056984,74.53,primary,50.0,300
4556,2163539020,13579932298,11.72,primary,50.0,300
4557,2163539020,2163539025,102.37,primary,50.0,300
4558,2163539022,2163539024,10.62,primary,50.0,300
4559,2163539024,245654381,9.14,secondary,40.0,200
4560,2163539024,2163539020,99.78,primary,50.0,300
4561,2163539025,6601808735,605.34,primary,50.0,300
4562,2163539025,13700725452,222.65,secondary,40.0,200
4563,2163544983,245654172,98.54,primary,50.0,300
4564,2163544983,2163539013,43.25,primary,50.0,300
4565,2163559556,245654283,18.74,primary,50.0,300
4566,2163559556,2163559569,128.34,secondary,40.0,200
4567,2163559569,489586507,780.02,secondary,40.0,200
4568,2163592436,536726942,42.91,trunk,60.0,400
4569,2163592452,6072268838,31.38,trunk,60.0,400
4570,2163592463,1494132036,313.3,tertiary,30.0,100
4571,2163592463,536726906,78.6,primary,50.0,300
4572,2163935132,4264598325,14.48,tertiary,30.0,100
4573,2163935132,10279771622,411.92,tertiary,30.0,100
4574,2163935132,2146269444,686.62,tertiary,30.0,100
4575,2166873264,245654385,99.81,tertiary,30.0,100
4576,2166873264,12447084183,6.15,primary,50.0,300
4577,2168580990,485977586,17.62,secondary,40.0,200
4578,2168580990,4361337153,194.08,primary,50.0,300
4579,2168581025,7238373729,101.11,secondary,40.0,200
4580,2168581025,2168580990,66.05,primary,50.0,300
4581,2168581047,10886054719,9.17,primary,50.0,300
4582,2168581047,245653923,217.45,secondary,40.0,200
4583,2168581052,4244306274,23.72,tertiary,30.0,100
4584,2168581052,4244306276,8.58,primary,50.0,300
4585,2175129198,2168581025,62.96,primary,50.0,300
4586,2175130238,2175130316,36.45,primary,50.0,300
4587,2175130238,7462923344,26.69,secondary_link,35.0,150
4588,2175130255,13701955563,15.07,primary_link,40.0,250
4589,2175130255,2175130238,152.24,primary,50.0,300
4590,2175130316,6602221633,340.35,primary,50.0,300
4591,2175568308,245654066,69.61,tertiary,30.0,100
4592,2175568308,13701996607,52.64,tertiary,30.0,100
4593,2176144722,2176215934,7.46,primary,50.0,300
4594,2176144722,2176144726,54.71,secondary,40.0,200
4595,2176144726,2258304282,500.52,secondary,40.0,200
4596,2176144735,2176215934,55.28,secondary,40.0,200
4597,2176144735,2176144744,66.54,primary_link,40.0,250
4598,2176144736,1033609140,17.42,tertiary,30.0,100
4599,2176144736,2176144735,315.34,secondary,40.0,200
4600,2176144744,2176144797,432.48,primary,50.0,300
4601,2176144748,13068016153,7.48,primary,50.0,300
4602,2176144788,2176144797,12.12,tertiary,30.0,100
4603,2176144788,2244632810,13.76,primary,50.0,300
4604,2176144797,2176144788,12.12,tertiary,30.0,100
4605,2176144797,245655296,485.11,tertiary,30.0,100
4606,2176144797,2176144830,508.75,primary,50.0,300
4607,2176144830,10885845682,7.69,primary,50.0,300
4608,2176144830,11640005091,99.31,secondary,40.0,200
4609,2176144837,245656245,270.22,primary,50.0,300
4610,2176144837,2715411943,2069.74,motorway_link,70.0,450
4611,2176144839,245656228,33.26,tertiary,30.0,100
4612,2176144839,245656245,13.47,tertiary,30.0,100
4613,2176144839,10885845683,314.61,primary,50.0,300
4614,2176144842,245656633,27.04,primary,50.0,300
4615,2176144842,9868433322,13.73,tertiary,30.0,100
4616,2176215889,355842984,151.74,primary_link,40.0,250
4617,2176215889,2258304284,18.83,secondary,40.0,200
4618,2176215896,2176144722,22.55,primary,50.0,300
4619,2176215896,2176144726,61.04,primary_link,40.0,250
4620,2176215934,2176144748,10.96,secondary,40.0,200
4621,2176215934,2176144744,31.22,primary,50.0,300
4622,2176684445,245653788,9.47,tertiary,30.0,100
4623,2176684445,12088314611,112.26,tertiary,30.0,100
4624,2176684582,9313067504,23.0,tertiary,30.0,100
4625,2176684582,9313067504,334.0,tertiary,30.0,100
4626,2176684582,9313067502,23.29,tertiary,30.0,100
4627,2176684763,9313067503,9.7,tertiary,30.0,100
4628,2176684763,9313040215,12.2,tertiary,30.0,100
4629,2176684837,245653840,12.95,tertiary,30.0,100
4630,2176684837,245653871,176.15,tertiary,30.0,100
4631,2176701305,245653869,9.87,tertiary,30.0,100
4632,2176701319,4050193893,15.81,tertiary,30.0,100
4633,2176701319,12378144235,88.04,tertiary,30.0,100
4634,2176701333,2176701319,73.39,tertiary,30.0,100
4635,2176701333,2176701305,169.37,tertiary,30.0,100
4636,2176726928,4048579846,104.7,secondary,40.0,200
4637,2176726928,245653413,349.83,tertiary,30.0,100
4638,2176742012,245653633,6.03,secondary,40.0,200
4639,2176742012,12350777519,221.94,tertiary,30.0,100
4640,2178056750,2176742012,8.64,tertiary,30.0,100
4641,2178056750,485984666,304.54,secondary,40.0,200
4642,2178289364,4140551636,14.07,tertiary,30.0,100
4643,2178289364,5727308501,283.9,primary,50.0,300
4644,2178289418,2298251493,13.25,primary,50.0,300
4645,2178289418,2298251394,487.9,tertiary,30.0,100
4646,2178289463,9828583078,31.41,trunk_link,50.0,350
4647,2178289463,2178289464,35.71,primary,50.0,300
4648,2178289464,1448146968,14.06,trunk_link,50.0,350
4649,2178289464,7280044352,740.44,primary,50.0,300
4650,2178293601,610244325,466.27,secondary,40.0,200
4651,2178293601,5681647596,14.97,secondary,40.0,200
4652,2178293608,7384691416,14.41,secondary,40.0,200
4653,2178293618,2178293626,11.13,secondary,40.0,200
4654,2178293618,13905111284,169.99,secondary,40.0,200
4655,2178293626,2178293618,11.13,secondary,40.0,200
4656,2178293626,618685378,471.37,tertiary,30.0,100
4657,2178293626,2442519133,50.15,secondary,40.0,200
4658,2178293626,13508229965,404.53,secondary,40.0,200
4659,2192596437,13844361435,577.11,primary,50.0,300
4660,2192596454,1880477225,142.12,primary,50.0,300
4661,2192596454,1880477225,146.09,primary,50.0,300
4662,2192596458,1879817555,345.01,primary,50.0,300
4663,2216091725,245680020,389.93,secondary,40.0,200
4664,2216091725,10880576113,178.35,secondary,40.0,200
4665,2216534449,11925687118,7.41,secondary_link,35.0,150
4666,2216534449,13802289409,103.97,secondary,40.0,200
4667,2216534453,4390304646,19.12,tertiary,30.0,100
4668,2216534555,6197216780,24.0,secondary,40.0,200
4669,2216534555,10277746013,386.56,secondary,40.0,200
4670,2216800747,7379493811,7.03,primary_link,40.0,250
4671,2216800747,245657814,317.16,primary_link,40.0,250
4672,2216800747,11929912785,469.19,primary,50.0,300
4673,2216800803,10281800034,6.84,tertiary,30.0,100
4674,2216800803,5330411163,904.34,tertiary,30.0,100
4675,2221887687,1375170795,410.05,tertiary,30.0,100
4676,2221887687,1375170801,532.03,tertiary,30.0,100
4677,2221887687,1375170792,65.92,tertiary,30.0,100
4678,2222708534,13649360799,6.44,tertiary,30.0,100
4679,2222708534,13649360792,239.14,tertiary,30.0,100
4680,2222708554,13654859208,5.09,tertiary_link,25.0,80
4681,2222708554,13786521452,96.67,tertiary,30.0,100
4682,2222708871,629021717,393.19,secondary,40.0,200
4683,2222709056,13648926262,26.43,secondary,40.0,200
4684,2222709056,629017401,11.15,secondary,40.0,200
4685,2222709254,9697896134,76.73,tertiary,30.0,100
4686,2224023731,1351183145,344.21,tertiary,30.0,100
4687,2224023731,13819263247,121.78,tertiary,30.0,100
4688,2224023731,13819263242,315.63,tertiary,30.0,100
4689,2227587399,13852702698,10.5,trunk,60.0,400
4690,2227587399,2227587469,43.85,tertiary,30.0,100
4691,2227587469,13852702697,11.93,tertiary,30.0,100
4692,2227587469,7366287334,1135.55,tertiary,30.0,100
4693,2227587469,13851727132,114.19,tertiary,30.0,100
4694,2227588045,13765678316,101.12,tertiary,30.0,100
4695,2227588045,7366287339,12.28,tertiary,30.0,100
4696,2227588045,7366008439,431.61,tertiary,30.0,100
4697,2227588329,7366008439,15.86,tertiary,30.0,100
4698,2228291339,2299204467,11.61,tertiary,30.0,100
4699,2228291339,10279470671,426.96,primary,50.0,300
4700,2228291339,11925364172,309.85,tertiary,30.0,100
4701,2228291492,13733782462,23.33,tertiary,30.0,100
4702,2228291492,13744397693,780.42,tertiary,30.0,100
4703,2228291492,11925364172,21.05,tertiary,30.0,100
4704,2228292627,1643413909,657.72,secondary,40.0,200
4705,2230881385,10610724587,10.2,secondary_link,35.0,150
4706,2230881385,13787809091,270.92,secondary,40.0,200
4707,2230881419,2440247158,12.87,tertiary,30.0,100
4708,2230881419,13787809090,858.18,tertiary,30.0,100
4709,2230881419,1960733730,143.39,primary,50.0,300
4710,2230881545,13555600538,13.76,tertiary,30.0,100
4711,2230881545,11925288310,122.96,secondary,40.0,200
4712,2230881603,2230881915,612.9,tertiary,30.0,100
4713,2230881603,13780408164,52.59,tertiary,30.0,100
4714,2230881915,12852430699,225.7,tertiary,30.0,100
4715,2230881915,2230881603,610.71,tertiary,30.0,100
4716,2231178020,2146838100,456.24,tertiary,30.0,100
4717,2231178213,2231178576,1687.3,tertiary,30.0,100
4718,2231178576,2231178213,1687.3,tertiary,30.0,100
4719,2231178576,10880576113,3187.25,tertiary,30.0,100
4720,2231178576,2146838100,5260.27,tertiary,30.0,100
4721,2233650285,13185495402,3.57,secondary,40.0,200
4722,2233650285,7394181663,291.93,tertiary,30.0,100
4723,2233650285,1172443519,819.05,secondary,40.0,200
4724,2233651344,13718317718,17.59,tertiary,30.0,100
4725,2233651344,13718317723,111.34,tertiary,30.0,100
4726,2233651626,13718317702,157.05,tertiary,30.0,100
4727,2233651771,13718980976,157.37,tertiary,30.0,100
4728,2233652193,1201343937,76.23,tertiary,30.0,100
4729,2233652193,9861074902,65.8,tertiary,30.0,100
4730,2233870975,2236679734,1226.36,secondary,40.0,200
4731,2233870975,619193782,1149.47,secondary,40.0,200
4732,2233870975,1389428534,2306.87,tertiary,30.0,100
4733,2233871937,13723183135,6.06,secondary_link,35.0,150
4734,2233871937,2233871965,147.38,secondary,40.0,200
4735,2233871965,7271727250,6.15,secondary_link,35.0,150
4736,2233871965,5938773130,150.2,secondary,40.0,200
4737,2236679363,9901775210,355.93,secondary,40.0,200
4738,2236679363,1184074193,602.57,secondary,40.0,200
4739,2236679734,2233870975,1226.36,secondary,40.0,200
4740,2236679734,9901775210,319.56,secondary,40.0,200
4741,2236679734,630301865,1622.32,secondary,40.0,200
4742,2237026865,13262290337,220.86,primary,50.0,300
4743,2237026865,13262290340,271.51,tertiary,30.0,100
4744,2237116133,1960732302,748.08,trunk,60.0,400
4745,2238597919,6573759453,23.9,trunk,60.0,400
4746,2238597919,245664662,18.77,secondary,40.0,200
4747,2238597924,6573759453,36.42,secondary,40.0,200
4748,2238597924,1643264260,95.48,secondary,40.0,200
4749,2238597924,2238597919,35.44,secondary,40.0,200
4750,2241633911,630678344,113.33,secondary,40.0,200
4751,2241842966,245653961,222.63,tertiary,30.0,100
4752,2241842966,13015483301,22.99,tertiary,30.0,100
4753,2242267356,1078664328,93.99,secondary,40.0,200
4754,2242267356,1078664557,99.05,secondary,40.0,200
4755,2242576961,1651530996,441.28,tertiary,30.0,100
4756,2242576961,3273736683,437.31,tertiary,30.0,100
4757,2242576961,1651530994,206.84,tertiary,30.0,100
4758,2242576961,7374011329,447.27,tertiary,30.0,100
4759,2242577182,969754625,34.37,tertiary,30.0,100
4760,2242577182,13609057635,6.59,tertiary_link,25.0,80
4761,2242577574,1651531023,217.02,tertiary,30.0,100
4762,2242577574,13593409669,16.44,tertiary,30.0,100
4763,2242610558,245673683,160.82,tertiary,30.0,100
4764,2242610558,969803872,252.2,tertiary,30.0,100
4765,2244632754,1643210517,17.55,secondary,40.0,200
4766,2244632754,1643210518,36.4,tertiary,30.0,100
4767,2244632763,2244632787,288.98,tertiary,30.0,100
4768,2244632787,2244632789,34.93,tertiary_link,25.0,80
4769,2244632787,2244632763,288.98,tertiary,30.0,100
4770,2244632787,2244632808,130.52,tertiary,30.0,100
4771,2244632789,2244632787,34.93,tertiary_link,25.0,80
4772,2244632789,2176144748,319.1,primary,50.0,300
4773,2244632808,2244632787,130.52,tertiary,30.0,100
4774,2244632808,2244632843,451.78,tertiary,30.0,100
4775,2244632808,2244632810,32.7,tertiary,30.0,100
4776,2244632810,2244632808,32.7,tertiary,30.0,100
4777,2244632810,2244632789,131.06,primary,50.0,300
4778,2244632843,2244632844,30.94,tertiary,30.0,100
4779,2244632843,2244632808,451.78,tertiary,30.0,100
4780,2244632843,245655959,146.14,tertiary,30.0,100
4781,2244632844,2244632843,30.94,tertiary,30.0,100
4782,2244632844,2176144788,440.18,primary,50.0,300
4783,2244790383,2249163422,143.41,secondary,40.0,200
4784,2244790383,11919771279,427.44,trunk,60.0,400
4785,2244790774,7374437642,10.43,tertiary,30.0,100
4786,2244790774,13844086533,339.49,secondary,40.0,200
4787,2244791091,1651530899,284.36,tertiary,30.0,100
4788,2244791091,1651530855,465.41,tertiary,30.0,100
4789,2244791091,1147531757,290.59,tertiary,30.0,100
4790,2244791352,7374443602,8.83,tertiary,30.0,100
4791,2244791352,564738600,318.79,secondary,40.0,200
4792,2244791352,1147531968,388.76,tertiary,30.0,100
4793,2244792180,12756716797,460.37,secondary,40.0,200
4794,2244792452,13609142495,7.86,tertiary,30.0,100
4795,2244793235,1651522081,229.42,secondary,40.0,200
4796,2244793235,1651522081,2765.86,secondary,40.0,200
4797,2244793235,13434117133,762.29,secondary,40.0,200
4798,2244797443,245666850,245.02,tertiary,30.0,100
4799,2244797443,6583665827,756.2,tertiary,30.0,100
4800,2244797443,5346806116,302.17,tertiary,30.0,100
4801,2244894190,9132477581,10.94,primary_link,40.0,250
4802,2244894190,13859586518,1996.0,primary,50.0,300
4803,2244894228,2249163902,481.73,trunk,60.0,400
4804,2244894228,3797666810,488.36,tertiary,30.0,100
4805,2244961394,10243354692,123.11,tertiary,30.0,100
4806,2244961394,2244961457,434.48,tertiary,30.0,100
4807,2244961457,13719082384,12.29,primary,50.0,300
4808,2244961457,13719082385,13.09,tertiary,30.0,100
4809,2244961457,2244961394,434.48,tertiary,30.0,100
4810,2244961593,1366097133,1634.93,tertiary,30.0,100
4811,2244961593,1366900663,332.22,tertiary,30.0,100
4812,2244962111,13946963969,410.61,tertiary,30.0,100
4813,2244962111,3736964761,74.37,tertiary,30.0,100
4814,2244962171,10908118289,10.4,tertiary_link,25.0,80
4815,2244962171,1366900900,39.51,tertiary,30.0,100
4816,2244962270,1366901048,277.7,tertiary,30.0,100
4817,2244962270,1366901065,177.87,tertiary,30.0,100
4818,2244962270,1366901129,118.16,tertiary,30.0,100
4819,2244962347,3708879297,236.66,primary,50.0,300
4820,2244962391,7388408794,309.07,tertiary,30.0,100
4821,2244962391,3708879285,285.18,tertiary,30.0,100
4822,2245075637,1960732185,59.3,tertiary,30.0,100
4823,2245075637,4759328741,187.39,tertiary,30.0,100
4824,2245075637,2622177385,418.01,tertiary,30.0,100
4825,2245093304,8592017232,11.62,secondary_link,35.0,150
4826,2245093304,13766349502,542.36,secondary,40.0,200
4827,2245095080,8512889150,1460.01,tertiary,30.0,100
4828,2245095080,13610790389,69.32,tertiary,30.0,100
4829,2246157800,3213739255,507.45,tertiary,30.0,100
4830,2246157800,2176144736,160.45,secondary,40.0,200
4831,2246471647,1654348910,107.42,secondary,40.0,200
4832,2246471647,10207397924,14.17,tertiary,30.0,100
4833,2246471784,10824774388,40.92,trunk,60.0,400
4834,2246471784,6583578109,23.85,trunk_link,50.0,350
4835,2246471784,3212163820,960.84,motorway,80.0,500
4836,2246471991,6576059828,34.09,tertiary,30.0,100
4837,2246472307,10207331621,9.64,tertiary,30.0,100
4838,2246472307,7383907141,175.68,tertiary,30.0,100
4839,2246472316,619305731,348.84,trunk,60.0,400
4840,2246472380,12560606618,11.0,tertiary,30.0,100
4841,2246472380,1643035294,95.47,tertiary,30.0,100
4842,2246472380,4357300487,323.23,tertiary,30.0,100
4843,2246472414,2246472463,94.66,tertiary,30.0,100
4844,2246472414,10207331617,10.33,tertiary_link,25.0,80
4845,2246472463,13725384759,11.26,tertiary_link,25.0,80
4846,2246472463,245668306,512.0,tertiary,30.0,100
4847,2246472695,2264152068,187.64,trunk,60.0,400
4848,2246472695,6583122230,14.48,tertiary,30.0,100
4849,2246473687,2426264772,15.79,tertiary,30.0,100
4850,2246473687,12378228210,973.85,trunk,60.0,400
4851,2246661809,11419951308,290.62,secondary,40.0,200
4852,2246661809,13881175045,284.25,secondary,40.0,200
4853,2246662462,245671926,18.42,tertiary,30.0,100
4854,2246662462,10653810932,198.59,tertiary,30.0,100
4855,2246850880,3890222362,10.0,tertiary,30.0,100
4856,2246850880,5518220731,418.02,tertiary,30.0,100
4857,2246850880,5727570452,157.03,tertiary,30.0,100
4858,2246850897,7728028038,158.97,motorway_link,70.0,450
4859,2246850997,2246851094,377.3,tertiary,30.0,100
4860,2246850997,9891097277,33.33,tertiary,30.0,100
4861,2246851004,2913877844,499.19,tertiary,30.0,100
4862,2246851004,5968988237,309.24,tertiary,30.0,100
4863,2246851069,2246851094,487.42,tertiary,30.0,100
4864,2246851094,2246850997,377.3,tertiary,30.0,100
4865,2246851094,2246851069,487.42,tertiary,30.0,100
4866,2246851094,2246851210,272.2,tertiary,30.0,100
4867,2246851210,2913869240,10.58,tertiary,30.0,100
4868,2246851210,2913877841,417.86,secondary,40.0,200
4869,2246851210,2246851094,272.2,tertiary,30.0,100
4870,2247988700,6576032315,12.49,secondary_link,35.0,150
4871,2247988700,13980306849,66.78,secondary,40.0,200
4872,2247988788,3405371511,12.49,secondary,40.0,200
4873,2247988788,6571887195,287.84,secondary,40.0,200
4874,2247989176,13528689952,6.68,tertiary_link,25.0,80
4875,2247989176,7206407305,55.93,tertiary,30.0,100
4876,2248464985,6117660551,540.49,tertiary,30.0,100
4877,2248465012,5928768104,2845.01,trunk,60.0,400
4878,2248482698,7324602775,248.52,trunk,60.0,400
4879,2248482698,648857360,252.19,trunk,60.0,400
4880,2248781882,6243685417,13.85,tertiary,30.0,100
4881,2248781882,4328161648,665.09,tertiary,30.0,100
4882,2248781882,10171361141,34.79,tertiary,30.0,100
4883,2248782010,648865016,938.82,tertiary,30.0,100
4884,2248782010,2249163976,50.83,tertiary,30.0,100
4885,2248782010,13397634730,55.51,tertiary_link,25.0,80
4886,2248800164,2248800178,69.72,tertiary,30.0,100
4887,2248800164,7361391771,914.43,tertiary,30.0,100
4888,2248800164,7361391771,42.6,tertiary_link,25.0,80
4889,2248800178,2248800164,69.72,tertiary,30.0,100
4890,2248800178,7361391771,58.82,tertiary,30.0,100
4891,2248800178,7361391770,128.39,tertiary,30.0,100
4892,2248800994,10244260001,8.4,secondary_link,35.0,150
4893,2248800994,632299700,38.36,secondary,40.0,200
4894,2248801048,10244260001,55.38,secondary_link,35.0,150
4895,2248801048,10244260002,35.64,secondary,40.0,200
4896,2248801048,7362076314,426.57,secondary,40.0,200
4897,2248801573,5912237924,8.04,tertiary,30.0,100
4898,2248801573,1366794913,504.25,tertiary,30.0,100
4899,2248802401,10207346714,14.49,tertiary,30.0,100
4900,2248802401,6571910349,151.45,secondary,40.0,200
4901,2248802695,9860341832,4.46,secondary,40.0,200
4902,2248802695,6576088910,112.98,secondary,40.0,200
4903,2249163368,13947125474,253.89,tertiary,30.0,100
4904,2249163368,13947125474,247.93,trunk,60.0,400
4905,2249163422,11372637545,490.43,tertiary,30.0,100
4906,2249163422,2249163520,288.85,secondary,40.0,200
4907,2249163520,11919771279,14.3,tertiary,30.0,100
4908,2249163520,3794378247,344.07,tertiary,30.0,100
4909,2249163520,13840721725,303.68,secondary,40.0,200
4910,2249163570,7357634710,23.3,trunk,60.0,400
4911,2249163570,2249163578,13.85,secondary,40.0,200
4912,2249163578,7357634711,12.93,secondary,40.0,200
4913,2249163578,13840721725,16.74,secondary,40.0,200
4914,2249163670,2249163684,43.36,primary,50.0,300
4915,2249163670,3794378170,1566.22,secondary,40.0,200
4916,2249163684,13842517997,15.43,primary,50.0,300
4917,2249163684,2249163695,22.41,secondary,40.0,200
4918,2249163695,9130240904,42.75,primary,50.0,300
4919,2249163695,2249163812,302.14,secondary,40.0,200
4920,2249163790,2249163812,37.23,tertiary,30.0,100
4921,2249163790,9130240904,311.51,secondary,40.0,200
4922,2249163790,1651554245,91.15,tertiary,30.0,100
4923,2249163812,2249163790,37.23,tertiary,30.0,100
4924,2249163812,2249163917,402.09,secondary,40.0,200
4925,2249163902,11919771280,1889.16,trunk,60.0,400
4926,2249163917,2249163937,29.17,tertiary,30.0,100
4927,2249163925,2249163917,15.43,secondary,40.0,200
4928,2249163925,2249163998,509.88,trunk,60.0,400
4929,2249163937,13831045216,136.97,tertiary,30.0,100
4930,2249163937,13831045216,139.94,tertiary_link,25.0,80
4931,2249163963,9800986552,57.83,tertiary,30.0,100
4932,2249163963,10277271915,1227.87,tertiary,30.0,100
4933,2249163976,2248782010,50.83,tertiary,30.0,100
4934,2249163976,2249163998,199.08,tertiary,30.0,100
4935,2249163998,13766600593,28.03,trunk,60.0,400
4936,2249201919,2249201922,59.64,trunk,60.0,400
4937,2249201922,2249268668,91.58,primary,50.0,300
4938,2249201922,2249201933,648.32,trunk,60.0,400
4939,2249201933,2249268703,236.1,primary,50.0,300
4940,2249201933,2249201958,542.47,trunk,60.0,400
4941,2249201946,1511336025,679.34,tertiary,30.0,100
4942,2249201946,2249201958,237.17,primary,50.0,300
4943,2249201958,2249201967,256.86,trunk,60.0,400
4944,2249201967,11389889510,179.23,trunk_link,50.0,350
4945,2249201967,2249202000,450.24,trunk,60.0,400
4946,2249201995,13470000968,25.26,trunk_link,50.0,350
4947,2249202000,2249202008,276.3,trunk,60.0,400
4948,2249202008,2249202017,41.19,trunk_link,50.0,350
4949,2249202008,2249202021,302.7,trunk,60.0,400
4950,2249202017,10277277855,117.06,trunk_link,50.0,350
4951,2249202017,1511336025,589.7,tertiary,30.0,100
4952,2249202021,2244790383,561.2,trunk,60.0,400
4953,2249268387,13765867249,65.22,trunk,60.0,400
4954,2249268388,7397333179,153.48,secondary,40.0,200
4955,2249268388,2249268415,408.16,trunk,60.0,400
4956,2249268394,7397333179,48.87,tertiary,30.0,100
4957,2249268398,2249268394,7.53,secondary,40.0,200
4958,2249268398,13723179022,626.45,tertiary,30.0,100
4959,2249268415,2251057081,53.68,trunk,60.0,400
4960,2249268416,2249268398,290.41,secondary,40.0,200
4961,2249268416,1178623177,21.8,trunk_link,50.0,350
4962,2249268453,11012174108,444.06,secondary,40.0,200
4963,2249268453,2251057083,824.02,trunk,60.0,400
4964,2249268465,2249268505,446.02,trunk,60.0,400
4965,2249268465,2249268494,233.24,secondary,40.0,200
4966,2249268491,9697896119,4.81,tertiary,30.0,100
4967,2249268491,12123666451,204.78,tertiary,30.0,100
4968,2249268494,13800513449,5.71,tertiary,30.0,100
4969,2249268494,9697896119,18.35,secondary,40.0,200
4970,2249268505,12123666452,9.17,trunk,60.0,400
4971,2249268513,12123666436,287.12,trunk_link,50.0,350
4972,2249268513,13820044822,640.91,trunk,60.0,400
4973,2249268595,13817629811,353.23,primary,50.0,300
4974,2249268595,2249201919,908.01,trunk,60.0,400
4975,2249268637,13089014212,259.12,primary,50.0,300
4976,2249268668,2399106360,14.09,primary,50.0,300
4977,2249268668,2399105035,631.38,primary,50.0,300
4978,2249268702,2249268637,953.36,primary,50.0,300
4979,2249268702,1511525618,199.79,primary,50.0,300
4980,2249268703,1511531477,29.88,primary,50.0,300
4981,2249269726,2251057084,124.11,secondary,40.0,200
4982,2249269726,2249268415,32.45,trunk_link,50.0,350
4983,2249302241,1632712364,234.87,tertiary,30.0,100
4984,2249302241,1177128691,497.11,trunk,60.0,400
4985,2249302243,2251057070,12.19,tertiary,30.0,100
4986,2249302243,13765867244,346.3,trunk,60.0,400
4987,2249326297,2250992804,1177.28,trunk,60.0,400
4988,2249326297,986518122,55.89,secondary,40.0,200
4989,2249326319,1153987056,28.68,trunk,60.0,400
4990,2249326337,13730599850,5.98,tertiary,30.0,100
4991,2249326337,2249326345,184.19,tertiary,30.0,100
4992,2249326345,13730599849,4.74,tertiary,30.0,100
4993,2249326347,12258308248,5.81,tertiary,30.0,100
4994,2249326347,13718317730,115.39,tertiary,30.0,100
4995,2249326353,2249326347,122.43,tertiary,30.0,100
4996,2249326353,13732758315,430.29,trunk,60.0,400
4997,2249330788,9972058097,37.32,tertiary,30.0,100
4998,2249330788,13720645658,271.1,tertiary,30.0,100
4999,2249330788,1177128691,171.13,tertiary,30.0,100
5000,2250251314,1596018871,105.06,secondary,40.0,200
5001,2250251314,1388354194,386.11,secondary,40.0,200
5002,2250655498,414595039,7.98,tertiary,30.0,100
5003,2250655498,414595016,596.5,tertiary,30.0,100
5004,2250655498,1960733406,110.92,primary,50.0,300
5005,2250655557,5868392390,19.35,trunk,60.0,400
5006,2250655557,11939157086,41.32,trunk,60.0,400
5007,2250655573,13416028709,15.09,tertiary_link,25.0,80
5008,2250655573,2227588329,265.51,tertiary,30.0,100
5009,2250676354,2251057093,288.7,trunk,60.0,400
5010,2250757251,1646690902,778.14,tertiary,30.0,100
5011,2250757251,6602500399,215.93,tertiary,30.0,100
5012,2250757251,7366128616,210.28,tertiary,30.0,100
5013,2250795688,346604059,727.94,motorway,80.0,500
5014,2250795693,245664547,53.25,motorway_link,70.0,450
5015,2250795705,2250795710,13.92,motorway_link,70.0,450
5016,2250795705,619227618,18.36,primary,50.0,300
5017,2250795710,245664408,55.59,primary,50.0,300
5018,2250795710,619227657,84.35,motorway_link,70.0,450
5019,2250795734,245664667,22.34,motorway_link,70.0,450
5020,2250795768,8928692504,303.35,primary,50.0,300
5021,2250795781,2250795768,149.24,tertiary,30.0,100
5022,2250795781,245664830,30.89,tertiary,30.0,100
5023,2250795799,1647344940,50.21,motorway_link,70.0,450
5024,2250795804,2250795799,20.97,motorway_link,70.0,450
5025,2250795804,10134735414,86.3,tertiary,30.0,100
5026,2250795814,4328161648,19.31,motorway_link,70.0,450
5027,2250795814,2250795799,73.54,motorway_link,70.0,450
5028,2250825435,2250825448,31.93,trunk,60.0,400
5029,2250825435,13900429945,183.18,tertiary,30.0,100
5030,2250825438,10923387492,15.06,trunk,60.0,400
5031,2250825438,6428667004,30.18,tertiary,30.0,100
5032,2250825448,13077461203,157.1,motorway,80.0,500
5033,2250825449,6428838990,77.55,trunk,60.0,400
5034,2250825449,588597487,1459.54,motorway,80.0,500
5035,2250825507,12393568325,19.13,motorway,80.0,500
5036,2250825525,10635682402,283.3,primary,50.0,300
5037,2250992725,245668399,14.51,secondary,40.0,200
5038,2250992725,6046553756,625.21,tertiary,30.0,100
5039,2250992727,12393568322,98.16,motorway_link,70.0,450
5040,2250992727,2250825507,831.43,motorway,80.0,500
5041,2250992735,2647317724,300.81,motorway,80.0,500
5042,2250992735,3737943440,269.52,primary_link,40.0,250
5043,2250992746,5488342591,401.79,tertiary,30.0,100
5044,2250992749,1936627863,44.67,primary,50.0,300
5045,2250992749,2250992746,58.9,primary_link,40.0,250
5046,2250992750,12125883925,30.43,tertiary,30.0,100
5047,2250992750,2250992754,72.22,tertiary_link,25.0,80
5048,2250992754,1154216502,311.76,tertiary,30.0,100
5049,2250992758,3878413319,337.74,tertiary,30.0,100
5050,2250992764,2250992758,124.89,tertiary,30.0,100
5051,2250992764,1906829003,57.33,trunk_link,50.0,350
5052,2250992777,2969409500,17.93,secondary,40.0,200
5053,2250992777,1651800604,346.17,trunk,60.0,400
5054,2250992787,1375215407,305.97,tertiary,30.0,100
5055,2250992787,1375215424,222.92,trunk_link,50.0,350
5056,2250992800,986518068,22.88,trunk_link,50.0,350
5057,2250992800,986518075,660.27,trunk,60.0,400
5058,2250992804,2250992800,432.28,trunk,60.0,400
5059,2250992819,1318654999,590.0,trunk,60.0,400
5060,2250992819,986518125,274.74,trunk_link,50.0,350
5061,2250992834,13720570069,229.93,trunk,60.0,400
5062,2250992834,13720570068,232.44,secondary,40.0,200
5063,2250992838,2250992839,119.57,trunk,60.0,400
5064,2250992839,619181292,13.79,tertiary,30.0,100
5065,2250992839,2251057053,467.92,trunk,60.0,400
5066,2250992843,1632712308,10.31,tertiary,30.0,100
5067,2251057053,2249302243,492.23,trunk,60.0,400
5068,2251057053,9972058097,161.96,tertiary,30.0,100
5069,2251057064,1632712364,35.2,secondary,40.0,200
5070,2251057064,2251057070,225.24,tertiary,30.0,100
5071,2251057070,2249302243,12.19,tertiary,30.0,100
5072,2251057070,13765867243,352.07,tertiary,30.0,100
5073,2251057079,2249268416,10.97,secondary,40.0,200
5074,2251057081,349131637,797.71,trunk,60.0,400
5075,2251057081,2251057084,44.82,trunk_link,50.0,350
5076,2251057083,1178623177,70.33,trunk,60.0,400
5077,2251057083,2251057079,47.05,trunk_link,50.0,350
5078,2251057084,10275432944,305.02,secondary,40.0,200
5079,2251057088,13875496133,279.5,trunk_link,50.0,350
5080,2251057088,245681461,728.85,trunk,60.0,400
5081,2251057093,2249201995,34.96,trunk_link,50.0,350
5082,2251057093,590493555,444.19,trunk,60.0,400
5083,2251057097,1480131114,155.99,trunk_link,50.0,350
5084,2251057097,1480129878,75.06,primary,50.0,300
5085,2258304282,4260125481,211.8,primary_link,40.0,250
5086,2258304283,2176215889,18.89,primary_link,40.0,250
5087,2258304283,2258304282,37.91,secondary,40.0,200
5088,2258304284,2246157800,20.06,secondary,40.0,200
5089,2258304284,2258304282,47.44,primary_link,40.0,250
5090,2258304310,10277817415,288.94,primary,50.0,300
5091,2258304310,4260125481,2138.17,primary,50.0,300
5092,2258304311,245656964,100.79,primary,50.0,300
5093,2258304318,620382693,9.65,primary,50.0,300
5094,2258304319,12557971229,17.5,primary,50.0,300
5095,2258304319,2258304318,10.99,secondary,40.0,200
5096,2258304323,620382712,243.54,tertiary,30.0,100
5097,2258304323,2258304326,205.69,primary,50.0,300
5098,2258304326,1375482697,245.47,secondary,40.0,200
5099,2258304326,10316090270,235.14,trunk,60.0,400
5100,2258304338,5845797344,158.54,trunk,60.0,400
5101,2258304349,245657747,177.46,trunk_link,50.0,350
5102,2258304349,2258304338,494.17,trunk,60.0,400
5103,2258304351,2258304412,2406.48,trunk,60.0,400
5104,2258304351,245658111,77.64,trunk,60.0,400
5105,2258304407,245658976,8.42,trunk,60.0,400
5106,2258304407,3732540596,209.84,secondary,40.0,200
5107,2258304411,674906578,2397.37,trunk,60.0,400
5108,2258304411,13822911971,185.18,trunk,60.0,400
5109,2258304412,2258304422,501.57,trunk,60.0,400
5110,2258304421,2258304411,503.87,trunk,60.0,400
5111,2258304422,2258304456,917.35,trunk,60.0,400
5112,2258304422,11927565926,173.11,trunk,60.0,400
5113,2258304448,245660069,8.59,trunk,60.0,400
5114,2258304448,12774725661,22.27,trunk_link,50.0,350
5115,2258304448,1179221118,25.32,trunk_link,50.0,350
5116,2258304455,2258304421,901.25,trunk,60.0,400
5117,2258304455,12566268246,187.3,trunk,60.0,400
5118,2258304456,1179273102,235.4,trunk,60.0,400
5119,2258304479,1650694511,106.97,trunk,60.0,400
5120,2258304482,2258304479,5.79,trunk,60.0,400
5121,2258304484,2258304482,75.59,trunk_link,50.0,350
5122,2258304484,1179089888,1166.78,trunk,60.0,400
5123,2258304486,245662037,32.04,primary,50.0,300
5124,2258304486,1650738244,124.54,trunk,60.0,400
5125,2258304493,2258304484,298.11,trunk,60.0,400
5126,2258304495,1179314485,32.5,trunk_link,50.0,350
5127,2258304495,2258304516,183.2,trunk,60.0,400
5128,2258304504,1179314492,133.3,trunk,60.0,400
5129,2258304506,2258304516,21.54,trunk_link,50.0,350
5130,2258304506,245662605,339.78,trunk,60.0,400
5131,2258304514,2258304493,183.7,trunk,60.0,400
5132,2258304514,2258304504,21.04,trunk_link,50.0,350
5133,2258304516,1643134428,601.81,trunk,60.0,400
5134,2264152050,1665625327,543.74,trunk,60.0,400
5135,2264152051,8976481323,512.8,trunk_link,50.0,350
5136,2264152051,7379602410,549.21,trunk,60.0,400
5137,2264152068,5848131204,336.91,trunk_link,50.0,350
5138,2264152068,619306765,884.22,trunk,60.0,400
5139,2264152069,6581097857,204.0,trunk,60.0,400
5140,2264152081,5848131207,409.16,trunk_link,50.0,350
5141,2264152102,3747300132,14.8,tertiary,30.0,100
5142,2264152102,1176874806,15.83,tertiary,30.0,100
5143,2264152102,11920002781,511.58,trunk,60.0,400
5144,2264152105,11920002782,24.31,trunk,60.0,400
5145,2264152106,2264152120,815.56,trunk,60.0,400
5146,2264152106,1644089890,33.85,trunk_link,50.0,350
5147,2264152120,12378228208,181.23,trunk,60.0,400
5148,2294332756,5271613087,373.0,tertiary,30.0,100
5149,2294332756,2294332759,12.93,tertiary,30.0,100
5150,2294332758,6165604823,256.91,tertiary,30.0,100
5151,2294332758,2294332756,13.19,tertiary,30.0,100
5152,2294332759,1348001271,13.58,tertiary,30.0,100
5153,2294395058,13947665553,281.34,primary,50.0,300
5154,2295481165,2442886106,132.47,primary,50.0,300
5155,2295481165,536673200,440.7,primary,50.0,300
5156,2298251380,2298251384,8.99,tertiary,30.0,100
5157,2298251380,2298251392,890.25,tertiary,30.0,100
5158,2298251381,7361696431,8.46,tertiary,30.0,100
5159,2298251381,7361696430,13.09,tertiary,30.0,100
5160,2298251384,2298251381,10.93,tertiary,30.0,100
5161,2298251384,2178289364,389.57,tertiary,30.0,100
5162,2298251392,2298251395,13.89,tertiary,30.0,100
5163,2298251394,2298251392,7.87,tertiary,30.0,100
5164,2298251394,2298251384,880.77,tertiary,30.0,100
5165,2298251395,2298251396,7.88,tertiary,30.0,100
5166,2298251395,6602226913,1411.15,tertiary,30.0,100
5167,2298251396,2298251394,13.85,tertiary,30.0,100
5168,2298251396,2298251493,481.93,tertiary,30.0,100
5169,2298251470,2178289364,11.9,primary,50.0,300
5170,2298251470,2298251381,389.8,tertiary,30.0,100
5171,2298251493,7304660267,388.71,primary,50.0,300
5172,2298251537,2298251620,472.6,tertiary,30.0,100
5173,2298251537,4140551636,350.07,tertiary,30.0,100
5174,2298251537,2298251541,257.56,tertiary,30.0,100
5175,2298251539,2298251549,7.59,secondary,40.0,200
5176,2298251539,13714582219,358.17,tertiary,30.0,100
5177,2298251541,2298251539,13.13,tertiary,30.0,100
5178,2298251541,13033946546,304.17,secondary,40.0,200
5179,2298251541,2298251537,257.56,tertiary,30.0,100
5180,2298251549,2298251541,13.3,tertiary,30.0,100
5181,2298251549,4146373389,426.92,secondary,40.0,200
5182,2298251556,13714582220,15.44,tertiary,30.0,100
5183,2298251556,4146373095,299.01,tertiary,30.0,100
5184,2298251616,4146373389,13.5,secondary,40.0,200
5185,2298251616,2298251620,165.15,secondary,40.0,200
5186,2298251616,2298251541,430.53,secondary,40.0,200
5187,2298251620,4632210526,451.19,secondary,40.0,200
5188,2298251620,2298251616,165.15,secondary,40.0,200
5189,2298251620,2298251537,472.6,tertiary,30.0,100
5190,2298251647,457089623,13.64,tertiary,30.0,100
5191,2298251647,2299861335,1194.71,tertiary,30.0,100
5192,2298251647,457089619,400.26,secondary,40.0,200
5193,2299204430,1271126528,13.12,secondary,40.0,200
5194,2299204430,1369464578,78.36,primary,50.0,300
5195,2299204467,2228291339,11.61,tertiary,30.0,100
5196,2299204467,9902469429,527.25,primary,50.0,300
5197,2299204470,2228291339,172.61,primary,50.0,300
5198,2299204481,2299204482,34.2,primary,50.0,300
5199,2299204481,2299204470,371.92,primary,50.0,300
5200,2299204482,5624302328,3.56,primary,50.0,300
5201,2299204488,9902397716,9.44,primary,50.0,300
5202,2299204488,13733754827,350.98,secondary,40.0,200
5203,2299204489,2299204488,16.1,primary,50.0,300
5204,2299204492,1184060026,321.26,primary,50.0,300
5205,2299204492,2299204489,16.16,primary,50.0,300
5206,2299255893,245658865,39.91,primary,50.0,300
5207,2299255893,456145174,46.22,primary_link,40.0,250
5208,2299255929,2299255934,42.85,primary,50.0,300
5209,2299255929,2299255930,44.4,primary_link,40.0,250
5210,2299255930,2299255893,1246.38,primary,50.0,300
5211,2299255933,13947587142,81.87,primary,50.0,300
5212,2299255934,2299255935,9.01,primary,50.0,300
5213,2299255934,2299255930,44.46,primary,50.0,300
5214,2299255935,2299255937,9.66,primary,50.0,300
5215,2299255935,12558408931,560.95,motorway_link,70.0,450
5216,2299255936,2299255934,10.07,primary,50.0,300
5217,2299255936,2299255933,40.12,primary,50.0,300
5218,2299255937,768599611,10.44,primary,50.0,300
5219,2299255937,2299255936,8.79,primary,50.0,300
5220,2299255940,2299255933,88.27,primary_link,40.0,250
5221,2299255940,2299255936,63.98,primary,50.0,300
5222,2299255950,457459050,12.23,motorway,80.0,500
5223,2299255950,1650382577,20.6,primary,50.0,300
5224,2299255967,2051567054,4.9,primary,50.0,300
5225,2299255976,475706090,26.28,primary,50.0,300
5226,2299861335,457089682,662.28,tertiary,30.0,100
5227,2299861335,2299861339,1140.79,tertiary,30.0,100
5228,2299861335,2298251647,1194.71,tertiary,30.0,100
5229,2299861338,2299861339,13.88,tertiary,30.0,100
5230,2299861338,2952579406,1793.39,secondary,40.0,200
5231,2299861339,2299861338,13.88,tertiary,30.0,100
5232,2299861339,2298251647,524.43,secondary,40.0,200
5233,2299861339,2299861335,1140.79,tertiary,30.0,100
5234,2380846331,13845998569,12.1,secondary,40.0,200
5235,2380846331,13845998567,5.92,secondary_link,35.0,150
5236,2381984473,13947151152,8.48,primary_link,40.0,250
5237,2381984473,245663884,121.66,primary,50.0,300
5238,2399105035,2399394927,416.41,primary,50.0,300
5239,2399106337,11140920279,196.45,primary_link,40.0,250
5240,2399106337,2399106360,639.91,primary,50.0,300
5241,2399106360,2249268703,784.41,primary,50.0,300
5242,2399367035,2399368782,23.67,secondary,40.0,200
5243,2399368782,11140920278,7.55,primary_link,40.0,250
5244,2399368782,10277304514,118.33,secondary,40.0,200
5245,2399394927,2399395002,18.76,primary,50.0,300
5246,2399394927,2399395019,26.75,primary_link,40.0,250
5247,2399394966,10732416719,10.19,primary,50.0,300
5248,2399394966,13888102910,178.0,tertiary,30.0,100
5249,2399394978,2399395054,23.27,primary,50.0,300
5250,2399394978,2399395002,11.31,primary,50.0,300
5251,2399394979,245682376,8.03,tertiary,30.0,100
5252,2399394979,2399394966,81.96,primary,50.0,300
5253,2399395001,245682366,106.31,primary,50.0,300
5254,2399395002,2399395019,19.83,secondary,40.0,200
5255,2399395002,2399395064,6.73,primary,50.0,300
5256,2399395004,2399395001,37.48,primary_link,40.0,250
5257,2399395004,2399395064,23.28,secondary,40.0,200
5258,2399395019,10277314311,285.94,secondary,40.0,200
5259,2399395046,2399394978,17.22,secondary,40.0,200
5260,2399395046,2399395054,29.41,primary_link,40.0,250
5261,2399395054,2399106337,399.34,primary,50.0,300
5262,2399395056,2399395066,29.47,primary,50.0,300
5263,2399395056,2399395062,34.33,primary_link,40.0,250
5264,2399395062,10281984324,390.28,secondary,40.0,200
5265,2399395064,2399395066,10.7,primary,50.0,300
5266,2399395064,2399395001,27.08,primary,50.0,300
5267,2399395066,2399394978,7.82,primary,50.0,300
5268,2399395066,2399395062,15.61,secondary,40.0,200
5269,2426264772,2246473687,15.79,tertiary,30.0,100
5270,2426264772,12378228211,969.89,tertiary,30.0,100
5271,2426264772,1644089928,220.41,tertiary,30.0,100
5272,2439202899,1366900349,382.08,tertiary,30.0,100
5273,2439202899,3217449164,30.81,tertiary,30.0,100
5274,2439202907,12435559676,246.92,tertiary,30.0,100
5275,2439202907,2439202899,42.13,tertiary,30.0,100
5276,2439202936,2966349058,208.95,motorway,80.0,500
5277,2439252012,2439252016,25.93,trunk,60.0,400
5278,2439252012,2804500706,202.84,trunk_link,50.0,350
5279,2439252012,6576059825,307.38,tertiary,30.0,100
5280,2439252016,2439252012,25.93,trunk,60.0,400
5281,2439252016,4465528799,282.25,tertiary,30.0,100
5282,2439252028,10750563816,22.39,tertiary,30.0,100
5283,2439252028,13441759164,28.21,tertiary,30.0,100
5284,2439252028,11929993564,295.04,tertiary,30.0,100
5285,2439273023,12777714547,88.91,tertiary,30.0,100
5286,2439359832,12430193496,122.74,trunk,60.0,400
5287,2439359832,12430193495,126.88,tertiary,30.0,100
5288,2439602110,2439602112,11.35,primary,50.0,300
5289,2439602110,6491549420,241.7,primary,50.0,300
5290,2439602112,245663959,23.25,primary,50.0,300
5291,2439615338,866807395,10.89,tertiary,30.0,100
5292,2439615338,7340067044,421.49,secondary,40.0,200
5293,2439615340,866826461,32.4,tertiary,30.0,100
5294,2439615340,245671026,7.19,secondary,40.0,200
5295,2439615342,2439615340,90.08,secondary,40.0,200
5296,2439615342,866826461,98.29,tertiary,30.0,100
5297,2440210928,1644082876,14.79,tertiary,30.0,100
5298,2440210928,1644085160,495.17,tertiary,30.0,100
5299,2440210928,1448146974,907.73,tertiary,30.0,100
5300,2440235113,10635507224,6.37,tertiary,30.0,100
5301,2440235113,10260888814,8.6,tertiary,30.0,100
5302,2440247158,2230881419,12.87,tertiary,30.0,100
5303,2440247158,6802412628,72.49,primary,50.0,300
5304,2440630027,5496410673,32.84,secondary,40.0,200
5305,2440630027,2529081573,17.93,secondary,40.0,200
5306,2440694454,564782061,486.25,secondary,40.0,200
5307,2441666125,2446353351,15.08,primary,50.0,300
5308,2441666125,245660650,225.15,primary,50.0,300
5309,2441666125,13545135272,285.95,primary,50.0,300
5310,2442374465,7158617888,5.78,secondary,40.0,200
5311,2442510061,486415686,10.42,primary,50.0,300
5312,2442510061,2442510064,148.77,secondary,40.0,200
5313,2442510064,2442510065,9.57,secondary,40.0,200
5314,2442510064,10885746545,363.57,secondary,40.0,200
5315,2442510065,7383810759,13.53,secondary,40.0,200
5316,2442510065,2442510072,186.06,secondary,40.0,200
5317,2442510069,6554614259,11.09,tertiary,30.0,100
5318,2442510069,245655702,11.6,secondary,40.0,200
5319,2442510069,4362345214,461.94,tertiary,30.0,100
5320,2442510072,7383810756,9.76,secondary,40.0,200
5321,2442510072,7383810757,27.88,secondary,40.0,200
5322,2442510074,10885746546,8.5,secondary,40.0,200
5323,2442510074,13905111276,108.69,secondary,40.0,200
5324,2442519133,2178293601,20.73,secondary,40.0,200
5325,2442705633,2442705639,12.49,tertiary,30.0,100
5326,2442705633,6571887194,110.61,secondary,40.0,200
5327,2442705639,6576003270,236.13,secondary,40.0,200
5328,2442705639,2442705633,12.49,tertiary,30.0,100
5329,2442705639,631487487,1592.07,tertiary,30.0,100
5330,2442809536,245656633,578.23,tertiary,30.0,100
5331,2442809536,12082381201,108.62,tertiary,30.0,100
5332,2442809536,12082381194,94.59,tertiary,30.0,100
5333,2442886081,6165603878,18.05,secondary,40.0,200
5334,2442886083,10277717588,12.49,primary,50.0,300
5335,2442886083,245660192,376.81,secondary,40.0,200
5336,2442886083,245660380,287.85,primary,50.0,300
5337,2442886089,245660595,12.75,primary,50.0,300
5338,2442886089,13543285308,294.13,primary,50.0,300
5339,2442886101,245660921,11.79,primary,50.0,300
5340,2442886101,7371481513,35.72,primary,50.0,300
5341,2442886106,245661134,7.5,tertiary,30.0,100
5342,2442886106,1645886338,131.8,primary,50.0,300
5343,2443096204,7379493814,215.05,primary,50.0,300
5344,2443096207,7425930309,232.06,tertiary,30.0,100
5345,2443096207,2443096204,239.54,primary_link,40.0,250
5346,2443139103,1647747116,708.71,primary,50.0,300
5347,2443139105,296857847,29.03,primary,50.0,300
5348,2443139105,2443139103,41.15,primary_link,40.0,250
5349,2444311221,245660083,10.22,secondary,40.0,200
5350,2444311221,6165302156,18.93,secondary,40.0,200
5351,2444311224,2444311221,232.56,secondary,40.0,200
5352,2444311228,2444311221,28.88,secondary,40.0,200
5353,2444311228,2444311229,10.21,secondary_link,35.0,150
5354,2444311229,245660192,221.01,secondary,40.0,200
5355,2444311229,2444311228,10.21,secondary_link,35.0,150
5356,2444311230,245660192,11.56,secondary,40.0,200
5357,2444311230,2444311228,214.21,secondary,40.0,200
5358,2444311230,245660124,199.3,secondary,40.0,200
5359,2444311234,7371570195,25.21,secondary,40.0,200
5360,2444311234,6491605226,35.36,secondary,40.0,200
5361,2444311234,6165603878,13.59,secondary,40.0,200
5362,2446329348,245660549,428.83,primary,50.0,300
5363,2446329348,11043912919,461.08,tertiary,30.0,100
5364,2446353351,2441666125,15.08,primary,50.0,300
5365,2446353351,245661074,313.35,secondary,40.0,200
5366,2453954667,10277829372,21.45,secondary,40.0,200
5367,2453954667,618676046,270.02,secondary,40.0,200
5368,2489283687,2489283688,7.16,primary_link,40.0,250
5369,2489283687,2489336306,58.46,primary,50.0,300
5370,2489283688,2489283687,7.16,primary_link,40.0,250
5371,2489283688,12999147228,473.07,tertiary,30.0,100
5372,2489283688,2493165202,338.34,tertiary,30.0,100
5373,2489283691,4213259529,14.9,secondary,40.0,200
5374,2489283691,2489283692,8.88,primary,50.0,300
5375,2489283692,1960735440,41.58,primary,50.0,300
5376,2489283692,1960735424,29.56,secondary,40.0,200
5377,2489283694,12999147228,98.02,tertiary,30.0,100
5378,2489283696,1235813947,21.45,tertiary,30.0,100
5379,2489283696,1235814028,410.0,tertiary,30.0,100
5380,2489283696,1960735433,374.5,tertiary,30.0,100
5381,2489283696,8448787215,499.97,tertiary,30.0,100
5382,2489283697,1960735487,13.93,primary_link,40.0,250
5383,2489283697,10279336968,138.52,tertiary,30.0,100
5384,2489283697,13811447812,126.74,tertiary,30.0,100
5385,2489283700,13814842311,135.36,tertiary,30.0,100
5386,2489283700,7358719650,549.74,tertiary,30.0,100
5387,2489283700,10279336968,7.01,tertiary,30.0,100
5388,2489336306,1960735262,280.33,primary,50.0,300
5389,2489336312,2489336306,489.26,primary,50.0,300
5390,2489336312,1960735424,192.1,primary,50.0,300
5391,2491194122,414729698,1380.27,primary,50.0,300
5392,2491194123,1855281030,421.04,tertiary,30.0,100
5393,2491194123,4213259528,1148.78,tertiary,30.0,100
5394,2491202549,10173512311,286.57,primary,50.0,300
5395,2491202549,1027916975,512.87,primary,50.0,300
5396,2491214681,1960735517,241.68,primary,50.0,300
5397,2491214687,10173512311,26.39,secondary,40.0,200
5398,2491214687,2491214681,295.52,primary,50.0,300
5399,2493158941,7358719650,225.82,secondary,40.0,200
5400,2493158941,2493158943,5.8,secondary,40.0,200
5401,2493158943,2493158947,12.95,secondary,40.0,200
5402,2493158947,3796499961,63.45,secondary,40.0,200
5403,2493158947,9973027426,11.03,secondary,40.0,200
5404,2493165202,2250655573,85.46,tertiary,30.0,100
5405,2493165202,7366008441,16.77,tertiary,30.0,100
5406,2493165202,2489283688,338.34,tertiary,30.0,100
5407,2493592661,9379261058,18.27,tertiary,30.0,100
5408,2493682475,10099005667,170.58,primary,50.0,300
5409,2493905821,1184122821,391.96,secondary,40.0,200
5410,2493905821,2493905822,14.52,secondary,40.0,200
5411,2493905822,1960733213,7.46,secondary,40.0,200
5412,2523206675,7353775774,466.82,tertiary,30.0,100
5413,2523206675,13922163688,185.27,tertiary,30.0,100
5414,2529081507,3890222397,36.4,secondary,40.0,200
5415,2529081507,2529081508,11.51,motorway_link,70.0,450
5416,2529081508,1158453054,37.33,secondary,40.0,200
5417,2529081508,7655342086,34.86,motorway_link,70.0,450
5418,2529081571,5518220743,31.82,secondary,40.0,200
5419,2529081571,290887512,17.95,secondary,40.0,200
5420,2529081573,2529081572,29.21,secondary,40.0,200
5421,2529081573,2529081571,13.53,secondary,40.0,200
5422,2529081579,2529081573,33.28,secondary,40.0,200
5423,2529081579,2529081572,46.78,secondary_link,35.0,150
5424,2529081586,290885011,11.79,tertiary,30.0,100
5425,2529081586,2529081579,223.48,secondary,40.0,200
5426,2559494248,1366857176,40.01,trunk,60.0,400
5427,2559494248,1634250054,696.12,trunk,60.0,400
5428,2559494248,11061174742,2294.7,tertiary,30.0,100
5429,2562413149,10945682229,7.77,tertiary,30.0,100
5430,2562413149,590605941,125.92,secondary,40.0,200
5431,2568065851,2568778981,11.78,tertiary,30.0,100
5432,2568065851,13658646359,252.74,tertiary,30.0,100
5433,2568065861,2568065865,27.87,tertiary,30.0,100
5434,2568065865,245663476,9.54,tertiary,30.0,100
5435,2568065865,13658646358,397.46,tertiary,30.0,100
5436,2568778981,2568065851,11.78,tertiary,30.0,100
5437,2568778981,2568065851,848.6,tertiary,30.0,100
5438,2568778981,13658646358,60.52,tertiary,30.0,100
5439,2610804984,2610805155,74.62,secondary_link,35.0,150
5440,2610804984,623040889,58.62,primary,50.0,300
5441,2610805004,866835029,49.52,secondary,40.0,200
5442,2610805004,2610805121,69.22,tertiary_link,25.0,80
5443,2610805121,866909292,288.78,tertiary,30.0,100
5444,2610805121,4178790375,75.1,tertiary_link,25.0,80
5445,2610805121,1934768150,42.72,tertiary,30.0,100
5446,2610805155,245672164,308.59,secondary,40.0,200
5447,2622177265,6494952054,21.54,primary,50.0,300
5448,2622177265,6494952052,8.94,primary_link,40.0,250
5449,2622177275,619309810,14.1,primary,50.0,300
5450,2622177275,10877916796,134.85,primary,50.0,300
5451,2622177275,6497126508,513.68,primary,50.0,300
5452,2622177289,12072887609,120.29,trunk,60.0,400
5453,2622177289,2622177290,26.33,primary,50.0,300
5454,2622177290,1366009125,10.92,trunk,60.0,400
5455,2622177290,13479795775,172.37,primary,50.0,300
5456,2622177292,619309806,16.6,tertiary,30.0,100
5457,2622177292,13799110877,176.42,tertiary,30.0,100
5458,2622177292,10770722930,265.17,primary,50.0,300
5459,2622177294,6435423923,14.16,primary,50.0,300
5460,2622177294,1366028058,633.56,primary,50.0,300
5461,2622177294,2622177309,736.3,primary,50.0,300
5462,2622177309,1366028032,8.96,tertiary,30.0,100
5463,2622177309,2622177318,129.25,primary,50.0,300
5464,2622177309,1366028051,70.19,tertiary,30.0,100
5465,2622177312,1392485673,6.48,tertiary,30.0,100
5466,2622177312,6576712151,145.05,primary,50.0,300
5467,2622177318,619309790,6.84,secondary,40.0,200
5468,2622177318,10266102462,57.55,primary,50.0,300
5469,2622177324,2622177312,395.86,primary,50.0,300
5470,2622177342,620011492,8.33,tertiary,30.0,100
5471,2622177342,6583554930,494.78,tertiary,30.0,100
5472,2622177342,2622177346,173.21,primary,50.0,300
5473,2622177346,13719082384,12.76,tertiary,30.0,100
5474,2622177346,13719082385,12.18,primary,50.0,300
5475,2622177346,2244961593,299.69,tertiary,30.0,100
5476,2622177356,12334170884,124.09,primary,50.0,300
5477,2622177356,5758624138,10.54,primary,50.0,300
5478,2622177385,2245075637,418.01,tertiary,30.0,100
5479,2622177385,1366900865,15.01,tertiary,30.0,100
5480,2622177385,6581281334,151.36,primary,50.0,300
5481,2629418478,5342165308,9.59,secondary,40.0,200
5482,2629418478,10272736790,9.81,primary,50.0,300
5483,2629418478,6292784553,39.33,secondary,40.0,200
5484,2629418495,347176149,12.27,tertiary,30.0,100
5485,2629418495,245666615,219.94,tertiary,30.0,100
5486,2629418495,10272736790,486.49,secondary,40.0,200
5487,2629418497,471566319,109.84,secondary,40.0,200
5488,2629418501,9979171957,8.68,secondary,40.0,200
5489,2629418501,245667153,384.71,tertiary,30.0,100
5490,2629418520,11497379659,10.93,tertiary,30.0,100
5491,2629418520,2629418501,276.71,secondary,40.0,200
5492,2629418526,10635534062,9.34,secondary,40.0,200
5493,2629418526,471550921,122.92,tertiary,30.0,100
5494,2629418526,2629418520,156.12,secondary,40.0,200
5495,2629418529,245667874,12.72,tertiary,30.0,100
5496,2629418529,2629418526,406.89,secondary,40.0,200
5497,2629418529,13503275932,336.53,tertiary,30.0,100
5498,2629418531,245668221,10.36,tertiary,30.0,100
5499,2629418531,245668175,346.29,tertiary,30.0,100
5500,2629418531,2629418529,354.65,secondary,40.0,200
5501,2629418536,13526887023,47.93,secondary,40.0,200
5502,2629418536,9740934234,8.27,secondary,40.0,200
5503,2629436073,1936499662,11.77,primary,50.0,300
5504,2629436073,10925691263,72.82,primary,50.0,300
5505,2629436075,1646746657,9.43,primary_link,40.0,250
5506,2629436075,13856311301,83.24,primary,50.0,300
5507,2629436082,884429992,11.44,primary,50.0,300
5508,2629682548,628597978,11.86,tertiary,30.0,100
5509,2629682548,2629682549,190.73,tertiary,30.0,100
5510,2629682548,13652312884,156.88,secondary,40.0,200
5511,2629682549,245681236,655.09,tertiary,30.0,100
5512,2629682549,2629682548,190.73,tertiary,30.0,100
5513,2629682549,1353464532,120.37,tertiary,30.0,100
5514,2629741737,1642954383,93.21,primary,50.0,300
5515,2629741740,1643264260,24.42,secondary,40.0,200
5516,2629741740,6573759450,60.99,trunk,60.0,400
5517,2629741740,1643264250,16.94,secondary,40.0,200
5518,2629741747,1643351766,16.87,tertiary,30.0,100
5519,2629741747,4357273820,274.03,tertiary,30.0,100
5520,2629741747,10279809028,292.07,trunk,60.0,400
5521,2629741752,13680939278,14.94,trunk,60.0,400
5522,2629741752,245664905,16.69,secondary,40.0,200
5523,2629741753,10279771671,256.54,tertiary,30.0,100
5524,2629741753,4264598304,442.48,trunk,60.0,400
5525,2629945972,969803898,230.79,tertiary,30.0,100
5526,2629945972,6616861151,14.76,secondary,40.0,200
5527,2647295173,2647295191,349.3,motorway_link,70.0,450
5528,2647295173,2715412074,642.36,motorway,80.0,500
5529,2647295191,278918833,38.91,secondary,40.0,200
5530,2647295191,2715412074,292.81,motorway_link,70.0,450
5531,2647295191,7358357973,1353.45,tertiary,30.0,100
5532,2647317724,2250992727,154.59,motorway,80.0,500
5533,2702435812,12698657164,251.75,trunk,60.0,400
5534,2702435812,12698657165,230.12,tertiary,30.0,100
5535,2702435814,8780753183,11.94,tertiary,30.0,100
5536,2702435814,13797994634,45.69,secondary,40.0,200
5537,2715411943,11954176569,2024.91,motorway,80.0,500
5538,2715411959,11954164166,519.95,motorway,80.0,500
5539,2715411959,9936198632,754.46,motorway_link,70.0,450
5540,2715412064,3455073186,94.12,motorway_link,70.0,450
5541,2715412064,6136332320,1979.56,motorway,80.0,500
5542,2715412065,13366768784,8.56,motorway,80.0,500
5543,2715412066,2715412064,534.81,motorway,80.0,500
5544,2715412074,2966389529,2537.8,motorway,80.0,500
5545,2715412076,278918827,390.17,motorway_link,70.0,450
5546,2715412076,2715412066,716.96,motorway,80.0,500
5547,2744937782,10654529066,8.91,tertiary,30.0,100
5548,2744937782,2222708871,185.93,tertiary,30.0,100
5549,2744937782,13649360788,223.9,tertiary,30.0,100
5550,2800312558,13730599852,229.69,tertiary,30.0,100
5551,2800312558,13718618586,242.27,tertiary,30.0,100
5552,2804431000,1232644665,76.29,tertiary,30.0,100
5553,2804433701,2804433703,18.22,tertiary,30.0,100
5554,2804433701,4264598335,1570.94,tertiary,30.0,100
5555,2804433703,2804433701,18.22,tertiary,30.0,100
5556,2804433703,2804431000,48.33,tertiary,30.0,100
5557,2804441140,2804441153,34.64,secondary,40.0,200
5558,2804441140,2804449481,29.26,trunk_link,50.0,350
5559,2804441143,10882788616,781.27,secondary,40.0,200
5560,2804441145,2804449487,42.86,trunk_link,50.0,350
5561,2804441145,2804441150,33.52,secondary,40.0,200
5562,2804441150,2804441143,32.06,secondary,40.0,200
5563,2804441150,2804441140,11.42,trunk_link,50.0,350
5564,2804441153,2804449494,33.28,tertiary,30.0,100
5565,2804441153,2804441145,12.49,trunk_link,50.0,350
5566,2804443043,2804441145,30.86,tertiary,30.0,100
5567,2804443043,2804449487,55.64,trunk_link,50.0,350
5568,2804444332,2804441140,35.16,secondary,40.0,200
5569,2804444332,2804449481,50.74,trunk_link,50.0,350
5570,2804449479,2804441153,25.35,trunk_link,50.0,350
5571,2804449479,2804449494,46.74,trunk_link,50.0,350
5572,2804449481,2804450686,324.3,trunk_link,50.0,350
5573,2804449483,2804441150,28.53,trunk_link,50.0,350
5574,2804449483,2804441143,50.86,trunk_link,50.0,350
5575,2804449487,2804491973,484.56,trunk_link,50.0,350
5576,2804449494,2439273023,351.93,tertiary,30.0,100
5577,2804450686,2892843890,634.8,trunk,60.0,400
5578,2804450687,2804449479,327.89,trunk_link,50.0,350
5579,2804450687,2804491973,898.83,trunk,60.0,400
5580,2804481645,13351135363,54.89,secondary,40.0,200
5581,2804481645,2897024861,8.79,trunk,60.0,400
5582,2804491972,2804450686,903.67,trunk,60.0,400
5583,2804491972,2804449483,517.77,trunk_link,50.0,350
5584,2804491973,2804500716,218.31,trunk,60.0,400
5585,2804500706,2804491972,218.31,trunk,60.0,400
5586,2804500716,1157625205,1036.51,trunk,60.0,400
5587,2804500716,2439252016,188.49,trunk_link,50.0,350
5588,2804548109,12072887608,219.27,trunk,60.0,400
5589,2804548109,4357358592,244.89,trunk_link,50.0,350
5590,2804574485,2804574486,33.7,tertiary,30.0,100
5591,2804574486,2804574485,33.7,tertiary,30.0,100
5592,2804574486,2892843890,463.63,tertiary,30.0,100
5593,2804584123,2892843893,69.28,trunk,60.0,400
5594,2841960950,1654348806,22.22,secondary,40.0,200
5595,2841960950,10685130180,20.72,secondary_link,35.0,150
5596,2892843890,6430960767,189.09,trunk,60.0,400
5597,2892843893,10265837619,27.93,trunk_link,50.0,350
5598,2892843893,622060376,612.18,trunk,60.0,400
5599,2897022050,631507919,21.82,secondary,40.0,200
5600,2897022050,6429017345,71.26,tertiary,30.0,100
5601,2897022062,8443498434,135.91,secondary,40.0,200
5602,2897022073,2897022076,11.99,tertiary,30.0,100
5603,2897022073,2897022098,151.89,secondary,40.0,200
5604,2897022074,245665854,11.98,tertiary,30.0,100
5605,2897022074,8443498429,278.39,secondary,40.0,200
5606,2897022076,2897022074,8.99,secondary,40.0,200
5607,2897022076,2897024597,315.62,tertiary,30.0,100
5608,2897022096,6805491833,11.55,tertiary,30.0,100
5609,2897022096,2897024740,848.61,tertiary,30.0,100
5610,2897022098,2897024519,92.09,primary_link,40.0,250
5611,2897022098,296857831,61.85,secondary,40.0,200
5612,2897024506,2897022076,160.06,secondary,40.0,200
5613,2897024513,6117628326,86.15,tertiary,30.0,100
5614,2897024513,2897024515,11.99,tertiary,30.0,100
5615,2897024515,2897024517,7.99,tertiary,30.0,100
5616,2897024517,476489029,11.98,tertiary,30.0,100
5617,2897024517,2897024667,608.43,tertiary,30.0,100
5618,2897024519,13629018030,320.0,primary,50.0,300
5619,2897024523,296857831,7.93,primary,50.0,300
5620,2897024523,2897024506,45.51,secondary,40.0,200
5621,2897024540,2897024506,59.55,primary_link,40.0,250
5622,2897024540,2897024523,36.76,primary,50.0,300
5623,2897024595,2897024597,9.02,secondary,40.0,200
5624,2897024595,2897022074,317.3,tertiary,30.0,100
5625,2897024597,2897024609,68.22,secondary,40.0,200
5626,2897024601,2897024540,170.92,primary,50.0,300
5627,2897024609,296857806,46.19,secondary,40.0,200
5628,2897024609,2897024601,56.78,primary_link,40.0,250
5629,2897024611,245666448,77.45,secondary,40.0,200
5630,2897024614,12079741513,6.96,primary,50.0,300
5631,2897024615,2897024611,41.55,secondary,40.0,200
5632,2897024615,296857806,8.19,primary,50.0,300
5633,2897024623,2897024625,11.8,tertiary,30.0,100
5634,2897024623,245666274,233.6,secondary,40.0,200
5635,2897024625,245666141,10.97,secondary,40.0,200
5636,2897024625,2897024642,223.77,tertiary,30.0,100
5637,2897024627,2897024623,10.97,secondary,40.0,200
5638,2897024628,2897024615,47.23,primary,50.0,300
5639,2897024628,2897024611,68.06,primary_link,40.0,250
5640,2897024642,245666371,10.98,tertiary,30.0,100
5641,2897024642,476480258,98.6,tertiary,30.0,100
5642,2897024642,2897024644,139.0,tertiary,30.0,100
5643,2897024644,296853816,34.75,tertiary,30.0,100
5644,2897024644,2897024648,48.67,primary_link,40.0,250
5645,2897024648,2897024628,340.79,primary,50.0,300
5646,2897024651,296853816,8.12,primary,50.0,300
5647,2897024651,245666371,171.79,tertiary,30.0,100
5648,2897024656,6552594955,26.66,tertiary,30.0,100
5649,2897024656,2897024658,8.31,primary,50.0,300
5650,2897024658,2897024742,383.65,primary,50.0,300
5651,2897024658,2897024651,18.15,tertiary,30.0,100
5652,2897024667,2897024676,9.67,tertiary,30.0,100
5653,2897024667,9469495781,119.99,tertiary,30.0,100
5654,2897024676,245666426,12.12,tertiary,30.0,100
5655,2897024676,2897024749,282.68,tertiary,30.0,100
5656,2897024695,245666830,7.98,tertiary,30.0,100
5657,2897024695,7749797394,54.39,tertiary,30.0,100
5658,2897024696,12084454212,7.66,secondary,40.0,200
5659,2897024710,245666882,8.15,tertiary,30.0,100
5660,2897024710,2897024695,247.3,tertiary,30.0,100
5661,2897024737,2897024742,18.7,secondary,40.0,200
5662,2897024737,2897024651,386.36,primary,50.0,300
5663,2897024740,2897022096,848.61,tertiary,30.0,100
5664,2897024740,631507995,74.77,tertiary,30.0,100
5665,2897024740,11976374939,307.42,tertiary,30.0,100
5666,2897024742,631525438,9.99,primary,50.0,300
5667,2897024748,2897024751,8.0,tertiary_link,25.0,80
5668,2897024748,6590384792,229.76,tertiary,30.0,100
5669,2897024749,2897024753,7.99,tertiary,30.0,100
5670,2897024749,2897024795,205.85,tertiary,30.0,100
5671,2897024751,2897024748,8.0,tertiary_link,25.0,80
5672,2897024751,13616287393,231.94,tertiary,30.0,100
5673,2897024753,12350931356,9.43,tertiary,30.0,100
5674,2897024753,2897024772,67.47,tertiary,30.0,100
5675,2897024772,631507995,10.0,tertiary,30.0,100
5676,2897024772,2897024783,124.49,tertiary,30.0,100
5677,2897024776,2897024785,57.19,tertiary_link,25.0,80
5678,2897024777,2897024783,287.89,tertiary,30.0,100
5679,2897024777,2897024753,106.64,tertiary,30.0,100
5680,2897024783,12350931358,10.78,tertiary,30.0,100
5681,2897024783,2897024813,302.18,tertiary,30.0,100
5682,2897024783,2897024777,287.89,tertiary,30.0,100
5683,2897024785,12350931358,25.75,tertiary,30.0,100
5684,2897024795,2897024798,17.97,tertiary,30.0,100
5685,2897024795,10279771627,346.77,primary,50.0,300
5686,2897024798,631507993,8.0,primary,50.0,300
5687,2897024813,2897024818,31.77,tertiary,30.0,100
5688,2897024813,2897024816,43.52,primary_link,40.0,250
5689,2897024816,10279771623,393.71,primary,50.0,300
5690,2897024818,2897024816,21.56,primary,50.0,300
5691,2897024818,2897024822,18.09,secondary,40.0,200
5692,2897024822,6552758946,26.77,secondary,40.0,200
5693,2897024822,631525441,10.05,primary,50.0,300
5694,2897024850,13799160903,106.19,secondary,40.0,200
5695,2897024850,7366043800,140.16,tertiary,30.0,100
5696,2897024861,245667447,26.44,secondary,40.0,200
5697,2897024861,12334925193,838.92,trunk,60.0,400
5698,2897024862,7366246698,11.91,trunk,60.0,400
5699,2897024865,2897024870,21.69,secondary,40.0,200
5700,2897024865,2897024862,13.22,trunk,60.0,400
5701,2897024866,2897024865,42.35,trunk,60.0,400
5702,2897024866,2897024870,45.66,trunk_link,50.0,350
5703,2897024870,245667688,12.04,secondary,40.0,200
5704,2899067851,6046553754,41.18,trunk,60.0,400
5705,2899067851,588597487,351.96,trunk,60.0,400
5706,2899067852,2899067851,21.73,trunk,60.0,400
5707,2899067852,6046553756,11.47,trunk,60.0,400
5708,2913868728,2913869240,419.21,secondary,40.0,200
5709,2913868728,2913877841,9.8,secondary,40.0,200
5710,2913869240,2246851210,10.58,tertiary,30.0,100
5711,2913869240,5496410669,535.94,secondary,40.0,200
5712,2913869240,290885011,830.9,tertiary,30.0,100
5713,2913877841,2913877843,9.29,secondary,40.0,200
5714,2913877843,2246851004,496.74,tertiary,30.0,100
5715,2913877843,2913877844,9.29,secondary,40.0,200
5716,2913877844,2913868728,31.98,secondary,40.0,200
5717,2920010928,13905428422,7.71,tertiary,30.0,100
5718,2920010928,13905428412,33.59,tertiary,30.0,100
5719,2929595426,6136332322,19.5,primary,50.0,300
5720,2929595426,11954176575,208.11,tertiary,30.0,100
5721,2929595428,2929595426,14.34,tertiary,30.0,100
5722,2929595428,3455073158,628.72,primary,50.0,300
5723,2929595433,6136332321,597.14,primary,50.0,300
5724,2929595433,245660722,197.76,primary,50.0,300
5725,2929595468,631473702,413.79,tertiary,30.0,100
5726,2929595468,10939000436,405.97,tertiary,30.0,100
5727,2929595473,13056058619,11.75,primary,50.0,300
5728,2929595473,631476241,155.46,tertiary,30.0,100
5729,2929595495,13979936578,10.79,tertiary_link,25.0,80
5730,2929595495,2929595509,97.62,tertiary,30.0,100
5731,2929595508,631469533,16.01,secondary,40.0,200
5732,2929595508,2929595473,307.6,primary,50.0,300
5733,2929595509,2929595533,557.76,secondary,40.0,200
5734,2929595510,2929595508,15.0,primary,50.0,300
5735,2929595511,2929595510,15.99,secondary,40.0,200
5736,2929595511,13980218949,523.58,primary,50.0,300
5737,2929595533,631473702,7.99,secondary,40.0,200
5738,2929595533,2929595468,410.57,tertiary,30.0,100
5739,2929595539,631487309,13.12,tertiary,30.0,100
5740,2929595539,13980415691,118.22,secondary,40.0,200
5741,2929595542,13980306847,16.48,secondary,40.0,200
5742,2929595542,2929595543,12.48,secondary,40.0,200
5743,2929595543,13979936599,21.3,secondary,40.0,200
5744,2929595543,11032187526,15.46,secondary,40.0,200
5745,2929595613,6576003269,116.47,secondary,40.0,200
5746,2929595613,631466883,12.95,primary,50.0,300
5747,2929595648,11329781476,700.57,tertiary,30.0,100
5748,2929595648,1642954393,35.15,tertiary,30.0,100
5749,2929595648,1642954387,19.4,tertiary,30.0,100
5750,2952579402,2299861339,1740.82,secondary,40.0,200
5751,2952579406,2952579407,13.11,secondary,40.0,200
5752,2952579406,10279470676,753.92,primary,50.0,300
5753,2952579407,2299204430,17.54,primary,50.0,300
5754,2958525029,13774426555,135.32,secondary,40.0,200
5755,2966349058,8973761596,509.12,motorway_link,70.0,450
5756,2966349058,1366795154,116.69,motorway_link,70.0,450
5757,2966349059,2966389863,207.36,motorway,80.0,500
5758,2966349066,1366795154,24.93,tertiary,30.0,100
5759,2966349066,2966349059,119.64,motorway_link,70.0,450
5760,2966389529,10279835722,500.1,motorway_link,70.0,450
5761,2966389529,2439202936,1825.47,motorway,80.0,500
5762,2966389530,2715412076,2495.68,motorway,80.0,500
5763,2966389856,10116201901,39.08,secondary,40.0,200
5764,2966389863,9679154866,191.08,secondary,40.0,200
5765,2966389863,2966389530,1819.64,motorway,80.0,500
5766,2966422707,8973745204,772.14,trunk_link,50.0,350
5767,2966422707,245666475,2658.56,trunk,60.0,400
5768,2969409500,2250992777,17.93,secondary,40.0,200
5769,2969409500,1651800945,273.12,secondary,40.0,200
5770,2973125832,590605927,16.19,secondary,40.0,200
5771,3008529668,10636915871,3.95,primary,50.0,300
5772,3105782022,12296544494,9.5,tertiary,30.0,100
5773,3105782022,1180812204,314.19,tertiary,30.0,100
5774,3110861693,7331439052,19.29,primary,50.0,300
5775,3110861693,245682679,416.5,primary,50.0,300
5776,3110861696,3793874755,10.6,tertiary,30.0,100
5777,3110861696,245682226,639.64,tertiary,30.0,100
5778,3110861696,6618201525,224.6,primary,50.0,300
5779,3203218272,1651801084,26.82,secondary,40.0,200
5780,3203218272,1651800945,781.24,secondary,40.0,200
5781,3212163820,2966349059,205.83,motorway,80.0,500
5782,3213739255,2246157800,507.45,tertiary,30.0,100
5783,3213739255,245655296,207.56,tertiary,30.0,100
5784,3213739255,245655230,95.76,tertiary,30.0,100
5785,3215559553,12088834960,6.89,tertiary,30.0,100
5786,3215559553,1366795192,700.49,tertiary,30.0,100
5787,3215559553,3981413816,165.27,tertiary,30.0,100
5788,3217430319,1640852143,457.24,primary_link,40.0,250
5789,3217430342,13946963970,22.51,secondary,40.0,200
5790,3217430342,5130752071,11.05,secondary,40.0,200
5791,3217430342,13946963969,24.51,tertiary,30.0,100
5792,3217430345,4014863213,15.86,secondary,40.0,200
5793,3217430345,245670288,392.76,secondary,40.0,200
5794,3217430355,10267187204,337.14,primary_link,40.0,250
5795,3217430355,3217430426,409.86,primary,50.0,300
5796,3217430426,4104861727,535.81,primary,50.0,300
5797,3217430464,5130752067,47.23,secondary,40.0,200
5798,3217430477,4104861753,34.83,secondary,40.0,200
5799,3217430477,3217430464,60.55,secondary,40.0,200
5800,3217430479,10277909618,619.22,secondary,40.0,200
5801,3217437361,13848478047,31.01,primary,50.0,300
5802,3217437361,3217437362,10.27,primary_link,40.0,250
5803,3217437362,3217437364,31.25,primary,50.0,300
5804,3217437362,1879817644,410.28,primary_link,40.0,250
5805,3217437363,3217437361,37.73,primary,50.0,300
5806,3217437363,1880477227,224.65,primary_link,40.0,250
5807,3217437364,4632210322,71.28,primary,50.0,300
5808,3217437364,3217437363,11.58,primary_link,40.0,250
5809,3217449164,2439202907,75.0,tertiary,30.0,100
5810,3217449164,3737129890,201.41,tertiary,30.0,100
5811,3234240202,2244961394,92.72,tertiary,30.0,100
5812,3234240202,1366028025,155.13,tertiary,30.0,100
5813,3234264503,12311733719,348.74,tertiary,30.0,100
5814,3234280490,13088861527,13.25,tertiary,30.0,100
5815,3234280490,623889405,17.38,tertiary,30.0,100
5816,3234280490,3244522367,318.0,primary,50.0,300
5817,3243952040,3243952044,141.44,secondary,40.0,200
5818,3243952040,11238094123,972.84,secondary,40.0,200
5819,3243952044,7377674103,13.66,secondary,40.0,200
5820,3243952044,10956910758,409.03,primary,50.0,300
5821,3244522367,5477703693,12.07,primary_link,40.0,250
5822,3244522367,5470707484,117.76,primary,50.0,300
5823,3244522368,5477703696,14.09,primary,50.0,300
5824,3244522368,10878020697,494.22,primary,50.0,300
5825,3245616507,5848131200,37.76,primary,50.0,300
5826,3245616507,5470707490,13.23,trunk_link,50.0,350
5827,3245626610,5470707483,39.6,primary,50.0,300
5828,3245626610,3245626611,40.93,primary_link,40.0,250
5829,3245626611,13719841411,20.28,primary,50.0,300
5830,3245675983,3234240202,128.31,tertiary,30.0,100
5831,3269084026,2250251314,155.28,secondary,40.0,200
5832,3269084027,3269084026,101.64,tertiary,30.0,100
5833,3269084027,2241633911,55.66,tertiary,30.0,100
5834,3273736210,11329781476,850.54,tertiary,30.0,100
5835,3273736210,10277700925,644.53,secondary,40.0,200
5836,3273736210,245664865,886.39,secondary,40.0,200
5837,3273736680,9130240898,20.41,primary_link,40.0,250
5838,3273736680,564741520,55.0,primary,50.0,300
5839,3273736683,7305880356,14.65,tertiary,30.0,100
5840,3273736683,1651530992,351.49,secondary,40.0,200
5841,3273736683,2242576961,437.31,tertiary,30.0,100
5842,3359112086,245675162,17.13,tertiary,30.0,100
5843,3359112086,13855693186,119.06,tertiary,30.0,100
5844,3359112086,245675627,242.43,secondary,40.0,200
5845,3376195596,1366857555,123.21,tertiary,30.0,100
5846,3376195596,1366857600,115.71,tertiary,30.0,100
5847,3376195596,13789652001,241.62,tertiary,30.0,100
5848,3405371511,2247988788,12.49,secondary,40.0,200
5849,3405371511,13980306852,169.84,secondary,40.0,200
5850,3405453665,2929595426,543.47,primary,50.0,300
5851,3455073157,3455073158,14.25,motorway_link,70.0,450
5852,3455073157,3405453665,93.1,primary,50.0,300
5853,3455073158,3455073159,24.01,motorway_link,70.0,450
5854,3455073158,6117576025,237.07,primary,50.0,300
5855,3455073159,3455073168,89.98,motorway_link,70.0,450
5856,3455073159,3455073157,26.69,primary,50.0,300
5857,3455073168,2715412065,384.64,motorway_link,70.0,450
5858,3455073175,3455073168,64.53,motorway_link,70.0,450
5859,3455073175,3455073159,97.78,primary,50.0,300
5860,3455073183,13366768784,216.65,tertiary,30.0,100
5861,3455073183,13584156081,137.21,tertiary,30.0,100
5862,3455073186,3455073183,235.66,tertiary,30.0,100
5863,3455073186,11954269591,342.82,motorway_link,70.0,450
5864,3526719584,866807393,42.06,secondary,40.0,200
5865,3526719584,6570055106,14.7,tertiary,30.0,100
5866,3568776812,10277717600,8.59,tertiary,30.0,100
5867,3568776812,10209641929,420.4,tertiary,30.0,100
5868,3633829123,245678732,495.1,tertiary,30.0,100
5869,3633829123,1189168883,15.57,tertiary,30.0,100
5870,3663657595,866806765,23.57,primary,50.0,300
5871,3663657595,1936355548,13.74,secondary,40.0,200
5872,3708877804,7416469191,13.05,primary,50.0,300
5873,3708878218,1199606539,20.92,primary_link,40.0,250
5874,3708878218,12408501791,57.42,primary,50.0,300
5875,3708878506,3708878517,36.2,primary,50.0,300
5876,3708878506,6567775293,62.36,primary_link,40.0,250
5877,3708878517,6133947524,10.92,primary_link,40.0,250
5878,3708878517,245673708,134.98,primary,50.0,300
5879,3708879243,10279615797,8.22,primary,50.0,300
5880,3708879264,1184073234,22.6,tertiary,30.0,100
5881,3708879264,7388408793,648.05,tertiary,30.0,100
5882,3708879264,10653616790,447.86,primary,50.0,300
5883,3708879285,2244962347,21.68,tertiary,30.0,100
5884,3708879285,3708879264,347.58,primary,50.0,300
5885,3708879297,12408501791,21.47,secondary,40.0,200
5886,3708879297,1199606539,66.84,primary,50.0,300
5887,3708879330,4340967981,19.77,secondary,40.0,200
5888,3708879330,3708878218,203.32,primary,50.0,300
5889,3708879333,245671529,11.36,tertiary,30.0,100
5890,3708879333,13876297917,1126.22,tertiary,30.0,100
5891,3708879333,9719600347,288.25,primary,50.0,300
5892,3708879345,4323064898,18.23,tertiary,30.0,100
5893,3708879345,623037777,439.57,primary,50.0,300
5894,3708879354,1184152729,20.73,tertiary,30.0,100
5895,3708879354,1184078333,283.58,tertiary,30.0,100
5896,3708879354,10564298261,593.27,primary,50.0,300
5897,3708879372,13629221959,9.27,tertiary,30.0,100
5898,3708879372,4323064898,433.69,primary,50.0,300
5899,3708879375,245671694,9.71,tertiary,30.0,100
5900,3708879375,3708879392,178.99,primary,50.0,300
5901,3708879376,10653604968,19.23,primary,50.0,300
5902,3708879376,3797889277,546.54,secondary,40.0,200
5903,3708879380,10653604967,18.3,primary,50.0,300
5904,3708879380,6493265092,207.63,primary,50.0,300
5905,3708879392,6569979210,11.6,primary_link,40.0,250
5906,3708879392,12343188110,465.77,primary,50.0,300
5907,3732540596,1966835463,326.54,secondary,40.0,200
5908,3732540596,245658976,212.46,secondary,40.0,200
5909,3736838666,10248977467,7.03,tertiary,30.0,100
5910,3736882567,10883614936,9.88,tertiary,30.0,100
5911,3736882567,10883614931,184.78,secondary,40.0,200
5912,3736885986,12777714547,9.96,tertiary,30.0,100
5913,3736885986,2804431000,17.14,tertiary,30.0,100
5914,3736885986,2804433701,47.59,tertiary,30.0,100
5915,3736905344,1184084001,31.12,tertiary,30.0,100
5916,3736905344,623040192,195.43,tertiary,30.0,100
5917,3736905346,3736905353,236.62,tertiary,30.0,100
5918,3736905346,3736905344,211.04,tertiary,30.0,100
5919,3736905346,1184078333,293.17,tertiary,30.0,100
5920,3736905353,3736905346,236.62,tertiary,30.0,100
5921,3736905353,623040192,136.9,secondary,40.0,200
5922,3736922371,5936572203,12.79,tertiary,30.0,100
5923,3736922371,7398009409,364.19,tertiary,30.0,100
5924,3736922371,3736905353,104.1,secondary,40.0,200
5925,3736953724,13649175893,425.56,tertiary,30.0,100
5926,3736964759,3736964761,36.09,tertiary,30.0,100
5927,3736964759,10279704583,59.59,tertiary,30.0,100
5928,3736964761,2244962111,82.43,tertiary,30.0,100
5929,3736964761,3736964759,36.09,tertiary,30.0,100
5930,3737129890,3217449164,201.41,tertiary,30.0,100
5931,3737129890,5912237873,7.1,tertiary,30.0,100
5932,3737129897,5912237845,7.02,tertiary,30.0,100
5933,3737129897,13673603150,173.77,tertiary,30.0,100
5934,3737943440,3217430355,1906.61,primary,50.0,300
5935,3747300131,1176874806,15.8,tertiary,30.0,100
5936,3747300131,11920002787,1507.19,tertiary,30.0,100
5937,3747300132,2264152102,14.8,tertiary,30.0,100
5938,3747300132,11920002780,487.8,tertiary,30.0,100
5939,3762234397,1643105819,67.59,secondary,40.0,200
5940,3791183342,13584566778,11.04,primary,50.0,300
5941,3791204936,7357689011,58.91,secondary,40.0,200
5942,3791204936,4367741813,14.31,tertiary,30.0,100
5943,3791205111,13803281542,89.41,tertiary,30.0,100
5944,3791205111,13771355342,215.14,tertiary,30.0,100
5945,3792949321,13460028978,5.58,trunk_link,50.0,350
5946,3793874736,245682143,3.73,tertiary,30.0,100
5947,3793874755,3110861696,10.6,tertiary,30.0,100
5948,3793874755,7358348615,277.98,primary,50.0,300
5949,3793874875,10880492220,110.68,secondary,40.0,200
5950,3793874875,13584203888,20.59,secondary,40.0,200
5951,3793874877,10879569089,22.27,secondary,40.0,200
5952,3793874877,629023678,102.11,secondary,40.0,200
5953,3793874882,10877132827,4.76,tertiary,30.0,100
5954,3793874882,629022674,1432.65,tertiary,30.0,100
5955,3793874882,10877132833,85.75,secondary,40.0,200
5956,3794262396,245679479,17.97,secondary,40.0,200
5957,3794262396,7388110229,766.57,primary,50.0,300
5958,3794269318,245679943,20.79,secondary,40.0,200
5959,3794269318,13572591173,340.55,primary,50.0,300
5960,3794378170,2249163368,62.56,trunk,60.0,400
5961,3794378247,2249163520,344.07,tertiary,30.0,100
5962,3794378247,13835530434,16.62,tertiary,30.0,100
5963,3795056351,627835037,858.43,tertiary,30.0,100
5964,3795056351,627835899,441.6,tertiary,30.0,100
5965,3795056480,7392412412,9.49,tertiary,30.0,100
5966,3795056480,1188784758,884.87,tertiary,30.0,100
5967,3795056480,13649362632,234.43,primary,50.0,300
5968,3796394579,1186904904,98.63,tertiary,30.0,100
5969,3796499961,7358292808,13.96,secondary,40.0,200
5970,3796685893,12756716798,86.08,secondary,40.0,200
5971,3796685898,3796685893,207.47,tertiary,30.0,100
5972,3796685898,12756706885,26.66,tertiary_link,25.0,80
5973,3796685899,13597200150,131.3,tertiary,30.0,100
5974,3796685899,3796685916,698.96,secondary,40.0,200
5975,3796685914,12946743498,17.88,tertiary,30.0,100
5976,3796685914,13597418381,31.27,tertiary_link,25.0,80
5977,3796685916,3796685917,16.24,secondary,40.0,200
5978,3796685917,9130272923,26.96,secondary,40.0,200
5979,3796685917,2440694454,28.5,secondary,40.0,200
5980,3797666810,2249163902,10.93,secondary,40.0,200
5981,3797666810,2249163790,414.37,secondary,40.0,200
5982,3797889277,4323055307,19.74,tertiary,30.0,100
5983,3797889277,4323064898,380.02,tertiary,30.0,100
5984,3797889277,10653536589,205.81,secondary,40.0,200
5985,3797889591,12330279493,7.63,secondary,40.0,200
5986,3797889591,1184471965,173.04,tertiary,30.0,100
5987,3808239216,1348056645,5.58,tertiary,30.0,100
5988,3808239216,13552431988,19.44,tertiary,30.0,100
5989,3878367738,1640273641,137.8,secondary,40.0,200
5990,3878367738,3878367744,67.67,secondary,40.0,200
5991,3878367744,3878367738,67.67,secondary,40.0,200
5992,3878367744,623040016,106.12,secondary,40.0,200
5993,3878413305,10277913370,14.03,secondary,40.0,200
5994,3878413305,10653536589,16.5,secondary,40.0,200
5995,3878413319,1154216503,22.44,tertiary,30.0,100
5996,3878413319,5936572235,468.52,secondary,40.0,200
5997,3878413320,3878413319,40.56,secondary,40.0,200
5998,3878413320,1651936218,282.29,tertiary,30.0,100
5999,3878413328,623881375,17.46,tertiary,30.0,100
6000,3878413328,3878413320,498.45,secondary,40.0,200
6001,3878413343,623040015,16.17,secondary,40.0,200
6002,3878413343,10173255202,442.04,secondary,40.0,200
6003,3878413343,3878413328,241.71,secondary,40.0,200
6004,3878413345,3878413343,13.16,secondary,40.0,200
6005,3878413345,623040016,105.56,secondary,40.0,200
6006,3878492882,13867818987,70.67,primary,50.0,300
6007,3878492883,3878492884,32.68,tertiary,30.0,100
6008,3878492883,3878492882,35.67,primary_link,40.0,250
6009,3878492884,3878492885,10.42,tertiary,30.0,100
6010,3878492884,3878492882,17.39,primary,50.0,300
6011,3878492885,13867831512,4.21,primary,50.0,300
6012,3878492889,1172489427,11.51,tertiary,30.0,100
6013,3878492889,7394181672,467.07,primary,50.0,300
6014,3878492898,245677658,11.88,secondary,40.0,200
6015,3878492898,3878492908,789.79,primary,50.0,300
6016,3878492908,7241667064,11.14,primary,50.0,300
6017,3878492908,245678339,389.18,tertiary,30.0,100
6018,3878492911,11991486843,30.84,tertiary,30.0,100
6019,3878492911,6117653724,11.56,primary,50.0,300
6020,3878559848,10279809044,1408.5,secondary,40.0,200
6021,3878559848,13658634058,501.22,trunk,60.0,400
6022,3878559855,245663765,17.11,secondary,40.0,200
6023,3878559855,245663961,104.17,secondary,40.0,200
6024,3878559855,3878559848,458.05,trunk,60.0,400
6025,3890125193,9778641844,707.35,motorway,80.0,500
6026,3890222324,1634250050,1171.85,trunk,60.0,400
6027,3890222324,2559494248,444.09,trunk,60.0,400
6028,3890222330,3890222324,2100.19,motorway,80.0,500
6029,3890222353,4162615475,13.21,tertiary,30.0,100
6030,3890222353,7321670646,316.1,tertiary,30.0,100
6031,3890222354,3890222353,10.38,tertiary,30.0,100
6032,3890222354,3890222357,191.58,tertiary,30.0,100
6033,3890222355,3890222357,10.0,tertiary,30.0,100
6034,3890222355,3890222353,187.51,tertiary,30.0,100
6035,3890222356,3890222355,7.99,tertiary,30.0,100
6036,3890222356,4146135281,44.42,tertiary,30.0,100
6037,3890222357,290884999,7.99,tertiary,30.0,100
6038,3890222357,3890222372,121.3,tertiary,30.0,100
6039,3890222358,3890222361,10.0,secondary,40.0,200
6040,3890222358,5518220734,96.77,tertiary,30.0,100
6041,3890222359,3890222358,9.99,tertiary,30.0,100
6042,3890222359,9867473981,46.56,secondary,40.0,200
6043,3890222361,290888177,10.0,tertiary,30.0,100
6044,3890222361,6091905975,79.74,secondary,40.0,200
6045,3890222362,5518220729,72.93,tertiary,30.0,100
6046,3890222362,2246850880,10.0,tertiary,30.0,100
6047,3890222372,3890222378,9.99,tertiary,30.0,100
6048,3890222372,5518220730,213.28,tertiary,30.0,100
6049,3890222378,3890222382,7.97,tertiary,30.0,100
6050,3890222382,415300895,10.63,tertiary,30.0,100
6051,3890222382,5518220735,97.83,tertiary,30.0,100
6052,3890222389,415303836,68.12,tertiary,30.0,100
6053,3890222389,290885002,10.41,secondary,40.0,200
6054,3890222397,6091905974,114.7,secondary,40.0,200
6055,3893167782,11028340735,220.13,tertiary,30.0,100
6056,3893167782,1879817825,358.0,primary,50.0,300
6057,3981413772,1366900404,33.02,tertiary,30.0,100
6058,3981413772,1366795192,194.95,tertiary,30.0,100
6059,3981413772,7334101312,827.26,trunk_link,50.0,350
6060,3981413816,9267777726,33.57,tertiary,30.0,100
6061,3981413816,7684969501,665.2,trunk_link,50.0,350
6062,4014863213,6552261005,27.94,secondary,40.0,200
6063,4014863213,4104861753,13.09,secondary,40.0,200
6064,4014863218,810349108,20.56,tertiary,30.0,100
6065,4014863218,1185553720,396.53,tertiary,30.0,100
6066,4014863218,4104861752,471.8,secondary,40.0,200
6067,4046420989,2163559569,211.74,secondary,40.0,200
6068,4046420989,1643105843,100.81,secondary,40.0,200
6069,4046420989,2163559556,97.39,primary,50.0,300
6070,4048579846,486004411,542.41,secondary,40.0,200
6071,4048579846,245653464,592.32,secondary,40.0,200
6072,4050193893,2176701319,15.81,tertiary,30.0,100
6073,4050193893,11052576142,114.98,tertiary,30.0,100
6074,4099754310,13701955564,10.01,primary,50.0,300
6075,4099754310,486040864,12.15,tertiary,30.0,100
6076,4104861727,3217430479,415.88,secondary,40.0,200
6077,4104861727,1640852143,477.04,primary,50.0,300
6078,4104861752,245670288,28.13,tertiary,30.0,100
6079,4104861752,6552261009,366.34,secondary,40.0,200
6080,4104861753,10653548875,16.2,secondary,40.0,200
6081,4104861753,3217430464,45.13,secondary,40.0,200
6082,4140551636,2298251470,13.55,tertiary,30.0,100
6083,4140551636,2298251537,350.07,tertiary,30.0,100
6084,4140551636,4625570716,457.99,primary,50.0,300
6085,4146135269,4819972384,8.0,tertiary_link,25.0,80
6086,4146135269,7321670649,98.77,tertiary,30.0,100
6087,4146135281,9350085606,93.1,tertiary,30.0,100
6088,4146135281,4819972371,7.96,tertiary_link,25.0,80
6089,4146373095,2298251556,299.01,tertiary,30.0,100
6090,4146373181,9805620649,7.99,tertiary_link,25.0,80
6091,4146373181,457089759,85.04,tertiary,30.0,100
6092,4146373389,2298251616,13.5,secondary,40.0,200
6093,4146373389,11038814750,68.23,secondary,40.0,200
6094,4162615475,3890222354,10.01,tertiary,30.0,100
6095,4162615475,2246850880,267.56,tertiary,30.0,100
6096,4178790375,1934779427,51.27,primary,50.0,300
6097,4213259528,13833490785,22.01,tertiary,30.0,100
6098,4213259528,7366248543,614.76,tertiary,30.0,100
6099,4213259529,8441348211,8.85,tertiary,30.0,100
6100,4213259529,9212473110,19.12,secondary,40.0,200
6101,4214654600,2491194122,784.88,trunk,60.0,400
6102,4214654600,9925315040,305.53,trunk_link,50.0,350
6103,4214654628,7736315026,581.17,trunk_link,50.0,350
6104,4214654628,4214654632,377.29,trunk_link,50.0,350
6105,4214654632,2702435812,736.39,trunk,60.0,400
6106,4214654657,4214654628,923.28,trunk,60.0,400
6107,4233541824,13814951631,104.95,tertiary,30.0,100
6108,4233541824,4367705365,16.54,tertiary_link,25.0,80
6109,4233541826,4367705362,239.79,tertiary,30.0,100
6110,4233541826,8628324165,21.97,tertiary,30.0,100
6111,4233545103,5839628060,12.18,tertiary_link,25.0,80
6112,4233545103,5839628054,126.89,tertiary,30.0,100
6113,4233563027,13592081234,229.55,tertiary,30.0,100
6114,4233563027,7288662229,26.07,tertiary,30.0,100
6115,4233563027,1644082906,410.72,tertiary,30.0,100
6116,4233787585,564878691,1747.66,tertiary,30.0,100
6117,4233787585,564864170,2042.25,tertiary,30.0,100
6118,4233787585,627733111,1821.53,tertiary,30.0,100
6119,4244274459,245653413,13.93,tertiary,30.0,100
6120,4244274459,4244274462,243.71,secondary,40.0,200
6121,4244274462,4244274466,7.7,secondary,40.0,200
6122,4244274463,12299724446,8.16,tertiary,30.0,100
6123,4244274463,245653788,250.65,tertiary,30.0,100
6124,4244274463,11052629982,373.98,secondary,40.0,200
6125,4244274466,245653613,10.91,tertiary,30.0,100
6126,4244274466,4244274463,218.54,secondary,40.0,200
6127,4244306273,528644374,20.98,tertiary,30.0,100
6128,4244306273,1651447381,471.84,primary,50.0,300
6129,4244306274,4244306273,12.05,primary,50.0,300
6130,4244306274,9313040201,149.31,tertiary,30.0,100
6131,4244306276,245653830,22.5,secondary,40.0,200
6132,4244306276,2168581047,93.0,primary,50.0,300
6133,4260125481,1643093987,140.93,primary,50.0,300
6134,4264598303,4264598304,16.58,secondary,40.0,200
6135,4264598303,10279809011,47.74,trunk,60.0,400
6136,4264598304,2629741752,15.95,trunk,60.0,400
6137,4264598304,13676994257,213.96,secondary,40.0,200
6138,4264598306,245665303,11.57,secondary,40.0,200
6139,4264598306,1643351856,395.8,secondary,40.0,200
6140,4264598312,1651421959,18.61,secondary,40.0,200
6141,4264598312,245665748,156.03,secondary,40.0,200
6142,4264598312,245665303,480.7,secondary,40.0,200
6143,4264598325,2163935132,14.48,tertiary,30.0,100
6144,4264598325,13335873377,91.82,tertiary,30.0,100
6145,4264598329,10653480112,7.59,tertiary,30.0,100
6146,4264598331,1643035301,8.9,tertiary,30.0,100
6147,4264598331,4264598335,197.62,tertiary,30.0,100
6148,4264598335,1643031078,10.93,tertiary,30.0,100
6149,4264598335,2804433701,1570.94,tertiary,30.0,100
6150,4264598335,10279742511,193.21,tertiary,30.0,100
6151,4264598351,4264598354,14.76,tertiary,30.0,100
6152,4264598351,9931893591,727.54,tertiary,30.0,100
6153,4264598354,6091828621,29.53,tertiary,30.0,100
6154,4264781363,13719082395,54.84,tertiary,30.0,100
6155,4264781363,11396019517,6.26,tertiary_link,25.0,80
6156,4264781384,11400791206,12.81,tertiary,30.0,100
6157,4264834966,9866047004,470.17,secondary,40.0,200
6158,4264834966,4264834980,10.26,secondary,40.0,200
6159,4264834980,7371920936,27.39,secondary,40.0,200
6160,4292873308,12558343922,34.4,secondary,40.0,200
6161,4294951431,9201447745,12.75,secondary,40.0,200
6162,4294951431,245656408,243.84,secondary,40.0,200
6163,4294951453,10277829355,42.08,secondary,40.0,200
6164,4294951453,10885775501,9.66,secondary,40.0,200
6165,4294951462,245657186,9.62,primary,50.0,300
6166,4294951462,10277829350,341.25,secondary,40.0,200
6167,4294951473,13303028471,17.61,tertiary,30.0,100
6168,4294951473,245657519,14.15,tertiary,30.0,100
6169,4294951473,13303028460,22.75,secondary,40.0,200
6170,4294951726,13509287420,7.98,secondary,40.0,200
6171,4294951726,13802289432,80.89,secondary,40.0,200
6172,4307040267,245653028,159.73,secondary,40.0,200
6173,4307040267,4307040271,46.24,secondary,40.0,200
6174,4307040271,4307040282,14.7,secondary,40.0,200
6175,4307040279,4307040267,44.19,secondary,40.0,200
6176,4307040279,4307040271,11.9,secondary,40.0,200
6177,4307040281,4307040279,3.0,secondary,40.0,200
6178,4307040282,459482553,677.06,tertiary,30.0,100
6179,4307040282,4307040287,5.96,secondary,40.0,200
6180,4307040287,4307040281,12.08,secondary,40.0,200
6181,4307040287,4307040292,37.3,secondary,40.0,200
6182,4307040292,4307040281,34.87,secondary,40.0,200
6183,4307040292,4307040305,373.39,secondary,40.0,200
6184,4307040305,12414405106,513.78,secondary,40.0,200
6185,4307040305,4307040292,373.39,secondary,40.0,200
6186,4307040343,245653649,127.77,tertiary,30.0,100
6187,4307040343,7461994656,33.51,tertiary,30.0,100
6188,4307040346,12350793007,9.99,tertiary,30.0,100
6189,4307040346,2178056750,5.14,secondary,40.0,200
6190,4307040348,13702074450,3.05,tertiary,30.0,100
6191,4307040348,245653923,307.71,tertiary,30.0,100
6192,4307040451,13904906005,173.0,secondary,40.0,200
6193,4307040453,245657245,39.38,secondary,40.0,200
6194,4307040453,4307040478,68.24,secondary,40.0,200
6195,4307040457,10877664329,23.45,secondary,40.0,200
6196,4307040457,10277817426,7.39,secondary_link,35.0,150
6197,4307040465,4307040457,19.3,secondary_link,35.0,150
6198,4307040465,4307040466,23.19,primary,50.0,300
6199,4307040466,4307040457,10.86,secondary,40.0,200
6200,4307040466,10877664326,10.26,primary,50.0,300
6201,4307040478,13907751314,277.82,primary,50.0,300
6202,4307211851,5792364474,27.34,secondary,40.0,200
6203,4307211851,10733085808,466.37,secondary,40.0,200
6204,4307211865,4307211851,43.97,secondary,40.0,200
6205,4310550234,347149014,11.29,tertiary,30.0,100
6206,4310550234,9739950373,288.85,primary,50.0,300
6207,4323055307,3797889277,19.74,tertiary,30.0,100
6208,4323055307,10653604968,550.4,secondary,40.0,200
6209,4323064898,3708879345,18.23,tertiary,30.0,100
6210,4323064898,3797889277,380.02,tertiary,30.0,100
6211,4323064898,3708879376,459.48,primary,50.0,300
6212,4323078802,623037777,332.4,tertiary,30.0,100
6213,4323078802,12325306928,118.28,tertiary,30.0,100
6214,4323656421,10653604966,153.0,tertiary,30.0,100
6215,4323656421,1184084001,274.36,tertiary,30.0,100
6216,4328035957,10277700921,31.84,primary,50.0,300
6217,4328035957,9739950373,13.03,secondary,40.0,200
6218,4328035970,346633210,83.95,secondary,40.0,200
6219,4328035970,9916444554,6.89,secondary,40.0,200
6220,4328161625,1647747259,54.52,primary,50.0,300
6221,4328161625,8443491302,329.11,motorway_link,70.0,450
6222,4328161648,2250795804,43.8,tertiary,30.0,100
6223,4328236683,245653665,19.85,tertiary,30.0,100
6224,4328236683,245653748,316.43,tertiary,30.0,100
6225,4335012905,245668764,9.08,primary,50.0,300
6226,4335012905,13522606639,88.17,secondary,40.0,200
6227,4335012908,245668776,8.12,secondary,40.0,200
6228,4335012908,4335012910,245.78,secondary,40.0,200
6229,4335012910,10603299587,6.53,tertiary,30.0,100
6230,4335012910,10603299588,8.97,secondary,40.0,200
6231,4340930308,4340930310,11.57,tertiary,30.0,100
6232,4340930308,3245626610,798.1,primary,50.0,300
6233,4340930310,4340930308,11.57,tertiary,30.0,100
6234,4340930310,10279704572,626.24,tertiary,30.0,100
6235,4340930310,2622177385,341.29,primary,50.0,300
6236,4340967981,245671354,12.91,primary,50.0,300
6237,4340967981,10277909622,38.27,secondary,40.0,200
6238,4342420719,4342420750,543.55,secondary,40.0,200
6239,4342420719,6428838989,391.15,tertiary,30.0,100
6240,4342420724,245668399,13.43,trunk,60.0,400
6241,4342420724,4342420719,48.67,secondary,40.0,200
6242,4342420750,245668480,19.83,tertiary,30.0,100
6243,4342420750,245668543,661.43,secondary,40.0,200
6244,4342421081,621976586,25.95,tertiary,30.0,100
6245,4342421081,4342421082,9.68,tertiary,30.0,100
6246,4342421082,4342421098,20.34,tertiary,30.0,100
6247,4342421083,4342421081,2.78,tertiary,30.0,100
6248,4342421098,4342421083,14.79,tertiary,30.0,100
6249,4342421098,621976590,22.32,tertiary,30.0,100
6250,4343231499,7378448192,23.78,primary,50.0,300
6251,4343231499,12311833488,35.13,primary_link,40.0,250
6252,4343426716,245657099,350.4,secondary,40.0,200
6253,4343426716,10883705290,126.72,secondary,40.0,200
6254,4352245939,6494896736,13.29,primary_link,40.0,250
6255,4352245939,619309814,341.53,primary,50.0,300
6256,4352377830,884254033,10.94,secondary,40.0,200
6257,4352377830,4352377833,235.73,secondary,40.0,200
6258,4352377833,11710446828,8.32,secondary_link,35.0,150
6259,4352377833,884220241,314.84,secondary,40.0,200
6260,4357075033,1177162897,341.4,tertiary,30.0,100
6261,4357075033,7397142005,181.76,tertiary,30.0,100
6262,4357151383,13598885114,7.51,primary_link,40.0,250
6263,4357151383,1934768159,442.53,primary,50.0,300
6264,4357170877,4357170878,62.38,primary_link,40.0,250
6265,4357170877,864964221,41.86,primary,50.0,300
6266,4357170878,9137843242,360.41,primary,50.0,300
6267,4357272781,10207346710,34.16,trunk,60.0,400
6268,4357272781,10207346709,29.38,trunk_link,50.0,350
6269,4357273820,245665275,34.64,secondary,40.0,200
6270,4357273820,2629741747,274.03,tertiary,30.0,100
6271,4357300487,1665625285,84.65,tertiary,30.0,100
6272,4357300487,9931893591,1214.72,tertiary,30.0,100
6273,4357300487,2246472380,323.23,tertiary,30.0,100
6274,4357358592,1647285790,377.31,trunk,60.0,400
6275,4357358592,13479795775,274.79,primary,50.0,300
6276,4361337153,4361337156,33.32,primary_link,40.0,250
6277,4361337153,13830528568,54.33,primary,50.0,300
6278,4361337156,4099754310,285.61,primary,50.0,300
6279,4361545033,13328310238,319.48,primary,50.0,300
6280,4361545033,1645876418,1344.49,primary,50.0,300
6281,4362345197,10277829372,81.19,secondary,40.0,200
6282,4362345214,6554614256,8.79,tertiary,30.0,100
6283,4362345214,245655580,234.81,secondary,40.0,200
6284,4362526717,5907269895,89.0,tertiary,30.0,100
6285,4362526717,13959321565,672.7,tertiary,30.0,100
6286,4362728160,10207346714,103.5,tertiary,30.0,100
6287,4362728160,13789930613,24.56,tertiary,30.0,100
6288,4362728161,2248802401,117.45,secondary,40.0,200
6289,4362728164,1651387817,52.01,trunk,60.0,400
6290,4362728164,4362728161,65.37,trunk_link,50.0,350
6291,4362787515,245662564,22.68,tertiary,30.0,100
6292,4362787515,12294664506,738.35,tertiary,30.0,100
6293,4362787515,7372455153,63.12,tertiary,30.0,100
6294,4365981540,13580034542,65.02,tertiary,30.0,100
6295,4365981540,5968928400,9.88,primary,50.0,300
6296,4366004642,6246728889,5.02,tertiary_link,25.0,80
6297,4366004642,1714209584,48.72,tertiary,30.0,100
6298,4366037002,1640769588,13.64,tertiary,30.0,100
6299,4366037002,6583666746,382.24,primary,50.0,300
6300,4366129978,5836311789,19.54,secondary,40.0,200
6301,4366129978,5346805346,76.95,primary,50.0,300
6302,4367646530,7288676450,11.56,tertiary_link,25.0,80
6303,4367646530,13577420331,126.11,tertiary,30.0,100
6304,4367705362,8628297887,17.86,tertiary_link,25.0,80
6305,4367705362,13284943785,128.89,tertiary,30.0,100
6306,4367705365,8779392329,104.79,tertiary,30.0,100
6307,4367705365,4233541824,16.54,tertiary_link,25.0,80
6308,4367741813,3791204936,14.31,tertiary,30.0,100
6309,4367741813,13771355323,225.25,tertiary,30.0,100
6310,4367741813,7357688952,332.51,secondary,40.0,200
6311,4367741846,13601941452,55.85,primary,50.0,300
6312,4368992602,13575284308,24.35,tertiary,30.0,100
6313,4368992602,6575856520,1309.25,tertiary,30.0,100
6314,4374611143,1070196437,20.42,secondary,40.0,200
6315,4374611143,1070196441,234.16,primary,50.0,300
6316,4374680526,5346620507,19.93,primary,50.0,300
6317,4374680526,4374680531,20.61,primary,50.0,300
6318,4374680531,4374680532,48.76,primary,50.0,300
6319,4374680532,6117461549,440.08,tertiary,30.0,100
6320,4374680532,13729998233,915.33,primary,50.0,300
6321,4390304646,2216534453,19.12,tertiary,30.0,100
6322,4390304646,11925677530,198.62,tertiary,30.0,100
6323,4461968005,9137843243,17.79,primary_link,40.0,250
6324,4461968005,1920242403,231.96,primary,50.0,300
6325,4461980218,245673683,49.11,tertiary,30.0,100
6326,4461980218,9784935413,337.01,tertiary,30.0,100
6327,4465528799,2439252028,17.0,tertiary,30.0,100
6328,4465528799,10279771621,184.14,tertiary,30.0,100
6329,4513730336,12293587690,7.32,secondary_link,35.0,150
6330,4513730336,460941612,82.55,secondary,40.0,200
6331,4513730350,460941612,7.82,tertiary,30.0,100
6332,4513730350,12293587690,83.12,secondary,40.0,200
6333,4567650388,9891102542,217.16,tertiary,30.0,100
6334,4567650388,5968988237,12.88,tertiary,30.0,100
6335,4569925675,13657812310,118.18,secondary,40.0,200
6336,4569925675,11274067553,18.31,secondary,40.0,200
6337,4590912466,13472876902,11.29,tertiary,30.0,100
6338,4590912466,13472876902,56.74,tertiary,30.0,100
6339,4611102156,10310503648,326.45,secondary,40.0,200
6340,4611102156,986518071,829.61,secondary,40.0,200
6341,4611102159,4611102160,27.4,secondary,40.0,200
6342,4611102159,10277547739,27.97,secondary_link,35.0,150
6343,4611102160,1375215803,180.23,secondary,40.0,200
6344,4611102161,4611102162,25.21,tertiary,30.0,100
6345,4611102162,10310503648,244.18,tertiary,30.0,100
6346,4611102162,4611102161,25.21,tertiary,30.0,100
6347,4611102162,13872319532,62.69,tertiary,30.0,100
6348,4611102181,13887009327,19.41,secondary,40.0,200
6349,4611102181,10277547739,21.25,secondary,40.0,200
6350,4611106873,4611102161,294.39,tertiary,30.0,100
6351,4611106873,6495099186,395.48,secondary,40.0,200
6352,4625570716,457068137,12.14,secondary,40.0,200
6353,4625570716,4632210526,836.34,secondary,40.0,200
6354,4625570781,4625570783,27.01,tertiary,30.0,100
6355,4625570781,13584286088,39.07,tertiary,30.0,100
6356,4625570783,4745836949,11.81,tertiary,30.0,100
6357,4625570783,4625570781,27.01,tertiary,30.0,100
6358,4625570783,13580034551,49.29,primary,50.0,300
6359,4625570785,13580034547,7.46,primary,50.0,300
6360,4625570786,4625570785,12.07,tertiary,30.0,100
6361,4625570786,4745836949,127.32,primary,50.0,300
6362,4632210322,6583145397,867.31,primary,50.0,300
6363,4632210328,5841547795,11.16,secondary,40.0,200
6364,4632210328,13569059851,1241.97,secondary,40.0,200
6365,4632210328,4761676585,810.27,primary,50.0,300
6366,4632210526,2298251620,451.19,secondary,40.0,200
6367,4632210526,1650399569,485.14,tertiary,30.0,100
6368,4632210526,4625570716,836.34,secondary,40.0,200
6369,4650001241,7280008177,46.54,primary,50.0,300
6370,4650001241,2178289463,14.17,trunk_link,50.0,350
6371,4697188966,10277590753,10.41,tertiary,30.0,100
6372,4697188966,296852386,371.7,secondary,40.0,200
6373,4699029729,1920266094,10.23,tertiary,30.0,100
6374,4699029729,1920266094,171.34,tertiary,30.0,100
6375,4711099271,1389428820,314.78,tertiary,30.0,100
6376,4711099271,9880815282,158.67,tertiary,30.0,100
6377,4745836949,4625570783,11.81,tertiary,30.0,100
6378,4745836949,6117575882,324.61,primary,50.0,300
6379,4759328550,619199912,7.03,tertiary,30.0,100
6380,4759328550,10198760884,72.62,tertiary,30.0,100
6381,4759328576,12260767709,13.95,secondary,40.0,200
6382,4759328594,4759328596,12.75,tertiary,30.0,100
6383,4759328594,10886219106,285.19,tertiary,30.0,100
6384,4759328596,4759328597,3.59,tertiary,30.0,100
6385,4759328597,13877892985,72.25,tertiary,30.0,100
6386,4759328597,4759328609,13.87,tertiary,30.0,100
6387,4759328602,4759328605,15.81,tertiary,30.0,100
6388,4759328605,13877892988,19.76,tertiary,30.0,100
6389,4759328605,4759328607,8.05,tertiary,30.0,100
6390,4759328607,4759328594,12.74,tertiary,30.0,100
6391,4759328609,12258228970,3.89,tertiary,30.0,100
6392,4759328736,13296041488,10.35,tertiary,30.0,100
6393,4759328736,6130158660,383.41,secondary,40.0,200
6394,4759328737,6130158660,13.7,primary,50.0,300
6395,4759328737,4759328741,346.72,secondary,40.0,200
6396,4759328741,4759328742,25.82,secondary,40.0,200
6397,4759328741,2245075637,187.39,tertiary,30.0,100
6398,4759328742,13296041488,15.34,secondary,40.0,200
6399,4759328742,10279704563,23.05,secondary_link,35.0,150
6400,4759328743,619199658,11.05,tertiary,30.0,100
6401,4759328743,6581003011,583.64,secondary,40.0,200
6402,4759328761,4759328807,278.65,secondary,40.0,200
6403,4759328761,4759328576,12.02,secondary,40.0,200
6404,4759328773,4759328776,13.02,secondary,40.0,200
6405,4759328773,9884695315,39.06,tertiary,30.0,100
6406,4759328776,4759328777,4.34,secondary,40.0,200
6407,4759328777,5994888016,50.34,secondary,40.0,200
6408,4759328777,4759328788,13.02,secondary,40.0,200
6409,4759328780,4759328797,412.12,secondary,40.0,200
6410,4759328780,4759328782,9.68,secondary,40.0,200
6411,4759328782,4759328783,5.77,secondary,40.0,200
6412,4759328783,13877892982,37.11,tertiary,30.0,100
6413,4759328783,4759328786,12.15,secondary,40.0,200
6414,4759328786,4759328773,8.03,secondary,40.0,200
6415,4759328788,4759328780,3.44,secondary,40.0,200
6416,4759328797,7345515753,5.0,secondary,40.0,200
6417,4759328800,4759328804,12.78,secondary,40.0,200
6418,4759328804,4759328576,267.33,secondary,40.0,200
6419,4759328804,4759328807,11.1,secondary,40.0,200
6420,4759328807,7345515748,3.37,secondary,40.0,200
6421,4759418241,13877892976,73.86,tertiary,30.0,100
6422,4759418241,12320398368,5.72,secondary,40.0,200
6423,4761676585,5841547800,10.37,tertiary,30.0,100
6424,4761676585,10199556121,23.76,primary,50.0,300
6425,4791359622,1855295828,3873.0,tertiary,30.0,100
6426,4819972371,3890222355,44.24,tertiary,30.0,100
6427,4819972371,4146135281,7.96,tertiary_link,25.0,80
6428,4819972384,4146135269,8.0,tertiary_link,25.0,80
6429,4819972384,9350085605,115.93,tertiary,30.0,100
6430,4906196445,10613389619,15.89,secondary,40.0,200
6431,4906196445,10883614938,10.51,secondary_link,35.0,150
6432,4906196445,10613423002,43.26,secondary_link,35.0,150
6433,5056119960,245663569,25.18,secondary,40.0,200
6434,5056119960,674869953,513.7,secondary,40.0,200
6435,5056119961,5056119960,69.03,secondary_link,35.0,150
6436,5056119961,245663569,63.58,secondary,40.0,200
6437,5122630382,12260708836,6.43,tertiary,30.0,100
6438,5122630382,2163592463,360.66,primary,50.0,300
6439,5122630382,7397055939,1324.43,tertiary,30.0,100
6440,5130752067,11105021580,96.63,secondary,40.0,200
6441,5130752067,3217430426,374.05,secondary,40.0,200
6442,5130752071,3217430342,11.05,secondary,40.0,200
6443,5130752102,1906828925,742.98,motorway,80.0,500
6444,5130752103,5130752102,40.18,motorway,80.0,500
6445,5130752103,3737943440,484.3,primary,50.0,300
6446,5172459964,10107630357,6.91,secondary,40.0,200
6447,5172459965,13857111123,7.13,secondary,40.0,200
6448,5172459965,10107630356,404.53,tertiary,30.0,100
6449,5242502017,11396019515,7.9,tertiary_link,25.0,80
6450,5242502017,11396019500,23.72,tertiary,30.0,100
6451,5265547246,6280229504,47.61,primary_link,40.0,250
6452,5265547246,296362019,37.98,primary,50.0,300
6453,5265559170,6292777302,40.0,primary_link,40.0,250
6454,5265559170,5342165308,33.56,primary,50.0,300
6455,5271602084,5271613101,26.36,primary,50.0,300
6456,5271602084,2294332759,267.89,tertiary,30.0,100
6457,5271602112,245662295,9.08,secondary,40.0,200
6458,5271602112,245661871,380.34,primary,50.0,300
6459,5271602112,13552218473,339.03,secondary,40.0,200
6460,5271602930,245662629,469.76,secondary,40.0,200
6461,5271602930,5271602112,433.17,primary,50.0,300
6462,5271602938,245662760,9.66,tertiary,30.0,100
6463,5271602938,13846099201,205.14,tertiary,30.0,100
6464,5271602938,5271602930,180.68,primary,50.0,300
6465,5271602944,245662834,366.53,tertiary,30.0,100
6466,5271602944,5271602938,163.19,primary,50.0,300
6467,5271602946,5271602944,52.49,primary,50.0,300
6468,5271602946,245662966,11.42,tertiary,30.0,100
6469,5271602946,10277719229,473.07,tertiary,30.0,100
6470,5271613087,2294332756,373.0,tertiary,30.0,100
6471,5271613087,1645886344,126.56,primary,50.0,300
6472,5271613101,6165604812,10.24,primary,50.0,300
6473,5271613101,5271613087,329.56,primary,50.0,300
6474,5279685268,245671969,453.38,tertiary,30.0,100
6475,5279685268,864905400,357.57,tertiary,30.0,100
6476,5279685268,864905235,121.68,tertiary,30.0,100
6477,5279685268,10279333663,277.32,tertiary,30.0,100
6478,5293581268,7345603904,7.75,tertiary,30.0,100
6479,5293581268,1344712231,654.25,tertiary,30.0,100
6480,5330411163,10281796502,14.44,tertiary,30.0,100
6481,5330411163,10281800020,583.18,tertiary,30.0,100
6482,5342165308,1936355361,7.36,primary,50.0,300
6483,5342165308,6292777302,29.29,secondary,40.0,200
6484,5345482091,13887009306,7.94,tertiary,30.0,100
6485,5345482091,13887009326,154.79,trunk_link,50.0,350
6486,5346620502,4374680531,38.98,primary_link,40.0,250
6487,5346620502,4374680526,28.27,primary,50.0,300
6488,5346620503,4374680526,14.22,primary,50.0,300
6489,5346620503,621284872,303.62,primary,50.0,300
6490,5346620507,13437517363,24.88,primary,50.0,300
6491,5346620507,13437517362,13.87,primary,50.0,300
6492,5346644809,1156127277,23.02,trunk_link,50.0,350
6493,5346644809,5355278570,78.53,primary,50.0,300
6494,5346805345,5836311789,93.6,primary,50.0,300
6495,5346805346,10882945928,8.0,secondary,40.0,200
6496,5346805346,10656668354,120.23,primary,50.0,300
6497,5346805348,245663666,28.9,primary,50.0,300
6498,5346805348,631494036,169.0,primary,50.0,300
6499,5346805349,10656668354,29.57,primary,50.0,300
6500,5346805349,5346805345,99.25,primary,50.0,300
6501,5346805354,7372175019,29.71,tertiary,30.0,100
6502,5346805354,631494038,20.26,primary,50.0,300
6503,5346806114,6243685418,140.75,motorway,80.0,500
6504,5346806114,5346806116,18.51,motorway_link,70.0,450
6505,5346806116,5346806114,18.51,motorway_link,70.0,450
6506,5346806116,2248781882,434.19,tertiary,30.0,100
6507,5346806116,2244797443,302.17,tertiary,30.0,100
6508,5348834827,470146183,57.75,primary,50.0,300
6509,5348834827,5348834828,35.99,primary_link,40.0,250
6510,5348834828,593054877,214.82,primary,50.0,300
6511,5349392408,2804500706,819.23,trunk,60.0,400
6512,5353822010,471591707,6.31,tertiary,30.0,100
6513,5353822010,1654363420,474.61,tertiary,30.0,100
6514,5353822010,6280229508,241.03,secondary,40.0,200
6515,5354454748,10279835719,23.62,secondary,40.0,200
6516,5354454748,1475178057,20.12,trunk,60.0,400
6517,5354533140,11384605400,111.07,primary,50.0,300
6518,5354533140,13565939546,122.9,tertiary,30.0,100
6519,5355278570,6117461538,1022.96,primary,50.0,300
6520,5355278580,1879818059,19.11,secondary,40.0,200
6521,5355278580,6430340549,910.73,primary,50.0,300
6522,5355360602,1960734408,700.99,trunk,60.0,400
6523,5355360602,4214654600,308.47,trunk,60.0,400
6524,5369728233,245658701,20.82,secondary,40.0,200
6525,5369728233,701118317,191.43,secondary,40.0,200
6526,5369728233,2258304407,527.92,trunk,60.0,400
6527,5378007196,9956773846,17.19,tertiary,30.0,100
6528,5378007196,13055620353,413.69,tertiary,30.0,100
6529,5378011630,8796504406,13.49,tertiary,30.0,100
6530,5378011630,13770434104,46.51,secondary,40.0,200
6531,5380524537,7112996977,152.13,secondary,40.0,200
6532,5380524537,5380524548,18.91,secondary,40.0,200
6533,5380524547,5380524537,15.88,secondary,40.0,200
6534,5380524548,7357689018,16.11,secondary,40.0,200
6535,5421715134,1651530999,268.09,secondary,40.0,200
6536,5421715134,13261023789,186.16,secondary,40.0,200
6537,5467677837,5639804519,10.28,primary,50.0,300
6538,5470238123,10044201331,128.41,trunk,60.0,400
6539,5470238123,9691859215,23.99,trunk_link,50.0,350
6540,5470707466,10921183511,9.06,primary,50.0,300
6541,5470707481,13719841414,9.66,primary_link,40.0,250
6542,5470707481,13719841417,146.23,primary,50.0,300
6543,5470707483,3244522368,19.3,primary,50.0,300
6544,5470707483,3245626611,25.05,primary,50.0,300
6545,5470707484,5470707483,13.83,primary,50.0,300
6546,5470707484,4340930310,844.83,primary,50.0,300
6547,5470707489,5470707490,33.23,primary,50.0,300
6548,5470707489,2264152081,44.14,trunk_link,50.0,350
6549,5470707490,2264152081,38.99,trunk_link,50.0,350
6550,5470707490,10653828790,40.82,primary,50.0,300
6551,5477703669,3234280490,51.21,primary,50.0,300
6552,5477703669,623889405,55.43,tertiary,30.0,100
6553,5477703693,3244522367,12.07,primary_link,40.0,250
6554,5477703693,13088861527,300.83,primary,50.0,300
6555,5477703696,5470707484,19.46,primary,50.0,300
6556,5477703696,5477703693,113.67,primary,50.0,300
6557,5483788798,10877195128,18.62,trunk_link,50.0,350
6558,5483788798,13877484184,1209.07,trunk,60.0,400
6559,5483788799,4611102181,301.62,secondary,40.0,200
6560,5488342584,13747643734,38.28,tertiary,30.0,100
6561,5488342584,4323078802,136.39,tertiary,30.0,100
6562,5488342584,7398009430,513.38,tertiary,30.0,100
6563,5488342587,10882649104,10.68,tertiary,30.0,100
6564,5488342587,10264617837,208.03,tertiary,30.0,100
6565,5488342590,5488342591,39.12,secondary,40.0,200
6566,5488342590,1154211735,383.68,tertiary,30.0,100
6567,5488342591,245671328,11.18,tertiary,30.0,100
6568,5488342591,12325306928,526.61,secondary,40.0,200
6569,5488442637,1375251720,12.27,tertiary,30.0,100
6570,5488442637,6428781759,561.53,secondary,40.0,200
6571,5488442638,623038359,163.22,tertiary,30.0,100
6572,5488442640,5488442638,138.1,tertiary,30.0,100
6573,5488442640,5488442637,36.55,secondary,40.0,200
6574,5488442681,245671370,9.28,tertiary,30.0,100
6575,5488442681,5488342590,56.79,secondary,40.0,200
6576,5494560187,10089667071,21.34,secondary,40.0,200
6577,5494560187,346619785,56.09,secondary,40.0,200
6578,5496410669,2440630027,34.93,secondary,40.0,200
6579,5496410669,5496410673,50.89,secondary_link,35.0,150
6580,5496410673,290885011,223.96,secondary,40.0,200
6581,5511142448,7655342091,141.7,secondary,40.0,200
6582,5518220112,9891102542,9.93,tertiary,30.0,100
6583,5518220112,9891102528,65.97,tertiary,30.0,100
6584,5518220729,5518220730,117.85,tertiary,30.0,100
6585,5518220729,3890222354,193.61,tertiary,30.0,100
6586,5518220730,5518220729,117.85,tertiary,30.0,100
6587,5518220730,5518220731,10.0,tertiary,30.0,100
6588,5518220730,3890222362,386.56,tertiary,30.0,100
6589,5518220731,5518220730,10.0,tertiary,30.0,100
6590,5518220731,3890222378,202.45,tertiary,30.0,100
6591,5518220734,415303820,10.03,tertiary,30.0,100
6592,5518220734,3890222356,98.98,tertiary,30.0,100
6593,5518220735,290885002,64.78,tertiary,30.0,100
6594,5518220735,415303836,9.29,tertiary,30.0,100
6595,5518220737,2246851210,535.95,secondary,40.0,200
6596,5518220742,290887512,32.12,secondary,40.0,200
6597,5518220742,5518220737,54.19,secondary_link,35.0,150
6598,5518220743,7803568922,233.64,secondary,40.0,200
6599,5518220749,2529081571,29.3,secondary,40.0,200
6600,5518220749,5518220743,48.63,secondary_link,35.0,150
6601,5624302328,5923862810,330.81,primary,50.0,300
6602,5624302328,2299204489,10.77,primary,50.0,300
6603,5624302341,1271126528,38.91,primary,50.0,300
6604,5624302341,2952579402,45.0,primary_link,40.0,250
6605,5624422771,2559494248,35.88,trunk,60.0,400
6606,5624422771,1366857240,438.85,trunk,60.0,400
6607,5624422776,2568065861,142.79,tertiary,30.0,100
6608,5624422777,1366856852,17.06,trunk_link,50.0,350
6609,5624422777,13658634061,26.94,tertiary,30.0,100
6610,5637109060,7370574857,258.91,primary,50.0,300
6611,5639804517,5467677837,8.78,primary,50.0,300
6612,5639804517,13769598237,61.03,primary,50.0,300
6613,5639804518,5639804517,10.87,primary,50.0,300
6614,5639804518,12272825787,988.24,primary,50.0,300
6615,5639804519,5639804518,8.75,primary,50.0,300
6616,5639804519,6491549419,251.56,primary,50.0,300
6617,5681647592,5681647593,38.51,secondary,40.0,200
6618,5681647593,10885684489,386.7,secondary,40.0,200
6619,5681647593,2178293608,13.99,secondary,40.0,200
6620,5681647596,5681647592,11.91,secondary,40.0,200
6621,5681647596,13905111281,118.62,secondary,40.0,200
6622,5681648023,13905002534,25.51,tertiary,30.0,100
6623,5681648023,10603805379,23.26,tertiary,30.0,100
6624,5727308497,4140551636,277.14,primary,50.0,300
6625,5727308497,5727308501,22.7,primary,50.0,300
6626,5727308501,5727308502,9.04,primary,50.0,300
6627,5727308502,13033946548,24.62,primary,50.0,300
6628,5727308502,2178289418,291.38,primary,50.0,300
6629,5727570452,2246850880,157.03,tertiary,30.0,100
6630,5727570452,5518220112,251.99,tertiary,30.0,100
6631,5741272927,9684614893,36.56,trunk,60.0,400
6632,5741272928,414731700,44.01,trunk_link,50.0,350
6633,5741272928,1960734807,55.57,trunk_link,50.0,350
6634,5758624138,10878020696,10.77,primary,50.0,300
6635,5758624138,13718113579,64.31,primary,50.0,300
6636,5761649100,2237116133,34.26,trunk_link,50.0,350
6637,5761649100,13848987189,676.42,tertiary,30.0,100
6638,5761649106,7280008176,293.0,trunk_link,50.0,350
6639,5771476801,7357688997,20.72,secondary,40.0,200
6640,5792167748,8909137832,156.84,trunk_link,50.0,350
6641,5792167748,245665354,39.06,secondary,40.0,200
6642,5792168761,8909137845,126.81,trunk,60.0,400
6643,5792168761,245664865,42.04,secondary,40.0,200
6644,5792364474,4307211865,7.6,secondary,40.0,200
6645,5792364474,10882945928,267.78,secondary,40.0,200
6646,5792425830,12260876963,22.17,secondary,40.0,200
6647,5792425830,1643134459,37.23,secondary_link,35.0,150
6648,5836311787,13815588029,56.06,primary,50.0,300
6649,5836311789,5836311787,23.4,primary,50.0,300
6650,5836311789,4366129978,19.54,secondary,40.0,200
6651,5836311789,10882945924,12.63,secondary,40.0,200
6652,5838250403,245663894,19.49,trunk,60.0,400
6653,5838250403,1366987045,74.7,trunk_link,50.0,350
6654,5838250404,13674197201,1081.25,trunk,60.0,400
6655,5838250417,245664905,31.91,trunk,60.0,400
6656,5838250417,10939673573,46.29,trunk_link,50.0,350
6657,5839628054,5839628060,129.91,tertiary,30.0,100
6658,5839628054,10245359654,238.46,tertiary,30.0,100
6659,5839628060,4233545103,12.18,tertiary_link,25.0,80
6660,5839628060,5839628064,215.69,tertiary,30.0,100
6661,5839628064,5839628072,9.97,tertiary_link,25.0,80
6662,5839628064,5839628071,159.32,tertiary,30.0,100
6663,5839628071,1386573973,8.25,tertiary,30.0,100
6664,5839628071,1386573977,13.74,tertiary,30.0,100
6665,5839628072,5839628064,9.97,tertiary_link,25.0,80
6666,5839628072,4233545103,217.01,tertiary,30.0,100
6667,5841547795,4632210328,11.16,secondary,40.0,200
6668,5841547795,6583716264,587.67,primary,50.0,300
6669,5841547800,4761676585,10.37,tertiary,30.0,100
6670,5841547800,5841547795,809.46,primary,50.0,300
6671,5841547809,1388374508,13.11,secondary,40.0,200
6672,5841547809,6574486283,462.75,primary,50.0,300
6673,5841547810,630689984,9.33,tertiary,30.0,100
6674,5841547810,5841547809,75.67,primary,50.0,300
6675,5841547810,10244218140,1527.48,tertiary,30.0,100
6676,5841547818,619128792,12.45,primary,50.0,300
6677,5841547818,5841547810,1332.55,primary,50.0,300
6678,5841547819,5924612034,32.09,primary,50.0,300
6679,5841547819,5841547818,9.84,primary,50.0,300
6680,5841999703,245664779,648.54,trunk,60.0,400
6681,5841999704,7749797456,1721.58,secondary,40.0,200
6682,5841999704,11329781477,394.12,trunk,60.0,400
6683,5843735650,1665625137,16.97,trunk_link,50.0,350
6684,5843735650,6569087157,12.27,trunk,60.0,400
6685,5845797344,5637109060,83.72,trunk,60.0,400
6686,5845797344,1375482674,23.82,secondary,40.0,200
6687,5845797344,10316090270,148.03,trunk_link,50.0,350
6688,5848131200,10921183512,221.95,primary,50.0,300
6689,5848131204,3245616507,49.1,trunk_link,50.0,350
6690,5848131204,5848131200,69.73,trunk_link,50.0,350
6691,5848131205,3245616507,40.01,primary,50.0,300
6692,5848131205,2264152069,373.75,trunk_link,50.0,350
6693,5848131207,619306765,37.87,trunk_link,50.0,350
6694,5848131207,11920002784,64.03,tertiary,30.0,100
6695,5848131210,2264152120,172.04,trunk_link,50.0,350
6696,5848131210,12378228209,353.19,tertiary,30.0,100
6697,5848131211,13848112228,163.8,tertiary,30.0,100
6698,5848131220,667392429,23.07,tertiary,30.0,100
6699,5848131220,11921265746,20.35,primary,50.0,300
6700,5848131221,2192596437,25.73,primary,50.0,300
6701,5848131221,5848131220,18.6,tertiary,30.0,100
6702,5848596597,11927565925,10.98,secondary,40.0,200
6703,5848596597,9684698238,11.04,trunk,60.0,400
6704,5848596599,9684698238,292.9,secondary,40.0,200
6705,5848596599,5848596602,11.0,secondary,40.0,200
6706,5848596601,13686823155,141.18,secondary,40.0,200
6707,5848596601,10883614928,8.63,secondary,40.0,200
6708,5848596602,5848596601,2.89,secondary,40.0,200
6709,5848596603,5848596615,5.41,secondary,40.0,200
6710,5848596607,5848596622,44.48,secondary,40.0,200
6711,5848596607,5848596603,10.83,secondary,40.0,200
6712,5848596615,5848596617,8.12,secondary,40.0,200
6713,5848596615,10883588501,369.87,secondary,40.0,200
6714,5848596617,5848596599,2.86,secondary,40.0,200
6715,5848596620,5848596622,7.88,secondary_link,35.0,150
6716,5848596620,5848596603,43.1,secondary,40.0,200
6717,5848596622,5848596620,7.88,secondary_link,35.0,150
6718,5848596622,5921458178,77.29,secondary,40.0,200
6719,5848596628,587976149,27.86,tertiary,30.0,100
6720,5848596628,5921458188,84.55,trunk,60.0,400
6721,5861033680,1960733002,524.44,primary,50.0,300
6722,5861033680,1078664342,850.82,tertiary,30.0,100
6723,5861036485,13329699584,9.55,trunk_link,50.0,350
6724,5861036485,10886147014,398.94,secondary,40.0,200
6725,5865499853,619143471,154.71,trunk,60.0,400
6726,5865499853,2227587399,14.7,tertiary,30.0,100
6727,5865499856,4214654657,406.57,trunk,60.0,400
6728,5865499856,13671621834,132.61,trunk_link,50.0,350
6729,5865538270,4465528799,37.6,tertiary,30.0,100
6730,5865538270,5865538271,15.33,trunk_link,50.0,350
6731,5865538271,13441759165,6.25,trunk_link,50.0,350
6732,5865538271,1366938254,65.25,secondary,40.0,200
6733,5865538272,5865538270,61.95,secondary,40.0,200
6734,5865538272,1232644986,170.62,trunk_link,50.0,350
6735,5868392390,1960734521,29.63,trunk,60.0,400
6736,5868392390,1960734449,121.01,trunk_link,50.0,350
6737,5868392396,1184044034,32.92,tertiary,30.0,100
6738,5868392396,1960734783,691.91,secondary,40.0,200
6739,5868392396,13363059233,448.89,tertiary,30.0,100
6740,5875787592,7280044353,21.37,primary,50.0,300
6741,5875787592,1386641025,383.93,primary,50.0,300
6742,5878590691,461490081,11.31,secondary,40.0,200
6743,5878590691,9713504789,280.65,secondary,40.0,200
6744,5878590700,13780043904,9.06,secondary,40.0,200
6745,5879197463,245657727,1480.31,tertiary,30.0,100
6746,5879197463,5879197464,44.44,tertiary,30.0,100
6747,5879197464,12411440897,10.73,tertiary,30.0,100
6748,5879197464,460941437,228.09,secondary,40.0,200
6749,5879197464,5879197463,44.44,tertiary,30.0,100
6750,5880236188,461853953,31.38,secondary,40.0,200
6751,5880236188,5880236189,8.38,primary,50.0,300
6752,5880236189,461853966,29.73,primary,50.0,300
6753,5880236189,461822720,10.85,secondary,40.0,200
6754,5887563939,5887563940,11.32,secondary_link,35.0,150
6755,5887563939,10878501991,372.76,secondary,40.0,200
6756,5887563940,5887563939,11.32,secondary_link,35.0,150
6757,5887563940,9979171948,91.33,secondary,40.0,200
6758,5896564331,6590384792,9.22,tertiary,30.0,100
6759,5896564331,2897024751,238.6,tertiary,30.0,100
6760,5896564331,8443532427,573.0,tertiary,30.0,100
6761,5907165648,12558408936,562.68,motorway,80.0,500
6762,5907165648,12558408942,534.57,motorway_link,70.0,450
6763,5907165669,5907165803,424.6,motorway_link,70.0,450
6764,5907165669,5907166061,749.12,motorway_link,70.0,450
6765,5907165803,12558408931,135.97,motorway,80.0,500
6766,5907166061,583309182,4173.95,motorway,80.0,500
6767,5907166289,13015390784,19.31,tertiary,30.0,100
6768,5907166295,5907166301,15.17,tertiary,30.0,100
6769,5907166301,245653870,188.58,tertiary,30.0,100
6770,5907166301,13015390769,24.37,tertiary,30.0,100
6771,5907269895,4362526717,92.69,tertiary,30.0,100
6772,5907269895,2051567050,387.8,tertiary,30.0,100
6773,5907931707,11924900054,23.73,tertiary,30.0,100
6774,5907931707,1650707622,53.93,tertiary,30.0,100
6775,5909698700,13437636828,33.73,tertiary,30.0,100
6776,5909698700,13437636823,29.33,tertiary,30.0,100
6777,5911310869,245667803,13.75,tertiary,30.0,100
6778,5911310869,245668480,908.5,tertiary,30.0,100
6779,5911310869,12406104882,228.32,trunk,60.0,400
6780,5912237845,3737129897,7.02,tertiary,30.0,100
6781,5912237845,1366987067,148.73,tertiary,30.0,100
6782,5912237845,5912237848,173.6,tertiary,30.0,100
6783,5912237848,13673656715,81.13,tertiary,30.0,100
6784,5912237848,13673656714,6.07,tertiary_link,25.0,80
6785,5912237867,5912237873,7.82,tertiary,30.0,100
6786,5912237867,3737129890,6.5,tertiary,30.0,100
6787,5912237873,7298860365,10.99,tertiary,30.0,100
6788,5912237873,13690633203,300.54,tertiary,30.0,100
6789,5912237877,13690633202,66.53,tertiary,30.0,100
6790,5912237877,10886407640,8.98,tertiary,30.0,100
6791,5912237878,5912237877,9.04,tertiary,30.0,100
6792,5912237921,2248801573,5.05,tertiary,30.0,100
6793,5912237921,5912237922,172.32,tertiary,30.0,100
6794,5912237922,2248801573,171.97,tertiary,30.0,100
6795,5912237922,1366900349,423.03,tertiary,30.0,100
6796,5912237924,13681143729,5.28,tertiary,30.0,100
6797,5912237924,13681143729,147.36,tertiary,30.0,100
6798,5912237928,1366794913,6.55,tertiary,30.0,100
6799,5912237928,5912237924,505.22,tertiary,30.0,100
6800,5913226245,1351247410,144.84,secondary,40.0,200
6801,5913226245,1366987067,22.52,secondary,40.0,200
6802,5913226250,2248802695,8.29,secondary,40.0,200
6803,5913226250,13674285913,50.24,secondary,40.0,200
6804,5913226350,13660755810,24.3,tertiary,30.0,100
6805,5913226350,5912237878,8.95,tertiary,30.0,100
6806,5913278404,7684969501,32.31,tertiary,30.0,100
6807,5913278404,9267777726,654.0,trunk_link,50.0,350
6808,5913278406,12088834962,34.05,tertiary,30.0,100
6809,5913278406,1351247410,48.31,trunk_link,50.0,350
6810,5913743697,10251547870,21.57,tertiary,30.0,100
6811,5913743697,1960735568,11.2,secondary,40.0,200
6812,5913743697,7358719649,805.96,tertiary,30.0,100
6813,5921457054,700851701,11.32,secondary,40.0,200
6814,5921457054,5921457055,493.09,primary,50.0,300
6815,5921457055,6135274276,610.6,tertiary,30.0,100
6816,5921457055,11929937326,238.79,primary,50.0,300
6817,5921457076,245658517,6.02,secondary,40.0,200
6818,5921457076,700851701,429.43,secondary,40.0,200
6819,5921457076,10883677660,125.54,secondary,40.0,200
6820,5921458122,13366490024,8.0,tertiary_link,25.0,80
6821,5921458122,5921457076,640.91,tertiary,30.0,100
6822,5921458142,5986915335,58.36,tertiary,30.0,100
6823,5921458142,5921458164,8.28,tertiary_link,25.0,80
6824,5921458143,5921458142,50.05,tertiary,30.0,100
6825,5921458143,5921458144,8.46,tertiary_link,25.0,80
6826,5921458144,5921458143,8.46,tertiary_link,25.0,80
6827,5921458144,5921458148,133.56,tertiary,30.0,100
6828,5921458147,5921458148,9.8,tertiary_link,25.0,80
6829,5921458147,5921458143,135.62,tertiary,30.0,100
6830,5921458148,5921458147,9.8,tertiary_link,25.0,80
6831,5921458148,13673973149,69.54,tertiary,30.0,100
6832,5921458164,5921458142,8.28,tertiary_link,25.0,80
6833,5921458164,5921458144,49.76,tertiary,30.0,100
6834,5921458166,5921458164,59.9,tertiary,30.0,100
6835,5921458166,5986915335,8.96,secondary,40.0,200
6836,5921458177,5921458178,7.72,secondary_link,35.0,150
6837,5921458177,5848596620,77.1,secondary,40.0,200
6838,5921458178,5921458177,7.72,secondary_link,35.0,150
6839,5921458178,11511143554,116.12,secondary,40.0,200
6840,5921458183,5848596628,97.49,trunk,60.0,400
6841,5921458183,5921458184,32.02,trunk_link,50.0,350
6842,5921458184,5921458183,32.02,trunk_link,50.0,350
6843,5921458184,1179269788,83.66,trunk,60.0,400
6844,5921458188,5921458189,27.36,trunk_link,50.0,350
6845,5921458188,1179261850,124.26,trunk,60.0,400
6846,5921458189,5921458188,27.36,trunk_link,50.0,350
6847,5921458189,11919249642,51.21,trunk,60.0,400
6848,5921458230,1348001271,255.02,tertiary,30.0,100
6849,5921458230,7371092122,22.2,tertiary,30.0,100
6850,5923862696,1960733099,10.96,secondary,40.0,200
6851,5923862696,1960733045,163.34,primary,50.0,300
6852,5923862714,340363219,104.38,tertiary,30.0,100
6853,5923862714,13830144955,92.9,secondary,40.0,200
6854,5923862717,1184122821,11.55,secondary,40.0,200
6855,5923862717,2493905822,388.3,secondary,40.0,200
6856,5923862776,1960733414,195.49,secondary,40.0,200
6857,5923862776,13788003645,15.06,secondary,40.0,200
6858,5923862776,1960733534,196.63,primary,50.0,300
6859,5923862777,5923862796,15.97,primary,50.0,300
6860,5923862777,5923862776,163.77,primary,50.0,300
6861,5923862796,11953087505,42.73,primary,50.0,300
6862,5923862802,5923862777,17.57,primary,50.0,300
6863,5923862802,9936124555,260.22,secondary,40.0,200
6864,5923862802,9902469429,371.68,primary,50.0,300
6865,5923862810,1184060026,9.35,primary_link,40.0,250
6866,5923862810,13673520574,19.2,primary,50.0,300
6867,5923862821,1960733214,220.54,secondary,40.0,200
6868,5923939959,7366380226,11.36,tertiary,30.0,100
6869,5923939959,13892971095,201.78,tertiary,30.0,100
6870,5923939959,13851434040,97.42,tertiary,30.0,100
6871,5923939966,5741272928,8.87,trunk_link,50.0,350
6872,5923939966,11939223212,289.08,tertiary,30.0,100
6873,5923939970,10251547869,14.14,tertiary,30.0,100
6874,5923939970,10279414813,595.82,tertiary,30.0,100
6875,5923939970,10232962358,153.98,tertiary,30.0,100
6876,5923939973,13788778712,17.69,tertiary,30.0,100
6877,5923939973,10232962358,47.84,tertiary,30.0,100
6878,5923940460,5923940476,79.74,tertiary,30.0,100
6879,5923940460,12364813939,98.6,tertiary,30.0,100
6880,5923940476,13555600534,142.0,tertiary,30.0,100
6881,5923940476,5923940460,101.14,tertiary,30.0,100
6882,5924611756,10275495179,282.78,secondary,40.0,200
6883,5924611756,5924612046,44.53,secondary,40.0,200
6884,5924611759,1386641179,14.61,tertiary,30.0,100
6885,5924611759,13575257252,261.59,primary,50.0,300
6886,5924612034,13576183747,40.16,primary,50.0,300
6887,5924612037,5841547819,42.66,primary,50.0,300
6888,5924612037,5924612034,53.15,primary_link,40.0,250
6889,5924612046,619130306,14.81,secondary,40.0,200
6890,5924612046,7285424940,122.06,primary,50.0,300
6891,5924612047,13579860190,38.26,primary_link,40.0,250
6892,5924612047,13579860191,26.9,primary,50.0,300
6893,5924612055,1647016238,21.04,tertiary,30.0,100
6894,5924612055,5924612047,656.82,primary,50.0,300
6895,5924612057,13580034518,21.12,secondary,40.0,200
6896,5924612057,13580034524,13.04,primary,50.0,300
6897,5924612057,1596008547,15.49,secondary,40.0,200
6898,5924612061,1386641229,18.29,tertiary,30.0,100
6899,5924612061,10635507229,28.15,primary,50.0,300
6900,5924612063,13906656980,9.36,primary_link,40.0,250
6901,5924612063,13580388008,103.26,primary,50.0,300
6902,5924612066,13671537580,12.26,primary_link,40.0,250
6903,5924612066,1861440287,100.68,primary,50.0,300
6904,5924612073,1647016238,32.07,primary,50.0,300
6905,5924612073,6786447363,45.43,primary_link,40.0,250
6906,5924612075,1388354178,13.08,tertiary,30.0,100
6907,5924612075,13577446666,431.63,primary,50.0,300
6908,5924612081,13577446669,12.29,tertiary,30.0,100
6909,5924612081,10279540080,8.83,primary,50.0,300
6910,5926760156,1366008977,4.86,secondary,40.0,200
6911,5926760156,10264297691,144.49,secondary,40.0,200
6912,5928768104,245683351,764.39,trunk,60.0,400
6913,5928768104,11389889508,977.73,trunk,60.0,400
6914,5936571775,11028340735,37.74,secondary,40.0,200
6915,5936571775,1145401595,11.42,secondary,40.0,200
6916,5936572189,5936571775,11.96,secondary,40.0,200
6917,5936572189,1184489481,553.67,tertiary,30.0,100
6918,5936572194,1158617054,12.67,secondary,40.0,200
6919,5936572194,11027079291,579.32,tertiary,30.0,100
6920,5936572194,6431155720,513.37,secondary,40.0,200
6921,5936572199,9901775155,10.53,tertiary,30.0,100
6922,5936572199,1184132894,564.78,tertiary,30.0,100
6923,5936572199,5936572194,158.9,secondary,40.0,200
6924,5936572203,3736922371,12.79,tertiary,30.0,100
6925,5936572203,9901775159,230.7,secondary,40.0,200
6926,5936572210,1184089996,12.67,tertiary,30.0,100
6927,5936572210,1184132894,461.13,tertiary,30.0,100
6928,5936572210,5936572203,598.39,secondary,40.0,200
6929,5936572214,13473672032,13.89,tertiary_link,25.0,80
6930,5936572214,13626310249,117.94,tertiary,30.0,100
6931,5936572231,3878413305,13.93,secondary,40.0,200
6932,5936572231,5936572214,349.43,tertiary,30.0,100
6933,5936572235,1185552512,14.22,tertiary,30.0,100
6934,5936572235,5936572231,75.55,secondary,40.0,200
6935,5938773130,1389409137,6.86,secondary,40.0,200
6936,5938773130,1389409135,373.22,secondary,40.0,200
6937,5938773141,5938773142,13.11,secondary,40.0,200
6938,5938773141,6581629095,341.93,tertiary,30.0,100
6939,5938773142,5938773707,12.32,tertiary,30.0,100
6940,5938773142,5938773148,669.58,secondary,40.0,200
6941,5938773148,619183876,13.21,tertiary,30.0,100
6942,5938773148,5938773153,647.16,secondary,40.0,200
6943,5938773148,619183872,668.96,tertiary,30.0,100
6944,5938773153,5938773154,203.19,secondary,40.0,200
6945,5938773154,10211936520,93.81,trunk_link,50.0,350
6946,5938773154,5938773155,43.81,secondary,40.0,200
6947,5938773155,985103905,11.51,trunk_link,50.0,350
6948,5938773155,5938773157,208.87,secondary,40.0,200
6949,5938773157,6430899937,227.14,secondary,40.0,200
6950,5938773175,1936499784,13.96,primary,50.0,300
6951,5938773175,12124288546,221.13,secondary,40.0,200
6952,5938773176,1194136009,30.71,primary,50.0,300
6953,5938773176,5938773175,12.12,secondary,40.0,200
6954,5938773707,996421466,12.96,secondary,40.0,200
6955,5953038212,11461537126,6.76,tertiary,30.0,100
6956,5953038212,296353470,168.37,secondary,40.0,200
6957,5968928400,1714209578,10.46,tertiary,30.0,100
6958,5968928400,7103987020,153.7,primary,50.0,300
6959,5968988237,2246851004,309.24,tertiary,30.0,100
6960,5968988237,9891097276,6.44,tertiary,30.0,100
6961,5969984647,5969984648,67.52,secondary,40.0,200
6962,5969984647,10023271200,11.81,tertiary,30.0,100
6963,5969984647,10279539041,54.03,tertiary,30.0,100
6964,5969984648,7371027858,38.26,secondary,40.0,200
6965,5969984648,1861339114,315.89,trunk_link,50.0,350
6966,5969985405,245678315,132.79,secondary,40.0,200
6967,5969985405,13363196617,12.27,secondary,40.0,200
6968,5969985427,1647015812,10.35,tertiary,30.0,100
6969,5969985427,6259262379,1119.04,tertiary,30.0,100
6970,5969985427,5969985432,119.58,secondary,40.0,200
6971,5969985432,630678284,9.71,tertiary,30.0,100
6972,5969985432,13351175830,572.14,tertiary,30.0,100
6973,5969985432,13580388010,75.94,secondary,40.0,200
6974,5969985436,1647015589,8.34,tertiary,30.0,100
6975,5969985436,1647015495,440.24,tertiary,30.0,100
6976,5969985436,630699810,255.67,secondary,40.0,200
6977,5969985441,13900891170,169.77,tertiary,30.0,100
6978,5969985441,6274819761,31.75,tertiary,30.0,100
6979,5982461354,1960735584,13.18,secondary,40.0,200
6980,5982461354,13770003158,426.12,primary,50.0,300
6981,5982461355,8512886669,15.66,secondary,40.0,200
6982,5982461355,13734499236,251.59,primary,50.0,300
6983,5984944615,1386573993,376.8,tertiary,30.0,100
6984,5984944615,5984944617,115.69,tertiary,30.0,100
6985,5984944615,1647016078,185.56,tertiary,30.0,100
6986,5984944617,5984944615,115.69,tertiary,30.0,100
6987,5984944617,1386641161,38.65,tertiary,30.0,100
6988,5986915335,10583826082,10.53,secondary,40.0,200
6989,5986915335,4292873308,233.95,secondary,40.0,200
6990,5988087560,2973125832,4.83,secondary,40.0,200
6991,5988087560,5988087561,11.88,secondary,40.0,200
6992,5988087561,245682165,197.76,tertiary,30.0,100
6993,5994888011,9884695315,6.53,tertiary_link,25.0,80
6994,5994888011,4759328776,41.0,tertiary,30.0,100
6995,5994888016,13877892980,9.23,secondary_link,35.0,150
6996,5994888016,12320398360,82.11,secondary,40.0,200
6997,6016244843,4367741846,14.88,primary_link,40.0,250
6998,6016244843,13601941451,56.93,tertiary,30.0,100
6999,6016244852,10279331283,119.96,tertiary,30.0,100
7000,6016244859,6154192085,16.49,tertiary,30.0,100
7001,6016244859,5771476801,317.59,secondary,40.0,200
7002,6016244859,6016244862,742.54,tertiary,30.0,100
7003,6016244862,1960735610,15.32,tertiary,30.0,100
7004,6016244862,13602548090,9.22,tertiary,30.0,100
7005,6016244862,6016244859,742.54,tertiary,30.0,100
7006,6016245699,13771102896,1229.95,primary,50.0,300
7007,6016245699,13771102894,1230.57,tertiary,30.0,100
7008,6017561677,6017562138,459.0,secondary,40.0,200
7009,6017561677,10247313344,1302.0,tertiary,30.0,100
7010,6017562071,6017562124,29.48,tertiary,30.0,100
7011,6017562079,11925463738,11.45,secondary_link,35.0,150
7012,6017562079,1855295828,445.32,secondary,40.0,200
7013,6017562124,1855304296,340.75,tertiary,30.0,100
7014,6017562124,6017562127,11.06,tertiary,30.0,100
7015,6017562127,6017562071,18.43,tertiary,30.0,100
7016,6017562127,6017562136,503.1,tertiary,30.0,100
7017,6017562136,1855304305,4.03,secondary,40.0,200
7018,6017562138,6017562141,6.85,secondary,40.0,200
7019,6017562141,6017562071,512.0,tertiary,30.0,100
7020,6017562141,6017562136,8.37,secondary,40.0,200
7021,6017562149,443799807,458.87,secondary,40.0,200
7022,6017562149,6017562138,8.52,secondary,40.0,200
7023,6017562368,414595057,12.77,primary,50.0,300
7024,6017562368,12430432420,112.12,secondary,40.0,200
7025,6017562387,13301331434,81.02,secondary,40.0,200
7026,6017562387,1855308653,10.71,secondary_link,35.0,150
7027,6017562394,1643413863,7.57,tertiary,30.0,100
7028,6017562394,6017562149,404.56,secondary,40.0,200
7029,6017562399,1855304294,9.97,tertiary,30.0,100
7030,6017562399,6017562394,52.99,secondary,40.0,200
7031,6017562399,1647017113,406.68,tertiary,30.0,100
7032,6046553754,6046553755,18.72,trunk,60.0,400
7033,6046553755,2899067852,40.15,trunk,60.0,400
7034,6046553755,10081148282,626.1,trunk,60.0,400
7035,6046553756,2250992725,625.21,tertiary,30.0,100
7036,6046553756,5911310869,632.33,trunk,60.0,400
7037,6072268838,8867307187,33.91,primary,50.0,300
7038,6072268838,2163592436,17.47,trunk,60.0,400
7039,6078180260,2163503474,23.8,primary,50.0,300
7040,6078180260,6078180263,33.79,primary_link,40.0,250
7041,6078180263,13700725452,81.09,secondary,40.0,200
7042,6078180264,2163503477,42.69,primary_link,40.0,250
7043,6078180264,2163503475,27.36,secondary,40.0,200
7044,6078180283,6078180284,10.81,secondary,40.0,200
7045,6078180283,2163503480,114.56,primary,50.0,300
7046,6078180284,12447084172,11.18,primary,50.0,300
7047,6078180284,12447084174,16.94,secondary,40.0,200
7048,6078180496,245654509,6.95,tertiary,30.0,100
7049,6078180496,1643210476,119.94,secondary,40.0,200
7050,6091828621,13719012990,21.38,tertiary,30.0,100
7051,6091828621,1451814005,16.85,tertiary,30.0,100
7052,6091905974,6091905975,9.98,secondary_link,35.0,150
7053,6091905974,290888177,83.41,secondary,40.0,200
7054,6091905975,6091905974,9.98,secondary_link,35.0,150
7055,6091905975,3890222389,46.76,secondary,40.0,200
7056,6117461538,5346620507,24.38,primary,50.0,300
7057,6117461538,13437517363,27.71,primary_link,40.0,250
7058,6117461543,13437636810,4.04,tertiary,30.0,100
7059,6117461543,6117461549,38.68,tertiary,30.0,100
7060,6117461543,6117461538,465.87,tertiary,30.0,100
7061,6117461549,6117461543,38.68,tertiary,30.0,100
7062,6117461549,13437636803,55.04,tertiary,30.0,100
7063,6117575882,1386641025,18.96,primary,50.0,300
7064,6117575882,7280044353,409.53,tertiary,30.0,100
7065,6117576024,6117576025,12.82,primary_link,40.0,250
7066,6117576024,3455073175,120.63,primary,50.0,300
7067,6117576025,6117576027,52.98,primary,50.0,300
7068,6117576025,6117576024,12.82,primary_link,40.0,250
7069,6117576026,6117576024,52.7,primary,50.0,300
7070,6117576026,6117576027,13.38,primary_link,40.0,250
7071,6117576027,6117576026,13.38,primary_link,40.0,250
7072,6117576027,13056058617,917.04,primary,50.0,300
7073,6117579489,1448146968,668.39,primary,50.0,300
7074,6117579489,13592081250,37.88,tertiary,30.0,100
7075,6117628325,6117628326,12.01,tertiary_link,25.0,80
7076,6117628325,2897024515,86.73,tertiary,30.0,100
7077,6117628326,6117628325,12.01,tertiary_link,25.0,80
7078,6117628326,8443498445,216.25,tertiary,30.0,100
7079,6117653724,6117653725,19.34,secondary,40.0,200
7080,6117653724,10277547725,20.22,primary,50.0,300
7081,6117653725,10277547720,31.68,secondary,40.0,200
7082,6117653725,245678558,10.8,primary,50.0,300
7083,6117653732,1185818942,96.94,tertiary,30.0,100
7084,6117653732,1185818941,13.19,tertiary,30.0,100
7085,6117653732,10277547721,353.78,tertiary,30.0,100
7086,6117653733,6117653732,64.48,tertiary,30.0,100
7087,6117653733,769028312,12.15,tertiary,30.0,100
7088,6117653733,1185818942,108.66,tertiary,30.0,100
7089,6117660551,11930457663,38.11,tertiary_link,25.0,80
7090,6118419652,9955110411,70.34,secondary,40.0,200
7091,6118419652,6118419653,17.29,secondary_link,35.0,150
7092,6118419653,6118419652,17.29,secondary_link,35.0,150
7093,6118419653,5380524547,578.88,secondary,40.0,200
7094,6118577149,12852439459,128.72,primary,50.0,300
7095,6119066789,7736315016,33.07,secondary,40.0,200
7096,6119066789,1960734183,446.05,trunk_link,50.0,350
7097,6130158660,619199656,11.18,secondary,40.0,200
7098,6130158660,7362494687,843.05,primary,50.0,300
7099,6130727578,6130727579,15.3,tertiary,30.0,100
7100,6130727578,245675491,142.56,tertiary,30.0,100
7101,6130727579,6130727578,15.3,tertiary,30.0,100
7102,6133862185,245673708,13.44,primary_link,40.0,250
7103,6133862185,6133947524,132.18,primary,50.0,300
7104,6133862186,6133862185,15.84,primary,50.0,300
7105,6133862186,1879817493,440.74,tertiary,30.0,100
7106,6133891680,1647344940,44.85,primary,50.0,300
7107,6133891680,10595428376,123.01,motorway_link,70.0,450
7108,6133947523,3708878506,9.87,primary_link,40.0,250
7109,6133947523,12343188111,859.03,primary,50.0,300
7110,6133947524,6133947523,36.27,primary,50.0,300
7111,6134580032,7379630125,9.13,tertiary,30.0,100
7112,6134580032,9449324909,9.44,tertiary,30.0,100
7113,6134580032,11059281300,37.52,secondary,40.0,200
7114,6135274276,12816816391,34.52,tertiary,30.0,100
7115,6135274276,5921457055,610.6,tertiary,30.0,100
7116,6136332298,11954176575,24.73,tertiary_link,25.0,80
7117,6136332298,6136332324,166.06,tertiary,30.0,100
7118,6136332304,2929595433,579.36,primary,50.0,300
7119,6136332320,2715411959,2491.18,motorway,80.0,500
7120,6136332321,2929595428,19.8,primary,50.0,300
7121,6136332322,6136332304,26.84,primary,50.0,300
7122,6136332322,6136332321,14.65,tertiary,30.0,100
7123,6136332324,6136332304,29.55,primary_link,40.0,250
7124,6136332324,6136332322,26.56,tertiary,30.0,100
7125,6154192085,6016244859,16.49,tertiary,30.0,100
7126,6154192085,5982461355,16.87,secondary,40.0,200
7127,6165302134,1966835463,13.33,secondary,40.0,200
7128,6165302134,6197216784,319.24,secondary,40.0,200
7129,6165302144,6165302148,12.29,secondary,40.0,200
7130,6165302144,6165302134,941.73,secondary,40.0,200
7131,6165302145,13802289410,32.71,secondary,40.0,200
7132,6165302145,6165302144,15.55,secondary,40.0,200
7133,6165302146,6165302145,11.84,secondary,40.0,200
7134,6165302146,13802289416,40.53,secondary,40.0,200
7135,6165302148,6165302146,14.73,secondary,40.0,200
7136,6165302148,13802511366,36.42,secondary,40.0,200
7137,6165302156,245660062,31.97,secondary,40.0,200
7138,6165302156,245660083,22.83,secondary,40.0,200
7139,6165302165,245659811,9.95,secondary,40.0,200
7140,6165302165,12836824094,299.99,secondary,40.0,200
7141,6165302166,245659852,7.02,tertiary,30.0,100
7142,6165302166,1650345897,321.17,tertiary,30.0,100
7143,6165302166,5953038212,32.2,secondary,40.0,200
7144,6165603878,10877441446,262.24,secondary,40.0,200
7145,6165603878,2444311234,13.59,secondary,40.0,200
7146,6165604792,6165604799,154.9,primary,50.0,300
7147,6165604797,7371481514,9.41,primary,50.0,300
7148,6165604797,7371481515,45.37,primary,50.0,300
7149,6165604798,6165604797,12.16,primary,50.0,300
7150,6165604798,6165604792,360.38,primary,50.0,300
7151,6165604799,6165604800,12.84,tertiary,30.0,100
7152,6165604799,1348056648,179.59,tertiary,30.0,100
7153,6165604799,7371092120,316.75,primary,50.0,300
7154,6165604800,6165604799,12.84,tertiary,30.0,100
7155,6165604800,1348028146,211.22,tertiary,30.0,100
7156,6165604800,6491197973,454.15,primary,50.0,300
7157,6165604807,6165604808,47.48,primary,50.0,300
7158,6165604807,1490200570,7.54,primary,50.0,300
7159,6165604808,2295481165,18.22,primary,50.0,300
7160,6165604811,5271613101,18.47,primary,50.0,300
7161,6165604811,13542582014,361.87,primary,50.0,300
7162,6165604812,7371092120,17.26,primary,50.0,300
7163,6165604812,6165604800,322.07,primary,50.0,300
7164,6165604817,6165604823,576.99,secondary,40.0,200
7165,6165604823,245661595,10.21,tertiary,30.0,100
7166,6165604823,2294332758,256.91,tertiary,30.0,100
7167,6165604823,13569250101,344.91,secondary,40.0,200
7168,6165604830,13546976660,8.49,secondary,40.0,200
7169,6165604830,10277719229,37.04,tertiary,30.0,100
7170,6165604834,245662851,9.64,tertiary,30.0,100
7171,6165604834,245662850,79.47,tertiary,30.0,100
7172,6165604834,13552203684,207.07,secondary,40.0,200
7173,6165604835,245662629,91.59,secondary,40.0,200
7174,6165604835,13571656511,52.77,secondary,40.0,200
7175,6165604835,245662630,9.07,secondary,40.0,200
7176,6165604842,245663814,10.02,secondary,40.0,200
7177,6165604842,619227582,368.61,tertiary,30.0,100
7178,6165604846,6165604842,8.51,secondary,40.0,200
7179,6165604846,13366357985,258.08,secondary,40.0,200
7180,6167532214,6167532215,17.13,primary,50.0,300
7181,6167532214,245659483,349.77,primary,50.0,300
7182,6167532215,471043380,19.98,primary,50.0,300
7183,6167532215,12443061287,14.55,secondary,40.0,200
7184,6167532216,6167532214,19.11,primary,50.0,300
7185,6167532216,12443076529,40.06,primary,50.0,300
7186,6167532221,2294395058,679.89,primary,50.0,300
7187,6167532221,11925643822,343.36,primary,50.0,300
7188,6167841731,4294951726,8.92,secondary,40.0,200
7189,6167841731,1286566733,541.22,secondary,40.0,200
7190,6167841739,245657656,49.5,tertiary,30.0,100
7191,6167841739,245658184,839.16,tertiary,30.0,100
7192,6167841739,6167841744,37.1,tertiary_link,25.0,80
7193,6167841744,12753983986,128.29,secondary,40.0,200
7194,6167841744,245657656,49.31,secondary,40.0,200
7195,6167841745,6167841746,12.75,primary,50.0,300
7196,6167841745,6167881718,69.21,primary,50.0,300
7197,6167841746,6167841747,15.51,primary,50.0,300
7198,6167841746,13827174112,79.66,primary,50.0,300
7199,6167841747,6167841753,68.44,primary,50.0,300
7200,6167841747,461822669,12.35,primary,50.0,300
7201,6167841748,6167841753,53.54,primary_link,40.0,250
7202,6167841748,6167841747,58.97,primary,50.0,300
7203,6167841753,10099954520,801.38,primary,50.0,300
7204,6167841754,461822669,65.36,primary,50.0,300
7205,6167841754,6167841760,85.98,primary_link,40.0,250
7206,6167841760,12080057698,103.5,primary,50.0,300
7207,6167881714,6167841745,72.64,primary,50.0,300
7208,6167881714,6167881718,117.22,primary_link,40.0,250
7209,6167881718,461822720,222.81,primary,50.0,300
7210,6174486136,10888917522,2401.92,primary,50.0,300
7211,6174486136,1650399569,145.66,tertiary,30.0,100
7212,6197216779,2216534555,23.76,secondary,40.0,200
7213,6197216779,6197216780,13.32,secondary_link,35.0,150
7214,6197216780,6197216779,13.32,secondary_link,35.0,150
7215,6197216780,6197221586,309.12,secondary,40.0,200
7216,6197216783,6197221586,13.32,secondary,40.0,200
7217,6197216783,6197216779,309.28,secondary,40.0,200
7218,6197216784,6197216783,8.7,secondary,40.0,200
7219,6197216784,11925677530,208.18,secondary,40.0,200
7220,6197221585,6197216784,13.33,secondary,40.0,200
7221,6197221585,1966835463,319.38,secondary,40.0,200
7222,6197221586,6197221585,8.69,secondary,40.0,200
7223,6204119841,245678918,15.96,secondary,40.0,200
7224,6204119841,1185818981,196.9,tertiary,30.0,100
7225,6204119841,12408665372,222.39,primary,50.0,300
7226,6204119845,7353935271,12.16,primary,50.0,300
7227,6204119845,7353935261,113.42,tertiary,30.0,100
7228,6204119850,1646685599,19.12,tertiary,30.0,100
7229,6204119850,13654802899,43.66,tertiary,30.0,100
7230,6204119850,6204119853,451.8,primary,50.0,300
7231,6204119853,7345211334,15.86,primary,50.0,300
7232,6204119853,7345211329,76.31,secondary,40.0,200
7233,6204119861,6204119862,56.08,primary,50.0,300
7234,6204119861,628597983,42.67,primary_link,40.0,250
7235,6204119862,7345211352,15.14,primary,50.0,300
7236,6204119862,628597983,47.82,secondary,40.0,200
7237,6204119875,9115783843,13.17,primary,50.0,300
7238,6204119875,11786980564,281.17,tertiary,30.0,100
7239,6204119877,619169980,24.15,tertiary,30.0,100
7240,6204119877,11238094123,302.98,secondary,40.0,200
7241,6204119879,11927518742,466.55,secondary,40.0,200
7242,6204121997,1178681137,86.32,secondary,40.0,200
7243,6215526117,356168263,333.04,tertiary,30.0,100
7244,6215526117,6215526119,50.91,tertiary,30.0,100
7245,6215526119,1643210511,204.56,secondary,40.0,200
7246,6215526121,1127766407,163.21,secondary,40.0,200
7247,6215526121,1127766359,43.43,tertiary,30.0,100
7248,6243685412,593054844,852.3,motorway,80.0,500
7249,6243685414,6243685412,579.68,motorway,80.0,500
7250,6243685414,9931191124,287.67,motorway_link,70.0,450
7251,6243685415,1154003520,53.59,motorway,80.0,500
7252,6243685417,2248781882,13.85,tertiary,30.0,100
7253,6243685417,9931191124,37.81,tertiary,30.0,100
7254,6243685417,6243685415,289.73,motorway_link,70.0,450
7255,6243685418,6243685417,293.92,motorway_link,70.0,450
7256,6243685418,6243685415,580.65,motorway,80.0,500
7257,6246728887,1386641054,6.47,tertiary,30.0,100
7258,6246728887,1388354091,165.35,tertiary,30.0,100
7259,6246728889,13580147219,34.45,tertiary,30.0,100
7260,6246728889,4366004642,5.02,tertiary_link,25.0,80
7261,6246728893,6246728889,48.92,tertiary,30.0,100
7262,6246728893,1714209584,5.95,tertiary,30.0,100
7263,6259250492,13363217261,498.14,trunk,60.0,400
7264,6259250492,6259256954,336.82,tertiary,30.0,100
7265,6259256954,6259262384,50.27,tertiary,30.0,100
7266,6259256954,1647015728,185.62,tertiary,30.0,100
7267,6259256961,1960732352,12.8,trunk_link,50.0,350
7268,6259256961,1728805935,241.73,tertiary,30.0,100
7269,6259262379,1647015728,8.56,tertiary,30.0,100
7270,6259262379,6259262384,159.48,tertiary,30.0,100
7271,6259262379,5969985427,1119.04,tertiary,30.0,100
7272,6259262384,13363217260,78.54,tertiary,30.0,100
7273,6259267281,13351175830,43.58,tertiary,30.0,100
7274,6259267281,13895559624,41.93,tertiary,30.0,100
7275,6262416573,13667198501,7.67,primary,50.0,300
7276,6262416573,6262416889,83.47,primary,50.0,300
7277,6262416578,6262416583,12.0,primary,50.0,300
7278,6262416583,245661117,202.33,tertiary,30.0,100
7279,6262416583,6262416885,7.36,primary,50.0,300
7280,6262416885,6262416886,4.7,primary,50.0,300
7281,6262416886,13667198501,81.85,primary,50.0,300
7282,6262416886,6262416889,7.98,primary,50.0,300
7283,6262416889,6262416891,5.33,primary,50.0,300
7284,6262416891,12721918106,357.8,secondary,40.0,200
7285,6262416891,6262416893,7.77,primary,50.0,300
7286,6262416893,6262416896,5.66,primary,50.0,300
7287,6262416896,13661562613,379.67,primary,50.0,300
7288,6262416896,6262416578,7.99,primary,50.0,300
7289,6271834098,13537225634,6.21,secondary_link,35.0,150
7290,6271834098,6271834099,40.63,secondary,40.0,200
7291,6271834099,7298841985,6.07,secondary_link,35.0,150
7292,6271834099,6271834100,48.68,secondary,40.0,200
7293,6271834100,13537225636,25.69,secondary,40.0,200
7294,6271834100,13537225635,6.46,secondary_link,35.0,150
7295,6274819761,630699810,9.05,secondary,40.0,200
7296,6274819761,1647015589,254.16,secondary,40.0,200
7297,6280229504,471591707,247.72,secondary,40.0,200
7298,6280229508,6292784553,45.71,secondary_link,35.0,150
7299,6280229508,2629418478,40.16,secondary,40.0,200
7300,6280378088,6295206335,43.53,primary_link,40.0,250
7301,6280378088,1936355361,29.78,secondary,40.0,200
7302,6292777302,6489866778,237.65,secondary,40.0,200
7303,6292784553,12926034666,275.74,secondary,40.0,200
7304,6295206335,4310550234,297.76,primary,50.0,300
7305,6380230494,1345329173,28.2,tertiary,30.0,100
7306,6380230494,2250992750,94.54,tertiary,30.0,100
7307,6428667004,245668623,17.3,tertiary,30.0,100
7308,6428667004,10923387492,33.45,tertiary,30.0,100
7309,6428781759,10880826047,6.66,secondary,40.0,200
7310,6428811261,6428811270,9.52,tertiary,30.0,100
7311,6428811261,12486614582,4.7,tertiary,30.0,100
7312,6428811261,6428811262,97.3,tertiary,30.0,100
7313,6428811262,6428811263,7.66,tertiary,30.0,100
7314,6428811263,13621901231,32.82,tertiary,30.0,100
7315,6428811263,6428811268,7.16,tertiary,30.0,100
7316,6428811268,13617092840,11.87,tertiary,30.0,100
7317,6428811270,6428811261,9.52,tertiary,30.0,100
7318,6428811270,245665874,16.3,tertiary,30.0,100
7319,6428811270,245666158,187.74,tertiary,30.0,100
7320,6428838989,6428838990,19.17,trunk_link,50.0,350
7321,6428838989,4342420719,391.15,tertiary,30.0,100
7322,6428838989,593119792,785.68,tertiary,30.0,100
7323,6428838990,6428838989,19.17,trunk_link,50.0,350
7324,6428838990,9916313764,123.5,trunk,60.0,400
7325,6428843059,10264617834,33.36,tertiary,30.0,100
7326,6428843059,10264617837,10.63,secondary,40.0,200
7327,6428893717,7459352414,9.71,secondary,40.0,200
7328,6429005901,13584470506,20.2,primary,50.0,300
7329,6429005901,6429005902,15.65,primary_link,40.0,250
7330,6429005902,6429005901,15.65,primary_link,40.0,250
7331,6429005902,245660634,76.37,primary,50.0,300
7332,6429017345,6986983418,290.05,tertiary,30.0,100
7333,6429017348,2897022050,75.38,secondary,40.0,200
7334,6429017348,6429017345,50.42,secondary_link,35.0,150
7335,6429075943,6429075944,8.19,primary_link,40.0,250
7336,6429075943,10698653947,295.9,primary,50.0,300
7337,6429075944,6429075943,8.19,primary_link,40.0,250
7338,6429075944,13437559868,493.09,primary,50.0,300
7339,6429408888,6430474708,41.12,secondary,40.0,200
7340,6429408888,5355278580,487.49,secondary,40.0,200
7341,6429588362,6430474048,102.91,primary,50.0,300
7342,6429588362,6429588363,13.81,primary_link,40.0,250
7343,6429588363,6429588362,13.81,primary_link,40.0,250
7344,6429588363,2622177275,75.57,primary,50.0,300
7345,6429734745,1366008983,12.41,tertiary,30.0,100
7346,6429734745,10254904765,226.14,primary,50.0,300
7347,6430016907,6430016908,11.8,primary_link,40.0,250
7348,6430016907,13769598236,319.3,primary,50.0,300
7349,6430016908,6430016907,11.8,primary_link,40.0,250
7350,6430016908,7372175045,101.24,primary,50.0,300
7351,6430340549,621244019,12.63,secondary,40.0,200
7352,6430340549,1879817913,843.12,primary,50.0,300
7353,6430382336,10882702403,9.6,secondary_link,35.0,150
7354,6430382336,13852795720,78.39,secondary,40.0,200
7355,6430382336,10882768320,38.99,secondary_link,35.0,150
7356,6430382337,10882768320,7.08,secondary_link,35.0,150
7357,6430382337,2250795734,193.02,tertiary,30.0,100
7358,6430399597,10254904765,13.97,primary_link,40.0,250
7359,6430399597,1366008983,227.76,primary,50.0,300
7360,6430416810,6430416811,9.17,primary_link,40.0,250
7361,6430416810,2622177265,222.0,primary,50.0,300
7362,6430416811,6494934163,70.6,primary,50.0,300
7363,6430416811,6430416810,9.17,primary_link,40.0,250
7364,6430474047,6429588363,103.64,primary,50.0,300
7365,6430474047,6430474048,9.17,primary_link,40.0,250
7366,6430474048,6430474047,9.17,primary_link,40.0,250
7367,6430474048,6430399597,122.53,primary,50.0,300
7368,6430474706,5483788798,71.97,trunk,60.0,400
7369,6430474708,6429408888,41.12,secondary,40.0,200
7370,6430474708,13887009314,4.87,secondary,40.0,200
7371,6430474708,6430474706,530.21,trunk_link,50.0,350
7372,6430497206,245664037,9.95,secondary,40.0,200
7373,6430497206,13947151154,77.82,primary,50.0,300
7374,6430607035,6430607036,27.22,trunk_link,50.0,350
7375,6430607036,6430607035,27.22,trunk_link,50.0,350
7376,6430607036,5841999703,180.01,trunk,60.0,400
7377,6430673820,10877916796,161.13,primary,50.0,300
7378,6430673825,631525441,35.81,secondary,40.0,200
7379,6430673825,6430673820,60.96,primary_link,40.0,250
7380,6430837133,245660381,10.37,secondary,40.0,200
7381,6430837133,2444311230,311.63,secondary,40.0,200
7382,6430875930,865063296,1902.25,tertiary,30.0,100
7383,6430875930,9201441623,31.02,tertiary,30.0,100
7384,6430875931,623881673,26.88,secondary,40.0,200
7385,6430899937,6430899938,10.66,secondary_link,35.0,150
7386,6430899937,619185664,134.98,secondary,40.0,200
7387,6430899938,6430899937,10.66,secondary_link,35.0,150
7388,6430899938,985103905,440.53,secondary,40.0,200
7389,6430906958,619185664,12.31,tertiary,30.0,100
7390,6430906958,6430899938,130.69,secondary,40.0,200
7391,6430937037,10960976281,9.41,primary,50.0,300
7392,6430960763,1366008998,849.76,tertiary,30.0,100
7393,6430960763,2804584123,59.35,tertiary,30.0,100
7394,6430960767,6430960763,37.67,tertiary,30.0,100
7395,6430960767,2804584123,44.63,trunk,60.0,400
7396,6431009346,1419256931,8.0,primary_link,40.0,250
7397,6431009346,7374320615,283.09,primary,50.0,300
7398,6431094364,6431094365,7.93,primary_link,40.0,250
7399,6431094364,6262416573,169.46,primary,50.0,300
7400,6431094365,245660948,133.81,primary,50.0,300
7401,6431094365,6431094364,7.93,primary_link,40.0,250
7402,6431155719,6431155720,9.91,secondary_link,35.0,150
7403,6431155719,1158617054,514.39,secondary,40.0,200
7404,6431155720,6431155719,9.91,secondary_link,35.0,150
7405,6431155720,5936572189,412.04,secondary,40.0,200
7406,6431266164,7374507888,11.14,secondary,40.0,200
7407,6431266164,12949047420,173.68,primary,50.0,300
7408,6431266164,245659680,7.96,secondary,40.0,200
7409,6431289415,245668828,9.81,secondary,40.0,200
7410,6431289415,13523465874,46.6,tertiary,30.0,100
7411,6431289416,245669298,11.68,tertiary,30.0,100
7412,6431289416,13523465876,62.68,tertiary,30.0,100
7413,6431441210,13718558331,21.87,tertiary,30.0,100
7414,6431441210,2249326347,125.4,tertiary,30.0,100
7415,6435423923,2622177294,14.16,primary,50.0,300
7416,6435423923,245668515,27.4,primary,50.0,300
7417,6436057783,1368753125,9.63,tertiary,30.0,100
7418,6436057783,10960996712,214.75,primary,50.0,300
7419,6489866777,6489866778,2.99,secondary_link,35.0,150
7420,6489866777,6280378088,229.25,secondary,40.0,200
7421,6489866778,6489866777,2.99,secondary_link,35.0,150
7422,6489866778,9739950371,614.92,secondary,40.0,200
7423,6490900890,6490900899,44.65,tertiary,30.0,100
7424,6490900899,13439601785,83.78,tertiary,30.0,100
7425,6490900899,6490900890,44.65,tertiary,30.0,100
7426,6491197973,6165604797,51.84,primary,50.0,300
7427,6491197973,536673200,39.95,primary_link,40.0,250
7428,6491549419,6491549420,9.57,primary_link,40.0,250
7429,6491549419,2439602112,233.05,primary,50.0,300
7430,6491549420,5639804518,252.17,primary,50.0,300
7431,6491549420,6491549419,9.57,primary_link,40.0,250
7432,6491605226,245660731,573.99,secondary,40.0,200
7433,6491605226,7371570195,53.41,secondary,40.0,200
7434,6491605232,2444311234,31.75,secondary,40.0,200
7435,6491605232,6491605226,33.07,secondary_link,35.0,150
7436,6493265091,6493265092,18.4,primary_link,40.0,250
7437,6493265091,969781588,113.0,primary,50.0,300
7438,6493265092,6493265091,18.4,primary_link,40.0,250
7439,6493265092,3708879354,214.6,primary,50.0,300
7440,6493927744,6493927745,16.82,primary_link,40.0,250
7441,6493927744,6494909533,166.78,primary,50.0,300
7442,6493927745,6493927744,16.82,primary_link,40.0,250
7443,6493927745,7372175037,160.73,primary,50.0,300
7444,6494817881,13799110864,181.09,trunk,60.0,400
7445,6494817881,12334925204,858.99,trunk,60.0,400
7446,6494856674,2258304486,25.12,primary,50.0,300
7447,6494856674,12294664510,65.99,primary_link,40.0,250
7448,6494896736,4352245939,13.29,primary_link,40.0,250
7449,6494896736,6429734745,354.43,primary,50.0,300
7450,6494909532,6493927745,154.75,primary,50.0,300
7451,6494909532,6494909533,10.61,primary_link,40.0,250
7452,6494909533,6494909532,10.61,primary_link,40.0,250
7453,6494909533,6494934166,103.97,primary,50.0,300
7454,6494934163,6494934165,48.08,primary,50.0,300
7455,6494934163,6494934164,9.38,primary_link,40.0,250
7456,6494934164,6494934163,9.38,primary_link,40.0,250
7457,6494934164,6430416810,70.05,primary,50.0,300
7458,6494934165,6494909532,104.35,primary,50.0,300
7459,6494934165,6494934166,9.79,primary_link,40.0,250
7460,6494934166,6494934164,48.99,primary,50.0,300
7461,6494934166,6494934165,9.79,primary_link,40.0,250
7462,6494952052,2622177265,8.94,primary_link,40.0,250
7463,6494952052,6430416811,223.29,primary,50.0,300
7464,6494952054,619309814,10.97,tertiary,30.0,100
7465,6494952054,6494896736,341.26,primary,50.0,300
7466,6495099185,6495099186,10.45,secondary_link,35.0,150
7467,6495099185,4611102156,19.79,secondary,40.0,200
7468,6495099186,6495099185,10.45,secondary_link,35.0,150
7469,6495099186,13856203928,557.91,secondary,40.0,200
7470,6495203633,245660369,8.11,secondary,40.0,200
7471,6495203633,7374459527,11.33,secondary,40.0,200
7472,6495203633,12901659999,228.73,primary,50.0,300
7473,6497126508,6497126509,9.08,primary_link,40.0,250
7474,6497126508,13799160901,97.94,primary,50.0,300
7475,6497126509,6497126508,9.08,primary_link,40.0,250
7476,6497126509,619309810,511.39,primary,50.0,300
7477,6497154927,6497154928,28.0,tertiary,30.0,100
7478,6497154927,619309806,215.72,primary,50.0,300
7479,6497154928,6497154927,28.0,tertiary,30.0,100
7480,6497154928,245668515,52.3,tertiary,30.0,100
7481,6497154928,245668052,360.36,tertiary,30.0,100
7482,6497342996,245659330,120.83,tertiary,30.0,100
7483,6497342996,6580768155,512.49,primary,50.0,300
7484,6497342997,6497342996,78.89,primary,50.0,300
7485,6497342997,245659363,13.91,tertiary,30.0,100
7486,6552240725,10885845632,4.94,secondary_link,35.0,150
7487,6552240725,10885845628,34.4,secondary,40.0,200
7488,6552261005,3217430479,26.52,secondary,40.0,200
7489,6552261009,4014863213,26.33,secondary,40.0,200
7490,6552261009,6552261005,39.53,secondary,40.0,200
7491,6552380192,6552380193,21.73,secondary,40.0,200
7492,6552380192,6428843059,22.69,secondary,40.0,200
7493,6552380193,4014863218,356.65,secondary,40.0,200
7494,6552380198,6428843059,33.08,secondary,40.0,200
7495,6552380198,10264617834,42.15,secondary_link,35.0,150
7496,6552594955,245666830,262.84,tertiary,30.0,100
7497,6552594957,2897024656,27.1,primary,50.0,300
7498,6552594957,6552594955,32.94,primary_link,40.0,250
7499,6552758940,296857791,31.03,primary,50.0,300
7500,6552758946,2897024850,136.94,secondary,40.0,200
7501,6552758948,6552758946,45.49,primary_link,40.0,250
7502,6552758948,2897024822,34.37,primary,50.0,300
7503,6553104157,1236410189,783.25,secondary,40.0,200
7504,6553104160,245655046,19.92,secondary,40.0,200
7505,6553104160,6553104157,28.24,secondary_link,35.0,150
7506,6553104160,245655133,272.93,secondary,40.0,200
7507,6554302593,2897024658,224.69,tertiary,30.0,100
7508,6554384670,245666386,83.86,tertiary,30.0,100
7509,6554614255,245655702,10.18,secondary,40.0,200
7510,6554614255,6554614259,12.13,secondary,40.0,200
7511,6554614256,10277881690,111.84,secondary,40.0,200
7512,6554614259,2442510069,11.09,tertiary,30.0,100
7513,6554614259,471972442,63.35,tertiary,30.0,100
7514,6554614259,6554614261,100.12,secondary,40.0,200
7515,6554614261,245655580,10.86,secondary,40.0,200
7516,6554614261,10885739623,9.68,secondary,40.0,200
7517,6554614261,6554614256,242.28,secondary,40.0,200
7518,6557556694,6557556695,11.79,primary_link,40.0,250
7519,6557556694,13947151153,49.38,primary,50.0,300
7520,6557556695,6557556694,11.79,primary_link,40.0,250
7521,6557556695,2439602110,112.41,primary,50.0,300
7522,6567775293,6567775294,31.31,primary_link,40.0,250
7523,6567775293,1879817634,194.02,primary_link,40.0,250
7524,6567775294,6567775293,31.31,primary_link,40.0,250
7525,6567775294,3708878517,62.0,primary_link,40.0,250
7526,6569087155,10820417303,18.3,trunk_link,50.0,350
7527,6569087156,6569087155,59.61,trunk_link,50.0,350
7528,6569087156,1665625137,13.23,trunk,60.0,400
7529,6569087157,6569087156,21.21,trunk_link,50.0,350
7530,6569087157,1665625106,65.44,trunk,60.0,400
7531,6569340935,6133862186,77.02,secondary,40.0,200
7532,6569340935,6569340936,14.99,secondary_link,35.0,150
7533,6569340936,6569340935,14.99,secondary_link,35.0,150
7534,6569340936,13673740017,388.28,secondary,40.0,200
7535,6569409222,11070737838,205.04,primary,50.0,300
7536,6569409222,6569409223,11.6,primary_link,40.0,250
7537,6569409223,13848478043,434.16,primary,50.0,300
7538,6569409223,6569409222,11.6,primary_link,40.0,250
7539,6569979210,3708879392,11.6,primary_link,40.0,250
7540,6569979210,9719535814,145.0,primary,50.0,300
7541,6570055106,866826427,9.93,tertiary,30.0,100
7542,6570055106,245671026,254.04,tertiary,30.0,100
7543,6571717034,6571717035,12.89,trunk_link,50.0,350
7544,6571717034,13720591890,141.86,trunk,60.0,400
7545,6571717035,2250992838,27.95,trunk,60.0,400
7546,6571717035,6571717034,12.89,trunk_link,50.0,350
7547,6571743942,245660696,9.2,secondary,40.0,200
7548,6571743942,6495203633,554.86,primary,50.0,300
7549,6571887194,6571887195,12.49,secondary_link,35.0,150
7550,6571887194,3405371511,281.85,secondary,40.0,200
7551,6571887195,2442705639,110.61,secondary,40.0,200
7552,6571887195,6571887194,12.49,secondary_link,35.0,150
7553,6571910349,10279771680,15.06,tertiary,30.0,100
7554,6571910349,5792167748,7.27,secondary,40.0,200
7555,6572386235,245660948,165.33,primary_link,40.0,250
7556,6572386235,2258304486,1245.14,tertiary,30.0,100
7557,6572386240,6431009346,12.37,tertiary,30.0,100
7558,6572386240,7374507921,285.08,tertiary,30.0,100
7559,6573759450,2238597919,12.2,trunk,60.0,400
7560,6573759451,1643264250,62.94,trunk,60.0,400
7561,6573759451,6573759450,19.9,secondary,40.0,200
7562,6573759453,5838250403,1082.27,trunk,60.0,400
7563,6573886332,6573933915,223.58,trunk,60.0,400
7564,6573886332,6573933915,227.12,trunk_link,50.0,350
7565,6573933915,1642951891,117.42,trunk,60.0,400
7566,6574282572,10883734226,593.13,secondary,40.0,200
7567,6574294052,13676889428,12.51,secondary_link,35.0,150
7568,6574294052,10266957922,112.14,secondary,40.0,200
7569,6574486283,1644082010,12.52,tertiary,30.0,100
7570,6574486283,12093130023,253.06,primary,50.0,300
7571,6574605039,6574605040,6.85,secondary_link,35.0,150
7572,6574605039,1366901329,186.15,secondary,40.0,200
7573,6574605040,6574605039,6.85,secondary_link,35.0,150
7574,6574605040,6581003010,503.57,secondary,40.0,200
7575,6575856520,4368992602,1309.25,tertiary,30.0,100
7576,6575856520,1644082017,739.6,secondary,40.0,200
7577,6575856520,1388374498,29.62,secondary,40.0,200
7578,6576003269,2442705633,236.13,secondary,40.0,200
7579,6576003269,6576003270,12.5,secondary,40.0,200
7580,6576003270,631466883,120.42,secondary,40.0,200
7581,6576003270,6576003269,12.5,secondary,40.0,200
7582,6576032315,13980306848,41.41,secondary,40.0,200
7583,6576032315,2247988700,12.49,secondary_link,35.0,150
7584,6576059825,13660719781,9.97,trunk_link,50.0,350
7585,6576059825,13677015858,1038.95,secondary,40.0,200
7586,6576059825,2439252012,307.38,tertiary,30.0,100
7587,6576059826,6576059825,13.52,tertiary,30.0,100
7588,6576059828,6576059829,16.11,trunk_link,50.0,350
7589,6576059828,6576059826,30.87,tertiary,30.0,100
7590,6576059829,6576059826,21.35,trunk_link,50.0,350
7591,6576059830,6576059829,18.32,trunk_link,50.0,350
7592,6576059830,12905592102,9.9,trunk_link,50.0,350
7593,6576088910,9860341836,8.65,secondary,40.0,200
7594,6576088910,9860341841,285.07,secondary,40.0,200
7595,6576712151,1392485677,9.32,primary_link,40.0,250
7596,6576712151,6583169980,407.34,primary,50.0,300
7597,6580768154,6580768166,14.75,primary_link,40.0,250
7598,6580768154,6580768156,194.37,primary,50.0,300
7599,6580768155,6580768156,15.28,primary_link,40.0,250
7600,6580768155,6580768166,201.76,primary,50.0,300
7601,6580768156,6580768155,15.28,primary_link,40.0,250
7602,6580768156,245659363,588.33,primary,50.0,300
7603,6580768160,12322937974,11.9,primary_link,40.0,250
7604,6580768160,5921457054,406.63,primary,50.0,300
7605,6580768166,6580768154,14.75,primary_link,40.0,250
7606,6580768166,12322961992,447.93,primary,50.0,300
7607,6581003010,6581003011,9.25,secondary_link,35.0,150
7608,6581003010,619199658,577.44,secondary,40.0,200
7609,6581003011,6581003010,9.25,secondary_link,35.0,150
7610,6581003011,6574605039,500.55,secondary,40.0,200
7611,6581097857,7379602411,31.62,trunk,60.0,400
7612,6581097858,6581097857,57.48,tertiary_link,25.0,80
7613,6581097858,1665625199,1424.48,tertiary,30.0,100
7614,6581239902,6581239903,13.67,primary_link,40.0,250
7615,6581239902,5470707466,142.83,primary,50.0,300
7616,6581239903,6581239902,13.67,primary_link,40.0,250
7617,6581239903,1451795361,250.93,primary,50.0,300
7618,6581281333,1366900865,150.71,primary,50.0,300
7619,6581281333,6581281334,13.67,primary_link,40.0,250
7620,6581281334,6581281333,13.67,primary_link,40.0,250
7621,6581281334,4759328737,97.26,primary,50.0,300
7622,6581629094,6581629095,14.6,tertiary_link,25.0,80
7623,6581629094,5938773142,342.94,tertiary,30.0,100
7624,6581629095,6581629094,14.6,tertiary_link,25.0,80
7625,6581629095,13723217785,66.87,tertiary,30.0,100
7626,6583122230,2246472695,14.48,tertiary,30.0,100
7627,6583122230,2264152068,189.45,tertiary,30.0,100
7628,6583122230,10921183535,103.08,tertiary,30.0,100
7629,6583122231,8976481323,9.92,tertiary,30.0,100
7630,6583122231,11041973036,60.73,tertiary,30.0,100
7631,6583128782,1451795361,7.57,tertiary,30.0,100
7632,6583128782,6581239902,256.57,primary,50.0,300
7633,6583145396,6583145397,10.62,primary_link,40.0,250
7634,6583145396,3217437363,929.52,primary,50.0,300
7635,6583145397,6583145396,10.62,primary_link,40.0,250
7636,6583145397,6583716265,176.12,primary,50.0,300
7637,6583169979,6583169980,9.18,primary_link,40.0,250
7638,6583169979,1392485677,405.67,primary,50.0,300
7639,6583169980,6583169979,9.18,primary_link,40.0,250
7640,6583169980,12381358491,150.56,primary,50.0,300
7641,6583554930,2622177342,494.78,tertiary,30.0,100
7642,6583554930,13710546725,237.27,tertiary,30.0,100
7643,6583578109,1366938229,60.97,trunk,60.0,400
7644,6583578109,2246471784,23.85,trunk_link,50.0,350
7645,6583665827,2899067851,11.57,trunk,60.0,400
7646,6583665827,2244797443,756.2,tertiary,30.0,100
7647,6583666745,6583666746,12.52,primary_link,40.0,250
7648,6583666745,1640769588,387.42,primary,50.0,300
7649,6583666746,6583666745,12.52,primary_link,40.0,250
7650,6583666746,11070737839,492.82,primary,50.0,300
7651,6583716264,6583716265,10.95,primary_link,40.0,250
7652,6583716264,6583145396,177.9,primary,50.0,300
7653,6583716265,6583716264,10.95,primary_link,40.0,250
7654,6583716265,4632210328,589.29,primary,50.0,300
7655,6586019606,9679154869,300.55,secondary,40.0,200
7656,6590384792,5896564331,9.22,tertiary,30.0,100
7657,6590384792,245666901,99.57,tertiary,30.0,100
7658,6598130893,6598130894,6.77,primary_link,40.0,250
7659,6598130893,296354498,1069.21,primary,50.0,300
7660,6598130894,6598130893,6.77,primary_link,40.0,250
7661,6598130894,13523657583,145.51,primary,50.0,300
7662,6598737611,1920242277,10.66,tertiary,30.0,100
7663,6598737611,11052195977,96.2,secondary,40.0,200
7664,6601751017,6601751018,8.36,secondary_link,35.0,150
7665,6601751017,6017561677,126.89,secondary,40.0,200
7666,6601751018,6601751017,8.36,secondary_link,35.0,150
7667,6601751018,10247313332,555.03,secondary,40.0,200
7668,6601803824,6601803825,11.34,secondary_link,35.0,150
7669,6601803824,5988087560,282.94,secondary,40.0,200
7670,6601803825,6601803824,11.34,secondary_link,35.0,150
7671,6601803825,590605927,282.74,secondary,40.0,200
7672,6601803826,9871495788,9.43,secondary,40.0,200
7673,6601803826,6601803824,26.06,secondary,40.0,200
7674,6601808735,6601808736,11.35,primary_link,40.0,250
7675,6601808735,2176215896,459.78,primary,50.0,300
7676,6601808736,6601808735,11.35,primary_link,40.0,250
7677,6601808736,13579932298,707.63,primary,50.0,300
7678,6601867496,6601867497,12.73,secondary_link,35.0,150
7679,6601867496,1643105824,388.48,secondary,40.0,200
7680,6601867497,6601867496,12.73,secondary_link,35.0,150
7681,6601867497,486400792,56.82,secondary,40.0,200
7682,6601941185,1643105813,18.47,primary,50.0,300
7683,6601941185,1643105843,177.3,secondary,40.0,200
7684,6602221633,528743523,113.17,secondary_link,35.0,150
7685,6602221633,528743522,91.57,primary,50.0,300
7686,6602226913,457089759,7.95,tertiary_link,25.0,80
7687,6602226913,9805620649,90.76,tertiary,30.0,100
7688,6602367954,1511531476,85.06,primary,50.0,300
7689,6602367954,13470000967,626.43,tertiary,30.0,100
7690,6602500399,10879569091,815.45,tertiary,30.0,100
7691,6602500399,2250757251,215.93,tertiary,30.0,100
7692,6604299451,1934768200,12.64,tertiary,30.0,100
7693,6604299451,867276793,336.0,secondary,40.0,200
7694,6604321014,6604321015,10.67,tertiary,30.0,100
7695,6604321014,11050902892,78.38,secondary,40.0,200
7696,6604321015,6604321014,10.67,tertiary,30.0,100
7697,6604321015,10629624864,10.06,secondary,40.0,200
7698,6604321015,6428893717,151.17,tertiary,30.0,100
7699,6604559419,7366287326,884.93,tertiary,30.0,100
7700,6604559419,5923939966,61.26,trunk_link,50.0,350
7701,6605148991,884215695,17.22,tertiary_link,25.0,80
7702,6605148991,884198592,213.08,tertiary,30.0,100
7703,6606994871,13797636938,65.87,secondary,40.0,200
7704,6606994871,11070903959,8.67,secondary_link,35.0,150
7705,6607668198,6607668202,19.65,tertiary,30.0,100
7706,6607668202,1647016714,396.37,tertiary,30.0,100
7707,6607668202,9925314991,56.32,tertiary,30.0,100
7708,6608759215,12587158362,30.72,secondary,40.0,200
7709,6608759216,6608759215,14.65,secondary,40.0,200
7710,6608759216,13702074458,156.81,tertiary,30.0,100
7711,6608764027,6608764028,8.57,secondary_link,35.0,150
7712,6608764027,9925314950,219.44,secondary,40.0,200
7713,6608764028,6608764027,8.57,secondary_link,35.0,150
7714,6608764028,13833629156,150.08,secondary,40.0,200
7715,6608770472,3794269318,248.21,secondary,40.0,200
7716,6608770472,2958525029,411.74,secondary_link,35.0,150
7717,6608841334,13470000968,16.27,trunk_link,50.0,350
7718,6608841334,6608978820,346.97,tertiary,30.0,100
7719,6608841334,13470000967,223.2,tertiary,30.0,100
7720,6608978820,6608841334,346.97,tertiary,30.0,100
7721,6615745370,13835530434,332.16,tertiary,30.0,100
7722,6615745370,13835530423,3.68,tertiary,30.0,100
7723,6615790230,12438442938,12.16,secondary,40.0,200
7724,6615924775,13584658160,7.18,tertiary,30.0,100
7725,6615924775,590732809,21.63,tertiary,30.0,100
7726,6615924775,10281959324,339.88,tertiary,30.0,100
7727,6616033768,13897104892,22.26,tertiary,30.0,100
7728,6616354713,6616354714,7.93,secondary_link,35.0,150
7729,6616354713,1960734956,312.88,secondary,40.0,200
7730,6616354714,6616354713,7.93,secondary_link,35.0,150
7731,6616354714,7280128610,604.01,secondary,40.0,200
7732,6616472888,1651530940,21.16,tertiary,30.0,100
7733,6616472888,564738616,12.54,primary,50.0,300
7734,6616635522,10925691263,8.63,primary_link,40.0,250
7735,6616635522,1936499662,78.11,primary,50.0,300
7736,6616861151,245673683,243.13,tertiary,30.0,100
7737,6616861151,969803872,11.35,secondary,40.0,200
7738,6618201525,7331439008,19.14,primary,50.0,300
7739,6618201525,13681043573,827.62,primary,50.0,300
7740,6618261801,10886054721,50.95,primary_link,40.0,250
7741,6618261801,10886054720,44.96,primary,50.0,300
7742,6618295251,7331439037,14.86,tertiary,30.0,100
7743,6618295251,1646690976,564.64,primary,50.0,300
7744,6618301525,4362345197,14.54,secondary_link,35.0,150
7745,6618301525,10277829376,227.34,primary,50.0,300
7746,6618302834,13766262001,140.95,tertiary,30.0,100
7747,6618302834,13766262002,132.94,primary,50.0,300
7748,6618316493,4307040343,21.48,tertiary,30.0,100
7749,6618316498,245653613,32.42,secondary,40.0,200
7750,6618316498,6618316493,43.66,tertiary,30.0,100
7751,6618748008,6618748009,36.07,secondary_link,35.0,150
7752,6618748008,986518062,405.51,secondary,40.0,200
7753,6618748009,6618748008,36.07,secondary_link,35.0,150
7754,6618748009,985092027,197.51,secondary,40.0,200
7755,6627598671,3796499961,11.51,tertiary,30.0,100
7756,6627598671,9973027426,63.77,secondary,40.0,200
7757,6637361660,7280008178,233.2,primary,50.0,300
7758,6637361660,6637361661,19.76,primary_link,40.0,250
7759,6637361661,10279520071,257.43,primary,50.0,300
7760,6637361661,6637361660,19.76,primary_link,40.0,250
7761,6638816988,10274112204,8.88,primary_link,40.0,250
7762,6638816988,6638816990,295.38,primary,50.0,300
7763,6638816988,2250825525,183.27,primary,50.0,300
7764,6638816990,1913053572,10.2,tertiary,30.0,100
7765,6638816990,9985517318,791.67,primary,50.0,300
7766,6786447353,1596008547,18.28,primary,50.0,300
7767,6786447356,6786447353,50.92,primary_link,40.0,250
7768,6786447356,6786447367,32.03,tertiary,30.0,100
7769,6786447360,10279523297,138.31,tertiary,30.0,100
7770,6786447360,6786447356,192.33,tertiary,30.0,100
7771,6786447363,6786447360,182.78,tertiary,30.0,100
7772,6786447367,5924612055,18.02,tertiary,30.0,100
7773,6786447367,6786447353,28.21,primary,50.0,300
7774,6786448271,619128792,27.35,primary,50.0,300
7775,6786448271,6786448274,40.18,primary_link,40.0,250
7776,6786448274,13759083098,14.78,tertiary,30.0,100
7777,6786448274,619128792,30.53,tertiary,30.0,100
7778,6802412609,13912207609,41.22,primary,50.0,300
7779,6802412610,6802412611,18.56,primary,50.0,300
7780,6802412610,12992261092,239.52,primary,50.0,300
7781,6802412611,6802412609,18.11,primary,50.0,300
7782,6802412611,6802412627,730.51,primary,50.0,300
7783,6802412626,2230881419,73.31,primary,50.0,300
7784,6802412627,6802412626,13.52,primary,50.0,300
7785,6802412627,6802412611,730.51,primary,50.0,300
7786,6802412628,6802412627,13.02,primary,50.0,300
7787,6802412628,2250655498,238.82,primary,50.0,300
7788,6802445263,6802495490,14.32,primary,50.0,300
7789,6802445263,414595050,272.8,primary,50.0,300
7790,6802445266,6802445275,322.41,primary,50.0,300
7791,6802445266,6802495490,473.81,primary,50.0,300
7792,6802445266,6802495517,624.69,primary,50.0,300
7793,6802445273,6802495532,12.91,primary,50.0,300
7794,6802445275,11938975525,13.62,primary,50.0,300
7795,6802445275,6802445266,322.41,primary,50.0,300
7796,6802495490,1960733766,12.35,primary,50.0,300
7797,6802495490,6802445266,473.81,primary,50.0,300
7798,6802495517,1960733568,143.6,primary,50.0,300
7799,6802495532,1960733875,154.99,primary,50.0,300
7800,6802495532,7010109320,10.12,primary,50.0,300
7801,6802852073,630707044,10.21,secondary,40.0,200
7802,6802852073,6802893017,500.04,secondary,40.0,200
7803,6802893016,6802893019,24.43,secondary,40.0,200
7804,6802893016,630707044,495.15,secondary,40.0,200
7805,6802893017,10196684383,100.32,secondary,40.0,200
7806,6802893019,6802893017,23.94,secondary,40.0,200
7807,6802893019,10279457379,623.32,secondary,40.0,200
7808,6805491833,6805491835,12.14,tertiary,30.0,100
7809,6805491835,7365882734,9.16,tertiary,30.0,100
7810,6805491835,631507962,493.2,tertiary,30.0,100
7811,6925978233,12639940739,59.0,primary,50.0,300
7812,6925978233,245656677,9.56,tertiary,30.0,100
7813,6925978233,245657649,677.39,tertiary,30.0,100
7814,6925978242,4294951462,8.66,secondary,40.0,200
7815,6925978242,6925978233,410.18,primary,50.0,300
7816,6925978243,6925978242,9.85,primary,50.0,300
7817,6925978243,245657519,366.32,secondary,40.0,200
7818,6926138475,10171361140,33.86,tertiary,30.0,100
7819,6926138475,245666850,559.25,tertiary,30.0,100
7820,6944189888,245658202,29.17,tertiary,30.0,100
7821,6944189888,6944189892,22.46,tertiary,30.0,100
7822,6944189892,245658185,212.55,tertiary,30.0,100
7823,6986983418,631507962,13.86,tertiary_link,25.0,80
7824,6986983418,7365882734,484.1,tertiary,30.0,100
7825,7007093657,13732603779,27.91,trunk_link,50.0,350
7826,7007093657,5938773157,304.74,tertiary,30.0,100
7827,7007093657,985136456,573.13,tertiary,30.0,100
7828,7010109320,414595023,10.25,primary,50.0,300
7829,7010109325,6802445273,4.96,primary,50.0,300
7830,7010109325,13800431855,83.46,tertiary,30.0,100
7831,7010109339,11938951570,296.91,primary,50.0,300
7832,7010109339,7010109325,16.42,primary,50.0,300
7833,7037578470,3793874736,146.32,tertiary,30.0,100
7834,7037578470,590605922,36.95,secondary,40.0,200
7835,7043548004,13523554733,4.4,primary_link,40.0,250
7836,7043548004,296362023,109.41,primary,50.0,300
7837,7097850903,7097850904,19.48,primary_link,40.0,250
7838,7097850903,13877647885,553.52,primary,50.0,300
7839,7097850904,7097850903,19.48,primary_link,40.0,250
7840,7097850904,623885624,360.62,primary,50.0,300
7841,7103910192,13799510470,6.64,tertiary,30.0,100
7842,7103910192,13799510469,4.03,trunk_link,50.0,350
7843,7103987019,7103987020,8.63,primary_link,40.0,250
7844,7103987019,1714209578,154.32,primary,50.0,300
7845,7103987020,7103987019,8.63,primary_link,40.0,250
7846,7103987020,13580034548,274.31,primary,50.0,300
7847,7104166103,1127774801,39.25,tertiary,30.0,100
7848,7104166103,245654580,13.9,secondary_link,35.0,150
7849,7108600455,7362494687,8.16,primary_link,40.0,250
7850,7108600455,619199656,849.51,primary,50.0,300
7851,7112996977,13015085531,6.93,secondary,40.0,200
7852,7112996981,7113040786,25.68,secondary,40.0,200
7853,7113040786,7113040790,23.02,secondary,40.0,200
7854,7113040786,8628297900,920.6,secondary,40.0,200
7855,7113040790,7113040792,11.9,secondary,40.0,200
7856,7113040792,5380524548,141.62,secondary,40.0,200
7857,7113040792,7112996977,17.27,secondary,40.0,200
7858,7123994600,13799252813,34.76,tertiary,30.0,100
7859,7123994600,10713480684,8.44,tertiary,30.0,100
7860,7157873781,7157873784,11.22,secondary,40.0,200
7861,7157873781,884399489,463.15,primary,50.0,300
7862,7157873782,7157873783,10.52,secondary,40.0,200
7863,7157873782,4357151383,775.59,primary,50.0,300
7864,7157873783,7157873781,12.55,primary,50.0,300
7865,7157873783,9117998474,569.53,secondary,40.0,200
7866,7157873784,7157873782,12.69,primary,50.0,300
7867,7157873784,9884748090,662.51,secondary,40.0,200
7868,7158617885,13095713714,8.73,secondary,40.0,200
7869,7158617885,866839628,50.21,secondary,40.0,200
7870,7158617888,866839667,12.2,secondary,40.0,200
7871,7158617888,866758873,80.91,tertiary,30.0,100
7872,7158617889,2442374465,12.86,secondary,40.0,200
7873,7158617889,866839628,43.3,secondary,40.0,200
7874,7159714370,7398098990,13.98,tertiary,30.0,100
7875,7159714370,245675024,181.89,secondary,40.0,200
7876,7206394769,7206407296,8.22,secondary_link,35.0,150
7877,7206394769,13516967379,103.34,secondary,40.0,200
7878,7206407288,346644272,8.79,secondary,40.0,200
7879,7206407288,13516967380,195.18,secondary,40.0,200
7880,7206407296,7206394769,8.22,secondary_link,35.0,150
7881,7206407296,7206407299,109.75,secondary,40.0,200
7882,7206407299,13516967378,8.06,secondary_link,35.0,150
7883,7206407299,346604594,187.45,secondary,40.0,200
7884,7206407305,10882768313,7.71,secondary,40.0,200
7885,7206407305,13508424661,24.59,secondary,40.0,200
7886,7238373729,2168580990,103.2,secondary,40.0,200
7887,7238373729,7462923344,153.49,secondary,40.0,200
7888,7238373733,10886054719,48.07,secondary,40.0,200
7889,7238373733,2175129198,81.26,primary_link,40.0,250
7890,7239147682,7379522562,43.42,tertiary,30.0,100
7891,7239147682,7379630117,10.99,tertiary,30.0,100
7892,7239147682,12397602526,128.95,secondary,40.0,200
7893,7239257007,13800431839,45.9,tertiary,30.0,100
7894,7239257007,10054380639,47.5,tertiary,30.0,100
7895,7241399961,884467135,76.01,tertiary,30.0,100
7896,7241667052,7241667069,13.12,tertiary,30.0,100
7897,7241667052,7241667062,188.42,tertiary,30.0,100
7898,7241667062,13856324117,7.38,tertiary,30.0,100
7899,7241667062,10845962342,9.15,tertiary,30.0,100
7900,7241667064,7241667066,17.07,tertiary,30.0,100
7901,7241667064,3878492911,369.76,primary,50.0,300
7902,7241667066,769037775,11.87,primary,50.0,300
7903,7241667069,7241667052,13.12,tertiary,30.0,100
7904,7241667069,1186891007,535.98,tertiary,30.0,100
7905,7241667076,6117653733,103.53,tertiary,30.0,100
7906,7241667076,7241667082,13.11,tertiary,30.0,100
7907,7241667082,1186891007,12.86,tertiary,30.0,100
7908,7241667082,7241667052,519.65,tertiary,30.0,100
7909,7241667083,1185674157,8.39,tertiary,30.0,100
7910,7241667083,7241667076,385.85,tertiary,30.0,100
7911,7241667083,1185818981,391.89,tertiary,30.0,100
7912,7241682806,1185674183,9.35,tertiary,30.0,100
7913,7241682806,7241667083,174.27,tertiary,30.0,100
7914,7241682812,7353935272,10.27,tertiary,30.0,100
7915,7241682812,10564313451,526.86,tertiary,30.0,100
7916,7271727250,2233871965,6.15,secondary_link,35.0,150
7917,7271727250,13723183135,147.44,secondary,40.0,200
7918,7271727260,7271727261,6.01,secondary,40.0,200
7919,7271727261,13723183133,113.84,secondary,40.0,200
7920,7271727261,7271727272,6.03,secondary,40.0,200
7921,7271727265,2233871883,71.51,tertiary,30.0,100
7922,7271727265,7271727286,6.37,secondary,40.0,200
7923,7271727270,7271727287,9.99,secondary,40.0,200
7924,7271727271,1389428824,556.85,tertiary,30.0,100
7925,7271727271,7271727270,9.03,secondary,40.0,200
7926,7271727272,7271727265,8.66,secondary,40.0,200
7927,7271727274,7271727275,6.66,secondary,40.0,200
7928,7271727275,5938773130,9.91,secondary,40.0,200
7929,7271727275,7271727250,152.07,secondary,40.0,200
7930,7271727286,7271727271,9.03,secondary,40.0,200
7931,7271727287,7271727260,5.07,secondary,40.0,200
7932,7271727287,1389428854,127.58,tertiary,30.0,100
7933,7279521030,1651338410,29.01,tertiary,30.0,100
7934,7279521030,7279521031,15.73,tertiary,30.0,100
7935,7279521031,7371054128,67.26,tertiary,30.0,100
7936,7279521031,7279521035,31.64,tertiary,30.0,100
7937,7279521035,7279521036,20.45,tertiary,30.0,100
7938,7279521035,11954241771,299.24,tertiary,30.0,100
7939,7279521036,7463765662,381.07,tertiary,30.0,100
7940,7279521036,7279521030,34.92,tertiary,30.0,100
7941,7280008176,4650001241,48.53,trunk_link,50.0,350
7942,7280008176,7280008177,54.99,trunk_link,50.0,350
7943,7280008177,7280008179,504.91,primary,50.0,300
7944,7280008178,7280008179,14.93,primary_link,40.0,250
7945,7280008178,9828583079,524.09,primary,50.0,300
7946,7280008179,7280008178,14.93,primary_link,40.0,250
7947,7280008179,6637361661,237.12,primary,50.0,300
7948,7280044352,13284860022,12.03,tertiary,30.0,100
7949,7280044352,7288662230,102.13,tertiary,30.0,100
7950,7280044352,5875787592,23.21,primary,50.0,300
7951,7280044352,13664004433,468.71,tertiary,30.0,100
7952,7280044353,13284860022,2.26,primary,50.0,300
7953,7280051310,13592081245,6.68,tertiary_link,25.0,80
7954,7280051310,13592081247,20.37,tertiary,30.0,100
7955,7280128602,7280128610,7.84,tertiary,30.0,100
7956,7280128602,6616354713,594.67,secondary,40.0,200
7957,7280128605,1643413992,12.12,tertiary,30.0,100
7958,7280128605,1643413951,700.24,tertiary,30.0,100
7959,7280128605,8531002108,153.22,tertiary,30.0,100
7960,7280128610,12794003686,14.3,secondary,40.0,200
7961,7280128610,8564342796,107.81,tertiary,30.0,100
7962,7280128664,13830680315,8.1,secondary,40.0,200
7963,7280128666,13830680338,15.72,secondary,40.0,200
7964,7280128666,7280128664,17.53,secondary,40.0,200
7965,7285424904,1386641161,6.87,tertiary_link,25.0,80
7966,7285424904,5984944617,38.33,tertiary,30.0,100
7967,7285424910,7285424940,15.38,tertiary,30.0,100
7968,7285424910,619130306,127.87,primary,50.0,300
7969,7285424940,5924611759,9.75,primary,50.0,300
7970,7288662229,7288662230,152.78,tertiary,30.0,100
7971,7288662229,4233563027,26.07,tertiary,30.0,100
7972,7288662230,7288662229,159.42,tertiary,30.0,100
7973,7288662230,7280044352,102.13,tertiary,30.0,100
7974,7288676450,13577420328,46.71,tertiary,30.0,100
7975,7288676450,4367646530,11.56,tertiary_link,25.0,80
7976,7298841985,6271834099,6.07,secondary_link,35.0,150
7977,7298841985,13537225634,40.92,secondary,40.0,200
7978,7298842002,13537225635,25.56,secondary,40.0,200
7979,7298842002,13537225636,6.58,secondary_link,35.0,150
7980,7298842020,245667551,10.01,tertiary,30.0,100
7981,7298842020,13521149003,908.29,secondary,40.0,200
7982,7298860363,5912237867,10.1,tertiary,30.0,100
7983,7298860363,13673724062,395.35,tertiary,30.0,100
7984,7298860365,7298860363,9.4,tertiary,30.0,100
7985,7298860365,13673671792,297.2,tertiary,30.0,100
7986,7298879766,1960732441,11.5,secondary,40.0,200
7987,7298879766,1960732549,228.22,secondary,40.0,200
7988,7299051582,7299062696,9.77,tertiary,30.0,100
7989,7299051582,1389428569,65.12,tertiary,30.0,100
7990,7299062696,7299062709,26.27,tertiary,30.0,100
7991,7299062709,7299051582,16.29,tertiary,30.0,100
7992,7299062709,1184038446,1277.44,tertiary,30.0,100
7993,7304660266,7304660267,15.16,primary_link,40.0,250
7994,7304660266,13033946548,693.85,primary,50.0,300
7995,7304660267,7304660266,15.16,primary_link,40.0,250
7996,7304660267,10279520072,2036.37,primary,50.0,300
7997,7305466573,7113040790,911.71,secondary,40.0,200
7998,7305466573,8628297900,15.23,secondary,40.0,200
7999,7305880333,1651530992,13.61,tertiary,30.0,100
8000,7305880333,1651530966,888.16,tertiary,30.0,100
8001,7305880333,7305880356,350.69,secondary,40.0,200
8002,7305880340,7305880333,478.27,secondary,40.0,200
8003,7305880340,1651530997,10.56,secondary,40.0,200
8004,7305880350,4374611143,10.88,primary,50.0,300
8005,7305880352,7305880350,20.42,secondary,40.0,200
8006,7305880352,7374437672,252.3,primary,50.0,300
8007,7305880356,3273736683,14.65,tertiary,30.0,100
8008,7305880356,7305880352,451.89,secondary,40.0,200
8009,7308710008,10880265735,2629.18,secondary,40.0,200
8010,7308710008,7308710011,116.97,secondary,40.0,200
8011,7308710011,7308710008,118.25,secondary,40.0,200
8012,7308710011,564853874,1046.76,secondary,40.0,200
8013,7309530516,4352377830,12.59,secondary,40.0,200
8014,7309530516,884220258,116.94,tertiary,30.0,100
8015,7309530535,13510287966,7.16,secondary,40.0,200
8016,7309530535,13859476644,32.43,secondary,40.0,200
8017,7311309979,632311715,6042.29,tertiary,30.0,100
8018,7311309979,7311314091,96.71,tertiary,30.0,100
8019,7311314087,7463765661,35.93,tertiary,30.0,100
8020,7311314087,245662191,5.6,tertiary,30.0,100
8021,7311314091,1651338387,14.57,tertiary,30.0,100
8022,7311314097,7311314087,10.37,tertiary,30.0,100
8023,7315351969,7271727286,70.73,tertiary,30.0,100
8024,7320265241,13514783244,8.09,tertiary_link,25.0,80
8025,7320265241,10603240108,17.98,tertiary,30.0,100
8026,7320265243,346611229,7.56,tertiary_link,25.0,80
8027,7320265243,7320265241,585.08,tertiary,30.0,100
8028,7321670646,7321670649,9.94,tertiary_link,25.0,80
8029,7321670646,4819972384,81.39,tertiary,30.0,100
8030,7321670649,7321670646,9.94,tertiary_link,25.0,80
8031,7321670649,4162615475,329.67,tertiary,30.0,100
8032,7324602775,1960736051,181.81,trunk,60.0,400
8033,7324784805,1960735935,10.16,primary_link,40.0,250
8034,7324784805,12797377987,237.02,primary_link,40.0,250
8035,7325017690,7325017691,141.59,tertiary,30.0,100
8036,7325017690,245682208,8.88,tertiary,30.0,100
8037,7325017691,7325017692,8.8,tertiary_link,25.0,80
8038,7325017691,7345415529,203.95,tertiary,30.0,100
8039,7325017692,245682208,141.55,tertiary,30.0,100
8040,7325017692,7325017691,8.8,tertiary_link,25.0,80
8041,7325017694,10277333723,11.41,secondary_link,35.0,150
8042,7325017694,10277333721,286.73,secondary,40.0,200
8043,7325017703,628998774,8.71,secondary,40.0,200
8044,7325017703,7325017694,411.17,secondary,40.0,200
8045,7325017704,245682159,336.65,primary,50.0,300
8046,7325017704,7331358921,12.89,primary,50.0,300
8047,7331358909,7331358917,2.66,primary,50.0,300
8048,7331358914,10839469177,3.53,primary,50.0,300
8049,7331358914,6615790230,73.08,secondary,40.0,200
8050,7331358915,7331358926,6.4,primary,50.0,300
8051,7331358915,10879625875,67.08,tertiary,30.0,100
8052,7331358917,10277333722,557.17,secondary,40.0,200
8053,7331358917,7331358923,13.03,primary,50.0,300
8054,7331358918,10282000627,668.96,primary,50.0,300
8055,7331358918,7331358909,9.76,primary,50.0,300
8056,7331358921,7331358915,3.2,primary,50.0,300
8057,7331358923,7325017704,7.38,primary,50.0,300
8058,7331358926,7331358914,3.2,primary,50.0,300
8059,7331361857,7331361867,9.81,tertiary,30.0,100
8060,7331361857,7331361893,112.16,tertiary,30.0,100
8061,7331361857,13811630337,2325.37,tertiary,30.0,100
8062,7331361867,7331361857,9.81,tertiary,30.0,100
8063,7331361867,7331361857,27.91,tertiary,30.0,100
8064,7331361893,10712165144,9.3,tertiary_link,25.0,80
8065,7331361893,10712165148,84.01,tertiary,30.0,100
8066,7331361896,7331361914,7.6,tertiary_link,25.0,80
8067,7331361896,10712165146,218.46,tertiary,30.0,100
8068,7331361901,1182363473,9.78,tertiary_link,25.0,80
8069,7331361901,7366287329,973.23,tertiary,30.0,100
8070,7331361914,7331361896,7.6,tertiary_link,25.0,80
8071,7331361914,10712165147,52.99,tertiary,30.0,100
8072,7331438999,245682159,16.87,tertiary,30.0,100
8073,7331438999,7331358921,330.26,primary,50.0,300
8074,7331439002,3791183342,20.61,secondary,40.0,200
8075,7331439002,7331439021,324.66,primary,50.0,300
8076,7331439008,3110861693,11.21,primary,50.0,300
8077,7331439021,1646690976,17.78,tertiary,30.0,100
8078,7331439021,245682820,740.42,tertiary,30.0,100
8079,7331439021,7331439037,557.72,primary,50.0,300
8080,7331439037,6618295251,14.86,tertiary,30.0,100
8081,7331439037,7331439047,603.71,primary,50.0,300
8082,7331439037,9855725446,211.67,tertiary,30.0,100
8083,7331439047,245682679,14.77,tertiary,30.0,100
8084,7331439047,245682685,473.84,tertiary,30.0,100
8085,7331439047,7331439052,426.71,primary,50.0,300
8086,7331439052,6618201525,9.16,primary,50.0,300
8087,7331439052,3793874755,225.04,primary,50.0,300
8088,7331439079,8695912820,179.01,tertiary,30.0,100
8089,7331456303,7331456305,16.92,primary_link,40.0,250
8090,7331456303,629022717,49.62,primary,50.0,300
8091,7331456305,7331456303,16.92,primary_link,40.0,250
8092,7331456305,7331456316,459.19,primary,50.0,300
8093,7331456316,245683104,13.98,tertiary,30.0,100
8094,7331456316,13584566779,1455.01,primary,50.0,300
8095,7331456320,629022717,40.78,primary,50.0,300
8096,7331456320,7331456305,39.76,primary,50.0,300
8097,7334101312,8973745204,34.02,trunk_link,50.0,350
8098,7334101312,8973771545,800.97,trunk_link,50.0,350
8099,7334220522,456044841,440.49,tertiary,30.0,100
8100,7334220522,456044859,209.97,tertiary,30.0,100
8101,7334296263,13821218773,41.82,tertiary,30.0,100
8102,7334296263,7366287329,12.24,tertiary,30.0,100
8103,7340067044,13598885116,11.4,secondary,40.0,200
8104,7340067044,7158617885,302.24,secondary,40.0,200
8105,7340159712,11658941492,8.66,tertiary,30.0,100
8106,7340159712,7345377652,785.46,tertiary,30.0,100
8107,7340258725,8336655701,27.41,secondary_link,35.0,150
8108,7340258725,8450022934,16.89,secondary,40.0,200
8109,7340258732,1960735428,562.12,secondary,40.0,200
8110,7340258735,8336655696,26.39,tertiary,30.0,100
8111,7340258735,7340258732,45.7,secondary_link,35.0,150
8112,7345105024,628597986,9.85,secondary,40.0,200
8113,7345105024,7345105030,545.84,secondary,40.0,200
8114,7345105030,1375170790,10.54,tertiary,30.0,100
8115,7345105030,13648926263,296.84,secondary,40.0,200
8116,7345105030,1375170792,427.1,tertiary,30.0,100
8117,7345105043,7345211349,169.71,tertiary,30.0,100
8118,7345105043,245680793,11.02,tertiary,30.0,100
8119,7345105043,11658941492,749.94,tertiary,30.0,100
8120,7345211329,13649016929,12.41,secondary_link,35.0,150
8121,7345211329,7345380802,510.85,secondary,40.0,200
8122,7345211334,7378448192,19.12,secondary,40.0,200
8123,7345211334,10277304363,23.78,primary,50.0,300
8124,7345211349,10277304359,15.54,tertiary,30.0,100
8125,7345211349,629016904,726.35,tertiary,30.0,100
8126,7345211352,7377674132,16.61,secondary,40.0,200
8127,7345211352,11787007974,9.88,primary,50.0,300
8128,7345211352,3736953724,55.6,tertiary,30.0,100
8129,7345377635,12295929919,300.1,tertiary,30.0,100
8130,7345377635,7345377669,214.5,tertiary,30.0,100
8131,7345377643,7345377652,10.39,secondary,40.0,200
8132,7345377643,11658941492,785.97,tertiary,30.0,100
8133,7345377647,7345377667,7.21,secondary,40.0,200
8134,7345377647,7345377667,20.58,secondary,40.0,200
8135,7345377652,7345105024,10.43,secondary,40.0,200
8136,7345377652,7345415553,449.7,secondary,40.0,200
8137,7345377653,7345377647,6.74,secondary,40.0,200
8138,7345377653,13648926261,183.25,secondary,40.0,200
8139,7345377655,2222709056,11.48,secondary,40.0,200
8140,7345377655,1416525707,302.48,secondary,40.0,200
8141,7345377657,13652254282,13.35,secondary_link,35.0,150
8142,7345377657,7345380794,188.08,secondary,40.0,200
8143,7345377659,13597681621,8.62,secondary,40.0,200
8144,7345377667,629016904,5.7,secondary,40.0,200
8145,7345377667,10277304359,706.21,tertiary,30.0,100
8146,7345377669,7345377655,11.07,secondary,40.0,200
8147,7345377675,1416525707,14.03,secondary,40.0,200
8148,7345377675,2222709056,301.68,secondary,40.0,200
8149,7345380794,10770482043,7.93,secondary,40.0,200
8150,7345380794,13654859223,20.55,tertiary,30.0,100
8151,7345380801,7388110232,8.46,secondary,40.0,200
8152,7345380801,6608770472,392.77,secondary,40.0,200
8153,7345380802,245680777,13.73,secondary,40.0,200
8154,7345380802,7345377657,256.38,secondary,40.0,200
8155,7345415529,7325017703,9.64,secondary,40.0,200
8156,7345415530,7345415529,8.69,secondary,40.0,200
8157,7345415530,7325017692,203.96,tertiary,30.0,100
8158,7345415532,10277336188,10.53,secondary,40.0,200
8159,7345415532,1375170809,343.63,tertiary,30.0,100
8160,7345415536,10277336200,7.1,secondary,40.0,200
8161,7345415536,1375170806,654.64,tertiary,30.0,100
8162,7345415553,10936586333,7.44,secondary,40.0,200
8163,7345515748,4759328782,409.39,secondary,40.0,200
8164,7345515748,4759328797,13.58,secondary,40.0,200
8165,7345515753,4759328800,7.56,secondary,40.0,200
8166,7345515753,8878074695,140.81,tertiary,30.0,100
8167,7345603892,4759328602,250.38,tertiary,30.0,100
8168,7345603892,7345603896,7.01,tertiary,30.0,100
8169,7345603896,5293581268,16.61,tertiary,30.0,100
8170,7345603904,7345603906,6.74,tertiary,30.0,100
8171,7345603906,245671994,395.47,tertiary,30.0,100
8172,7345603906,7345603892,8.67,tertiary,30.0,100
8173,7345826551,7345826552,18.4,secondary_link,35.0,150
8174,7345826551,2244792180,895.82,secondary,40.0,200
8175,7345826552,12084455928,20.99,secondary,40.0,200
8176,7345826552,7345826551,18.4,secondary_link,35.0,150
8177,7350602914,13701955561,63.83,primary,50.0,300
8178,7350602914,245654003,36.85,primary,50.0,300
8179,7350614505,588750491,202.34,tertiary,30.0,100
8180,7350614505,355844527,127.94,secondary,40.0,200
8181,7353554810,7353554811,14.27,tertiary,30.0,100
8182,7353554810,10877693755,34.5,tertiary,30.0,100
8183,7353554811,486040927,60.21,tertiary,30.0,100
8184,7353775774,245675024,13.13,tertiary,30.0,100
8185,7353775774,2523206675,466.82,tertiary,30.0,100
8186,7353775774,7398098990,180.7,secondary,40.0,200
8187,7353844854,648865107,330.84,tertiary,30.0,100
8188,7353844854,11953719108,433.33,tertiary,30.0,100
8189,7353935256,7241682812,10.84,tertiary,30.0,100
8190,7353935256,13654103706,412.7,tertiary,30.0,100
8191,7353935260,7353935261,10.99,tertiary_link,25.0,80
8192,7353935260,7353935271,114.79,tertiary,30.0,100
8193,7353935261,7353935260,10.99,tertiary_link,25.0,80
8194,7353935261,1195179689,81.61,tertiary,30.0,100
8195,7353935262,7353935263,10.0,tertiary_link,25.0,80
8196,7353935262,7353935270,71.16,tertiary,30.0,100
8197,7353935263,7353935262,10.0,tertiary_link,25.0,80
8198,7353935263,1195179701,83.47,tertiary,30.0,100
8199,7353935270,1195179689,9.54,tertiary_link,25.0,80
8200,7353935270,7353935260,80.31,tertiary,30.0,100
8201,7353935271,1195179702,19.02,tertiary,30.0,100
8202,7353935271,3794262396,523.4,primary,50.0,300
8203,7353935272,7353935256,9.09,tertiary,30.0,100
8204,7353935272,7353935256,1047.71,tertiary,30.0,100
8205,7357554326,1027917050,180.44,tertiary,30.0,100
8206,7357554326,9447798820,41.82,tertiary,30.0,100
8207,7357632676,13844086531,165.81,secondary,40.0,200
8208,7357632676,13840721728,11.59,secondary,40.0,200
8209,7357634686,1651530815,9.64,tertiary,30.0,100
8210,7357634686,13840721729,194.99,secondary,40.0,200
8211,7357634696,1651530855,9.04,tertiary,30.0,100
8212,7357634696,7357634686,513.02,secondary,40.0,200
8213,7357634700,564740607,13.54,primary,50.0,300
8214,7357634700,7357634696,437.4,secondary,40.0,200
8215,7357634701,7357634700,20.23,secondary,40.0,200
8216,7357634701,9130240890,285.48,primary,50.0,300
8217,7357634710,2249163925,1579.12,trunk,60.0,400
8218,7357634711,7357634710,12.52,secondary,40.0,200
8219,7357634711,13842517978,230.11,secondary,40.0,200
8220,7357652039,9118087857,10.97,secondary_link,35.0,150
8221,7357652039,7944344486,292.05,secondary,40.0,200
8222,7357688946,7357688950,18.71,secondary,40.0,200
8223,7357688950,3791204936,327.41,secondary,40.0,200
8224,7357688950,7357688952,12.23,secondary,40.0,200
8225,7357688952,7357688956,17.32,secondary,40.0,200
8226,7357688956,7357688946,17.27,secondary,40.0,200
8227,7357688956,13015085528,230.7,secondary,40.0,200
8228,7357688961,13766221799,188.65,secondary,40.0,200
8229,7357688961,7357689013,9.28,secondary,40.0,200
8230,7357688997,4367741813,64.49,secondary,40.0,200
8231,7357688997,7357689011,15.14,secondary,40.0,200
8232,7357689011,7357688961,13.59,secondary,40.0,200
8233,7357689013,9447798917,13.89,secondary,40.0,200
8234,7357689018,5380524547,19.16,secondary,40.0,200
8235,7357689018,6118419652,580.65,secondary,40.0,200
8236,7357700173,13979936579,14.44,tertiary_link,25.0,80
8237,7357700173,2929595495,110.57,tertiary,30.0,100
8238,7357726523,10956744332,8.38,tertiary,30.0,100
8239,7357726523,12438442939,649.73,tertiary,30.0,100
8240,7358192348,7358719684,15.55,tertiary_link,25.0,80
8241,7358192348,9955110406,173.61,tertiary,30.0,100
8242,7358292787,8628324126,29.28,tertiary,30.0,100
8243,7358292791,12298931040,8.92,tertiary_link,25.0,80
8244,7358292791,12298931038,94.25,tertiary,30.0,100
8245,7358292807,6627598671,14.21,secondary,40.0,200
8246,7358292807,12298931039,123.6,tertiary,30.0,100
8247,7358292808,7358292807,11.52,tertiary,30.0,100
8248,7358292808,9955110407,784.58,secondary,40.0,200
8249,7358348615,7358348617,26.53,primary,50.0,300
8250,7358348616,13888227801,12.62,primary,50.0,300
8251,7358348616,7358348615,11.72,primary,50.0,300
8252,7358348617,10936694574,11.16,primary,50.0,300
8253,7358348617,2399394979,304.81,primary,50.0,300
8254,7358348618,10936740241,41.09,tertiary,30.0,100
8255,7358348618,7358348616,20.99,primary,50.0,300
8256,7358357973,7358363790,29.75,tertiary,30.0,100
8257,7358357973,2647295191,1353.45,tertiary,30.0,100
8258,7358357980,13677995821,40.05,tertiary,30.0,100
8259,7358357980,7358363794,7.23,tertiary,30.0,100
8260,7358363785,7358357973,25.0,tertiary,30.0,100
8261,7358363785,7358363790,17.1,tertiary,30.0,100
8262,7358363790,7358357980,38.11,tertiary,30.0,100
8263,7358363794,7358363785,18.07,tertiary,30.0,100
8264,7358417238,7416574460,7.25,tertiary,30.0,100
8265,7358417238,1184074193,13.12,secondary,40.0,200
8266,7358417238,12124306136,685.29,tertiary,30.0,100
8267,7358502414,11104090271,15.86,tertiary,30.0,100
8268,7358502434,245682042,9.97,tertiary,30.0,100
8269,7358502434,7361947948,343.19,tertiary,30.0,100
8270,7358502445,7358502447,265.66,tertiary,30.0,100
8271,7358502445,245682021,11.27,tertiary,30.0,100
8272,7358502447,7331358926,63.53,tertiary,30.0,100
8273,7358502447,6615790230,25.02,tertiary_link,25.0,80
8274,7358567225,1166270336,56.48,tertiary,30.0,100
8275,7358567225,13718941780,429.91,tertiary,30.0,100
8276,7358597865,13880416060,5.96,tertiary_link,25.0,80
8277,7358597865,1288998788,77.83,tertiary,30.0,100
8278,7358719649,2493158943,216.88,secondary,40.0,200
8279,7358719649,5913743697,805.96,tertiary,30.0,100
8280,7358719650,2491214687,9.01,secondary,40.0,200
8281,7358719650,2489283700,549.74,tertiary,30.0,100
8282,7358719684,7358192348,15.55,tertiary_link,25.0,80
8283,7358719684,9955110409,73.67,tertiary,30.0,100
8284,7358734433,13015085526,7.89,secondary_link,35.0,150
8285,7358734433,13770424288,23.04,secondary,40.0,200
8286,7358788703,7358788704,12.24,tertiary,30.0,100
8287,7358788703,9121870533,405.29,secondary,40.0,200
8288,7358788704,6604299451,12.4,secondary,40.0,200
8289,7361391770,7361391772,40.08,tertiary,30.0,100
8290,7361391770,2248800178,128.39,tertiary,30.0,100
8291,7361391771,2248800178,58.82,tertiary,30.0,100
8292,7361391771,2248800164,914.43,tertiary,30.0,100
8293,7361391771,2248800164,42.6,tertiary_link,25.0,80
8294,7361391772,1651338660,1223.41,tertiary,30.0,100
8295,7361391772,1651338640,25.51,tertiary,30.0,100
8296,7361584928,10168211190,6.1,tertiary,30.0,100
8297,7361584928,245681962,375.67,secondary,40.0,200
8298,7361696430,7361696431,12.54,tertiary,30.0,100
8299,7361696431,2298251380,10.87,tertiary,30.0,100
8300,7361696431,457089549,177.3,tertiary,30.0,100
8301,7361772690,7361772692,13.83,tertiary,30.0,100
8302,7361772692,7361772690,13.83,tertiary,30.0,100
8303,7361772692,5841547800,264.27,tertiary,30.0,100
8304,7361947945,7331438999,11.29,primary,50.0,300
8305,7361947945,7361947954,353.18,tertiary,30.0,100
8306,7361947948,7358502445,19.06,tertiary,30.0,100
8307,7361947954,13897126106,12.35,tertiary,30.0,100
8308,7361947959,245682042,344.09,tertiary,30.0,100
8309,7361947959,7361947948,12.18,tertiary,30.0,100
8310,7361947961,13897104891,8.93,tertiary_link,25.0,80
8311,7361947961,13897104893,36.66,tertiary,30.0,100
8312,7361947983,245682251,8.27,tertiary,30.0,100
8313,7361947983,245682376,306.07,tertiary,30.0,100
8314,7361947983,11031597012,230.38,tertiary,30.0,100
8315,7361947984,245682242,9.82,tertiary,30.0,100
8316,7361947984,10277314312,76.35,tertiary,30.0,100
8317,7362076297,1651404914,10.22,secondary,40.0,200
8318,7362076297,7362076314,227.71,secondary,40.0,200
8319,7362076314,2248801048,426.57,secondary,40.0,200
8320,7362076314,1651404914,228.39,secondary,40.0,200
8321,7362494687,7108600455,8.16,primary_link,40.0,250
8322,7362494687,4366037002,257.76,primary,50.0,300
8323,7362994444,1145401592,13.2,tertiary,30.0,100
8324,7365871208,13617550915,7.27,tertiary_link,25.0,80
8325,7365871208,13617483789,26.78,tertiary,30.0,100
8326,7365882733,6805491833,8.53,tertiary,30.0,100
8327,7365882733,2897022096,10.89,tertiary,30.0,100
8328,7365882734,7365882733,12.58,tertiary,30.0,100
8329,7365882734,2897024513,110.68,tertiary,30.0,100
8330,7366008439,2227588329,15.86,tertiary,30.0,100
8331,7366008439,2227588045,431.61,tertiary,30.0,100
8332,7366008439,13416028709,262.47,tertiary,30.0,100
8333,7366008441,2493165202,16.77,tertiary,30.0,100
8334,7366008441,7366008442,14.8,tertiary,30.0,100
8335,7366008441,10310493154,1085.46,tertiary,30.0,100
8336,7366008442,8788708024,1089.57,primary,50.0,300
8337,7366031168,6167532215,33.31,primary,50.0,300
8338,7366031168,10271314344,23.44,primary_link,40.0,250
8339,7366043800,7366043800,690.77,tertiary,30.0,100
8340,7366043800,2897024850,140.16,tertiary,30.0,100
8341,7366043901,7366043902,12.16,primary,50.0,300
8342,7366043902,245659483,14.68,primary,50.0,300
8343,7366043902,7366031168,299.72,primary,50.0,300
8344,7366127468,245682012,8.41,primary,50.0,300
8345,7366127469,245682010,10.16,tertiary,30.0,100
8346,7366127469,7377660284,289.98,tertiary,30.0,100
8347,7366127478,7377660282,9.04,tertiary,30.0,100
8348,7366127478,7366127468,101.26,primary,50.0,300
8349,7366128614,7366128616,10.02,tertiary,30.0,100
8350,7366128614,11043526513,238.37,secondary,40.0,200
8351,7366128616,10281984324,9.18,tertiary,30.0,100
8352,7366128616,2399395046,390.66,secondary,40.0,200
8353,7366128616,2250757251,210.28,tertiary,30.0,100
8354,7366152051,7397142005,9.47,tertiary,30.0,100
8355,7366152051,4357075033,181.02,tertiary,30.0,100
8356,7366182503,9379261061,10.66,tertiary,30.0,100
8357,7366182503,13814842324,23.37,tertiary,30.0,100
8358,7366182519,8628324125,14.63,tertiary,30.0,100
8359,7366182522,13803573656,579.81,tertiary,30.0,100
8360,7366182522,7366182519,22.28,tertiary,30.0,100
8361,7366246698,622042582,13.71,trunk,60.0,400
8362,7366246698,9691859215,439.12,trunk,60.0,400
8363,7366248532,13830680341,388.05,secondary,40.0,200
8364,7366248537,7366340626,33.05,secondary,40.0,200
8365,7366248537,7366248550,49.71,secondary_link,35.0,150
8366,7366248542,1960735299,19.74,tertiary,30.0,100
8367,7366248542,7366248532,35.48,secondary,40.0,200
8368,7366248543,7366248542,18.44,tertiary,30.0,100
8369,7366248543,4213259528,614.76,tertiary,30.0,100
8370,7366248550,1960735473,1235.07,tertiary,30.0,100
8371,7366248550,7366340614,36.82,tertiary,30.0,100
8372,7366287326,1182363525,16.45,tertiary,30.0,100
8373,7366287326,6604559419,884.93,tertiary,30.0,100
8374,7366287329,13362959829,13.25,tertiary,30.0,100
8375,7366287334,1182363560,13.48,tertiary,30.0,100
8376,7366287334,2227587469,1135.55,tertiary,30.0,100
8377,7366287334,13765678317,451.02,tertiary,30.0,100
8378,7366287339,2227588045,12.28,tertiary,30.0,100
8379,7366287339,7366380238,196.75,tertiary,30.0,100
8380,7366287345,1182363525,10.78,tertiary,30.0,100
8381,7366287345,7366287326,12.53,tertiary,30.0,100
8382,7366340611,7366248543,38.94,tertiary,30.0,100
8383,7366340611,1960735299,10.21,secondary,40.0,200
8384,7366340614,7366340616,6.08,secondary,40.0,200
8385,7366340616,7366340631,12.49,secondary,40.0,200
8386,7366340616,8336655704,263.79,secondary,40.0,200
8387,7366340622,7366340626,9.17,secondary,40.0,200
8388,7366340622,7366248532,35.38,secondary,40.0,200
8389,7366340626,7366340627,4.96,secondary,40.0,200
8390,7366340627,7366248550,34.99,tertiary,30.0,100
8391,7366340627,7366340614,11.22,secondary,40.0,200
8392,7366340631,7366340611,3.04,secondary,40.0,200
8393,7366380222,7366380223,11.7,tertiary_link,25.0,80
8394,7366380222,9350865539,58.86,tertiary,30.0,100
8395,7366380223,7366380222,11.7,tertiary_link,25.0,80
8396,7366380223,7366287345,173.7,tertiary,30.0,100
8397,7366380226,10251547865,14.43,tertiary,30.0,100
8398,7366380226,5923939959,11.36,tertiary,30.0,100
8399,7366380226,10279403407,351.83,tertiary,30.0,100
8400,7366380238,7366287345,10.43,tertiary,30.0,100
8401,7366380238,7366380222,178.57,tertiary,30.0,100
8402,7366380239,7366380238,12.35,tertiary,30.0,100
8403,7366380239,2227588045,208.57,tertiary,30.0,100
8404,7370574854,1375482659,10.41,secondary,40.0,200
8405,7370574857,1375482657,31.1,primary,50.0,300
8406,7370574857,7370574854,24.9,primary_link,40.0,250
8407,7370620008,7371029962,17.06,tertiary,30.0,100
8408,7370620008,865054565,309.13,primary,50.0,300
8409,7370723839,9326413671,711.0,tertiary,30.0,100
8410,7370723839,13900840424,28.77,tertiary,30.0,100
8411,7371027858,10023271198,12.79,trunk_link,50.0,350
8412,7371027858,10023271198,23.47,secondary,40.0,200
8413,7371029953,7371959394,12.65,tertiary,30.0,100
8414,7371029953,864964235,182.11,primary,50.0,300
8415,7371029962,1936627911,9.53,primary,50.0,300
8416,7371029962,7371029953,251.69,tertiary,30.0,100
8417,7371054100,632349388,10.66,tertiary,30.0,100
8418,7371054100,7371054103,291.63,tertiary,30.0,100
8419,7371054102,7371054103,9.03,tertiary_link,25.0,80
8420,7371054102,632349388,291.68,tertiary,30.0,100
8421,7371054103,7371054102,9.03,tertiary_link,25.0,80
8422,7371054103,13691092439,219.48,tertiary,30.0,100
8423,7371054121,10279835724,107.14,tertiary,30.0,100
8424,7371054121,1651338537,21.63,tertiary,30.0,100
8425,7371054122,7371054121,40.02,tertiary,30.0,100
8426,7371054124,1651338660,417.51,tertiary,30.0,100
8427,7371054124,7371054122,24.34,tertiary,30.0,100
8428,7371054128,7371054131,16.05,tertiary,30.0,100
8429,7371054128,7371054129,31.08,tertiary_link,25.0,80
8430,7371054129,7279521035,78.85,tertiary,30.0,100
8431,7371054130,7371054129,15.19,tertiary,30.0,100
8432,7371054130,7371054131,30.95,tertiary_link,25.0,80
8433,7371054131,1651338487,288.02,tertiary,30.0,100
8434,7371058897,1386595190,1104.84,tertiary,30.0,100
8435,7371058897,630700075,174.55,tertiary,30.0,100
8436,7371092120,6165604811,10.43,primary,50.0,300
8437,7371092122,5271602084,305.4,primary,50.0,300
8438,7371419747,10961014511,7.57,tertiary,30.0,100
8439,7371419747,10960929800,273.28,tertiary,30.0,100
8440,7371481513,6165604798,13.44,primary,50.0,300
8441,7371481514,245660921,38.65,primary,50.0,300
8442,7371481514,7371481513,13.21,primary,50.0,300
8443,7371481515,536673200,7.16,primary,50.0,300
8444,7371481515,7371481514,52.67,primary,50.0,300
8445,7371570195,6430837133,10.25,secondary,40.0,200
8446,7371795866,7371795880,24.88,tertiary,30.0,100
8447,7371795866,10207278292,515.38,tertiary,30.0,100
8448,7371795867,7371795866,40.54,tertiary,30.0,100
8449,7371795867,7371795880,26.82,tertiary,30.0,100
8450,7371795868,7371795869,30.01,tertiary,30.0,100
8451,7371795868,7371795870,18.87,tertiary,30.0,100
8452,7371795868,7371795880,55.75,tertiary,30.0,100
8453,7371795869,1650770681,37.27,tertiary,30.0,100
8454,7371795870,7371795869,29.39,tertiary,30.0,100
8455,7371795870,7371795868,18.87,tertiary,30.0,100
8456,7371795870,7371796085,234.62,tertiary,30.0,100
8457,7371795872,1650770681,41.8,tertiary,30.0,100
8458,7371795872,7371795867,39.93,tertiary,30.0,100
8459,7371795880,7371795868,55.75,tertiary,30.0,100
8460,7371795880,7371795866,24.88,tertiary,30.0,100
8461,7371796085,7371795870,234.62,tertiary,30.0,100
8462,7371796085,245661837,697.73,tertiary,30.0,100
8463,7371796096,245661837,4.15,trunk,60.0,400
8464,7371796096,7371796085,685.99,tertiary,30.0,100
8465,7371920936,7371920939,10.26,secondary,40.0,200
8466,7371920936,2155937886,205.82,secondary,40.0,200
8467,7371920939,4264834966,27.38,secondary,40.0,200
8468,7371953277,6380230494,321.62,tertiary,30.0,100
8469,7371959393,864905263,65.79,tertiary,30.0,100
8470,7371959393,864905235,187.2,tertiary,30.0,100
8471,7371959394,7371959395,9.29,primary,50.0,300
8472,7371959395,864964232,12.85,tertiary,30.0,100
8473,7371959395,864905425,252.96,primary,50.0,300
8474,7372036698,7372036720,9.1,primary,50.0,300
8475,7372036698,2381984473,271.97,primary,50.0,300
8476,7372036720,1647747137,14.83,primary,50.0,300
8477,7372036720,13848883938,172.76,primary,50.0,300
8478,7372036724,631470661,5.11,secondary,40.0,200
8479,7372036724,631497215,81.84,secondary,40.0,200
8480,7372175019,631494038,24.76,tertiary,30.0,100
8481,7372175019,10733085808,190.85,tertiary,30.0,100
8482,7372175037,7372175044,46.2,primary,50.0,300
8483,7372175037,7372175038,11.63,primary_link,40.0,250
8484,7372175038,7372175037,11.63,primary_link,40.0,250
8485,7372175038,6493927744,147.27,primary,50.0,300
8486,7372175044,7372175045,9.69,primary_link,40.0,250
8487,7372175044,6430016907,101.14,primary,50.0,300
8488,7372175045,7372175038,46.26,primary,50.0,300
8489,7372175045,7372175044,9.69,primary_link,40.0,250
8490,7372455153,13277057158,51.16,tertiary,30.0,100
8491,7372455153,4362787515,63.12,tertiary,30.0,100
8492,7374011299,3796685914,82.9,tertiary,30.0,100
8493,7374011299,7374085978,32.19,tertiary,30.0,100
8494,7374011329,12852439459,20.87,tertiary,30.0,100
8495,7374011329,2242576961,447.27,tertiary,30.0,100
8496,7374011329,1070196442,130.74,primary,50.0,300
8497,7374085968,7374085969,12.23,tertiary_link,25.0,80
8498,7374085968,1147514697,264.66,tertiary,30.0,100
8499,7374085969,7374085968,12.23,tertiary_link,25.0,80
8500,7374085969,1651537105,950.63,tertiary,30.0,100
8501,7374085978,1651537105,10.17,tertiary,30.0,100
8502,7374085978,7374085968,951.58,tertiary,30.0,100
8503,7374290525,564739421,9.23,secondary,40.0,200
8504,7374290526,7374437594,8.84,secondary,40.0,200
8505,7374290526,1147531897,701.95,secondary,40.0,200
8506,7374290529,564739419,9.9,tertiary,30.0,100
8507,7374290529,7374290525,309.93,secondary,40.0,200
8508,7374290543,1147514635,158.35,secondary,40.0,200
8509,7374290543,7374290549,11.1,secondary,40.0,200
8510,7374290549,564739419,308.59,secondary,40.0,200
8511,7374290549,7374290525,7.12,secondary,40.0,200
8512,7374320615,6571743942,15.72,primary,50.0,300
8513,7374320615,7374507921,17.53,secondary,40.0,200
8514,7374320616,7374320615,9.79,secondary,40.0,200
8515,7374320616,1419256931,282.4,primary,50.0,300
8516,7374320622,6262416885,206.03,tertiary,30.0,100
8517,7374320622,245661117,9.21,tertiary,30.0,100
8518,7374413675,12124288562,160.17,secondary,40.0,200
8519,7374413675,245678584,13.03,tertiary,30.0,100
8520,7374437593,564738600,9.07,secondary,40.0,200
8521,7374437593,7374443602,316.28,secondary,40.0,200
8522,7374437594,7374437593,8.02,secondary,40.0,200
8523,7374437594,7374290529,75.64,secondary,40.0,200
8524,7374437609,1651530826,8.83,secondary,40.0,200
8525,7374437609,13677459952,530.53,secondary,40.0,200
8526,7374437621,7374437629,443.45,secondary,40.0,200
8527,7374437621,1147531920,8.47,secondary_link,35.0,150
8528,7374437629,1147531897,11.35,tertiary,30.0,100
8529,7374437629,7374437594,725.67,secondary,40.0,200
8530,7374437642,2244790774,10.43,tertiary,30.0,100
8531,7374437642,7377619417,216.6,secondary,40.0,200
8532,7374437642,13835530418,504.26,tertiary,30.0,100
8533,7374437664,10739951330,57.37,secondary,40.0,200
8534,7374437664,7374437666,5.09,secondary,40.0,200
8535,7374437666,564738608,6.27,secondary,40.0,200
8536,7374437670,564739419,563.61,tertiary,30.0,100
8537,7374437670,7374443604,8.54,secondary,40.0,200
8538,7374437672,1651530938,10.91,primary,50.0,300
8539,7374437674,7374437672,20.43,secondary,40.0,200
8540,7374437674,7305880350,251.67,primary,50.0,300
8541,7374443585,12354106781,4.73,secondary,40.0,200
8542,7374443590,7374437670,3.04,secondary,40.0,200
8543,7374443602,2244791352,8.83,tertiary,30.0,100
8544,7374443602,7374443590,265.2,secondary,40.0,200
8545,7374443604,1147514624,298.52,tertiary,30.0,100
8546,7374443604,7374437664,6.24,secondary,40.0,200
8547,7374443605,10739951330,6.86,tertiary,30.0,100
8548,7374443605,7374437666,57.92,secondary,40.0,200
8549,7374443605,1147532034,350.72,tertiary,30.0,100
8550,7374443607,7374443585,5.84,tertiary,30.0,100
8551,7374443607,7374443605,178.24,secondary,40.0,200
8552,7374443626,1147514624,220.6,tertiary,30.0,100
8553,7374443626,13603529485,12.15,tertiary,30.0,100
8554,7374459516,245660369,6.63,secondary,40.0,200
8555,7374459516,13661562636,78.18,secondary,40.0,200
8556,7374459516,12721918107,556.94,tertiary,30.0,100
8557,7374459527,6495203633,11.33,secondary,40.0,200
8558,7374459527,7374507903,225.86,tertiary,30.0,100
8559,7374507888,6431266164,11.14,secondary,40.0,200
8560,7374507888,12949047421,189.58,tertiary,30.0,100
8561,7374507889,6497342997,7.66,primary,50.0,300
8562,7374507903,12901659999,7.49,tertiary,30.0,100
8563,7374507903,7374507888,717.03,tertiary,30.0,100
8564,7374507906,12949047423,377.14,primary,50.0,300
8565,7374507906,12949047422,377.95,tertiary,30.0,100
8566,7374507910,245659680,7.32,secondary,40.0,200
8567,7374507910,7374507918,721.32,tertiary,30.0,100
8568,7374507910,11927594954,808.48,secondary,40.0,200
8569,7374507918,12901660000,9.34,tertiary,30.0,100
8570,7374507918,12901659995,12.34,tertiary,30.0,100
8571,7374507918,13661562615,65.31,tertiary,30.0,100
8572,7374507921,7374507922,17.16,tertiary,30.0,100
8573,7374507922,6571743942,19.04,secondary,40.0,200
8574,7374507922,7374459527,553.8,tertiary,30.0,100
8575,7374550820,1343009445,537.72,secondary,40.0,200
8576,7374550820,7398222690,19.89,primary,50.0,300
8577,7374550837,627835899,89.52,secondary,40.0,200
8578,7374550837,13649033301,19.81,secondary,40.0,200
8579,7374800282,12299001628,52.17,tertiary,30.0,100
8580,7374802786,10277700948,10.45,secondary,40.0,200
8581,7374802786,7374800282,361.37,tertiary,30.0,100
8582,7375293990,1960734972,43.61,secondary,40.0,200
8583,7375293990,9904682624,56.6,secondary_link,35.0,150
8584,7375339573,443526084,55.87,secondary,40.0,200
8585,7375339573,13800542663,16.11,secondary,40.0,200
8586,7375884906,7375884907,5.59,secondary,40.0,200
8587,7375884906,631480564,8.21,primary,50.0,300
8588,7375884906,631482441,526.06,secondary,40.0,200
8589,7375884907,7375884906,5.59,secondary,40.0,200
8590,7375884907,6431094364,627.2,primary,50.0,300
8591,7375911811,7375911818,16.92,tertiary,30.0,100
8592,7375911818,11925102342,36.04,tertiary,30.0,100
8593,7375911818,11924898617,19.92,tertiary,30.0,100
8594,7377462936,7377462937,35.56,secondary,40.0,200
8595,7377462936,2249330788,74.08,tertiary,30.0,100
8596,7377462937,2251057064,12.81,tertiary,30.0,100
8597,7377462937,10277477774,481.76,secondary,40.0,200
8598,7377619412,7377619413,10.5,secondary_link,35.0,150
8599,7377619412,13840173347,99.67,secondary,40.0,200
8600,7377619413,7377619412,10.5,secondary_link,35.0,150
8601,7377619413,7377619426,181.21,secondary,40.0,200
8602,7377619417,7374437609,9.43,secondary,40.0,200
8603,7377619418,7377619417,8.84,secondary,40.0,200
8604,7377619418,2244790774,210.97,secondary,40.0,200
8605,7377619426,7377619427,4.78,secondary,40.0,200
8606,7377619427,1147531791,454.08,tertiary,30.0,100
8607,7377619427,7377619436,7.15,secondary,40.0,200
8608,7377619430,1147531757,7.35,secondary,40.0,200
8609,7377619433,7377619426,7.62,secondary,40.0,200
8610,7377619433,7377619412,185.42,secondary,40.0,200
8611,7377619436,1147531764,160.48,secondary,40.0,200
8612,7377619436,7377619430,7.14,secondary,40.0,200
8613,7377660275,10956744352,227.38,primary,50.0,300
8614,7377660276,10279869768,40.58,primary,50.0,300
8615,7377660276,6204121997,51.44,secondary_link,35.0,150
8616,7377660280,619169805,11.94,primary,50.0,300
8617,7377660282,10277314348,315.43,tertiary,30.0,100
8618,7377660282,7377674116,12.29,primary,50.0,300
8619,7377660284,7366127468,6.64,tertiary,30.0,100
8620,7377660284,7377660282,100.84,primary,50.0,300
8621,7377674085,7377660284,8.41,primary,50.0,300
8622,7377674085,245682010,286.94,tertiary,30.0,100
8623,7377674097,619169811,7.06,tertiary,30.0,100
8624,7377674097,9115710877,639.98,primary,50.0,300
8625,7377674103,6204119879,41.8,secondary,40.0,200
8626,7377674103,10279869769,26.42,primary,50.0,300
8627,7377674116,590605977,9.4,tertiary,30.0,100
8628,7377674116,245682051,52.32,primary,50.0,300
8629,7377674117,7377674147,10.15,primary,50.0,300
8630,7377674117,13651615240,352.56,secondary,40.0,200
8631,7377674132,628597982,10.58,primary,50.0,300
8632,7377674132,7377674133,159.92,secondary,40.0,200
8633,7377674133,1353464530,5.58,tertiary,30.0,100
8634,7377674133,7377674137,333.86,secondary,40.0,200
8635,7377674133,1353464547,499.14,tertiary,30.0,100
8636,7377674137,7377674138,11.32,secondary,40.0,200
8637,7377674138,2629682548,226.45,secondary,40.0,200
8638,7377674147,7377660280,14.9,secondary,40.0,200
8639,7377674147,10956910756,375.03,primary,50.0,300
8640,7377729180,276775161,7.9,primary,50.0,300
8641,7377729180,13686862700,103.11,tertiary,30.0,100
8642,7377993815,7377993816,7.52,secondary_link,35.0,150
8643,7377993815,1070377955,88.86,secondary,40.0,200
8644,7377993816,7377993815,7.52,secondary_link,35.0,150
8645,7377993816,1070377936,163.92,secondary,40.0,200
8646,7378436342,627838051,6.21,primary,50.0,300
8647,7378436343,10277339576,25.53,secondary,40.0,200
8648,7378436343,7378436344,7.2,primary,50.0,300
8649,7378436344,7378436342,8.99,secondary,40.0,200
8650,7378436344,10277339575,16.99,primary,50.0,300
8651,7378436346,7378436348,17.1,tertiary,30.0,100
8652,7378436346,1188784397,88.59,secondary,40.0,200
8653,7378436348,7378436346,17.1,tertiary,30.0,100
8654,7378436348,7378436363,429.04,tertiary,30.0,100
8655,7378436348,10277339572,819.3,secondary,40.0,200
8656,7378436363,7378436348,429.04,tertiary,30.0,100
8657,7378436363,7378436375,476.62,secondary,40.0,200
8658,7378436375,1188784397,12.42,tertiary,30.0,100
8659,7378436375,7378436348,92.0,secondary,40.0,200
8660,7378448192,629021717,13.76,primary,50.0,300
8661,7378448192,12311833488,29.95,secondary,40.0,200
8662,7378448222,1186904910,13.17,tertiary,30.0,100
8663,7378448222,13652385905,603.22,primary,50.0,300
8664,7378448223,1186904908,11.69,tertiary,30.0,100
8665,7378448223,7378448222,122.32,primary,50.0,300
8666,7378915192,10956905147,9.09,tertiary,30.0,100
8667,7378915192,10956905159,126.61,tertiary,30.0,100
8668,7379061338,1185856092,202.88,tertiary,30.0,100
8669,7379061338,13730599854,41.09,tertiary,30.0,100
8670,7379493802,245658213,7.64,tertiary,30.0,100
8671,7379493802,11929912786,99.68,primary,50.0,300
8672,7379493811,10127913586,195.85,primary,50.0,300
8673,7379493811,2216800747,7.03,primary_link,40.0,250
8674,7379493814,245657468,7.22,tertiary,30.0,100
8675,7379493814,7379493821,260.82,primary,50.0,300
8676,7379493821,245657282,7.31,tertiary,30.0,100
8677,7379493821,10281786083,52.88,tertiary,30.0,100
8678,7379493821,7379493826,252.09,primary,50.0,300
8679,7379493826,245657099,7.36,tertiary,30.0,100
8680,7379493826,10232942652,98.5,tertiary,30.0,100
8681,7379493826,9868433322,497.16,primary,50.0,300
8682,7379512624,10877179697,10.47,tertiary,30.0,100
8683,7379512624,245669298,156.42,tertiary,30.0,100
8684,7379512624,245669231,372.58,secondary,40.0,200
8685,7379522520,9447929175,6.01,tertiary,30.0,100
8686,7379522548,7379522549,11.1,tertiary_link,25.0,80
8687,7379522548,13736574675,189.27,tertiary,30.0,100
8688,7379522549,7379522548,11.1,tertiary_link,25.0,80
8689,7379522562,7239147682,43.42,tertiary,30.0,100
8690,7379522562,13736574674,133.28,tertiary,30.0,100
8691,7379602410,2246472695,48.95,trunk,60.0,400
8692,7379602411,2264152050,538.16,trunk_link,50.0,350
8693,7379602411,2264152050,536.21,trunk,60.0,400
8694,7379630117,7239147682,10.99,tertiary,30.0,100
8695,7379630117,6134580032,223.88,secondary,40.0,200
8696,7379630125,6134580032,9.13,tertiary,30.0,100
8697,7379630125,7239147682,223.95,secondary,40.0,200
8698,7383810756,6554614255,10.19,secondary,40.0,200
8699,7383810756,245655758,98.73,secondary,40.0,200
8700,7383810757,610244325,79.0,secondary,40.0,200
8701,7383810757,7383810756,28.99,secondary,40.0,200
8702,7383810759,471955208,9.31,secondary,40.0,200
8703,7383907141,10207331622,7.67,tertiary_link,25.0,80
8704,7383907141,1392485609,250.72,tertiary,30.0,100
8705,7383907163,10279771648,10.26,tertiary_link,25.0,80
8706,7383907163,13687881985,56.9,tertiary,30.0,100
8707,7383907165,11143613413,45.58,tertiary_link,25.0,80
8708,7383907165,245665197,28.41,tertiary,30.0,100
8709,7383907165,245664865,413.49,tertiary,30.0,100
8710,7384002972,610227598,12.59,tertiary,30.0,100
8711,7384002972,245656283,686.23,tertiary,30.0,100
8712,7384002972,245655919,24.81,secondary_link,35.0,150
8713,7384002973,245655932,15.44,tertiary,30.0,100
8714,7384002973,13908755149,14.23,tertiary,30.0,100
8715,7384002973,13904524530,691.0,secondary,40.0,200
8716,7384002979,245655939,11.39,secondary,40.0,200
8717,7384002979,13907626453,126.99,tertiary,30.0,100
8718,7384002979,7384002973,223.46,secondary,40.0,200
8719,7384002984,10885739627,263.8,secondary,40.0,200
8720,7384062488,7384062489,22.78,secondary,40.0,200
8721,7384062488,861190736,62.37,primary_link,40.0,250
8722,7384062489,489793165,11.58,primary_link,40.0,250
8723,7384062489,12408545956,27.43,secondary,40.0,200
8724,7384062496,245655758,11.76,secondary,40.0,200
8725,7384062496,6554614255,90.46,secondary,40.0,200
8726,7384417484,245655710,12.35,primary,50.0,300
8727,7384691411,245656062,17.08,primary,50.0,300
8728,7384691416,13539744632,23.84,secondary,40.0,200
8729,7384691416,2442519133,20.71,secondary,40.0,200
8730,7384981353,473653179,52.42,tertiary_link,25.0,80
8731,7384981353,245669557,368.53,tertiary,30.0,100
8732,7384981353,245669276,32.9,tertiary,30.0,100
8733,7385909174,7385909175,8.73,tertiary,30.0,100
8734,7385909174,13856261795,91.62,primary,50.0,300
8735,7385909175,621287166,13.22,primary,50.0,300
8736,7385909175,13855693178,315.65,tertiary,30.0,100
8737,7385934392,7385934393,9.55,tertiary,30.0,100
8738,7385934392,2629436082,291.09,primary,50.0,300
8739,7385934393,1919753058,6.48,primary,50.0,300
8740,7388110222,7388110229,22.31,secondary,40.0,200
8741,7388110222,245679479,761.04,primary,50.0,300
8742,7388110229,3794269318,16.0,primary,50.0,300
8743,7388110229,7388110232,641.75,secondary,40.0,200
8744,7388110232,7388110243,13.67,secondary,40.0,200
8745,7388110233,7388110234,12.06,secondary_link,35.0,150
8746,7388110233,13778926639,51.83,secondary,40.0,200
8747,7388110234,7388110233,12.06,secondary_link,35.0,150
8748,7388110234,245679988,472.05,secondary,40.0,200
8749,7388110243,245679988,9.47,secondary,40.0,200
8750,7388110243,7388110233,471.54,secondary,40.0,200
8751,7388123457,1343009456,10.87,tertiary,30.0,100
8752,7388123457,1343009445,287.03,tertiary,30.0,100
8753,7388123457,10277511253,327.92,secondary,40.0,200
8754,7388123459,1343009456,328.06,secondary,40.0,200
8755,7388408789,7388408793,16.05,tertiary,30.0,100
8756,7388408793,3708879264,648.05,tertiary,30.0,100
8757,7388408793,7388408794,13.51,tertiary,30.0,100
8758,7388408794,2244962391,309.07,tertiary,30.0,100
8759,7388408794,1184071561,19.94,tertiary,30.0,100
8760,7388408795,12273450628,65.37,tertiary,30.0,100
8761,7388408795,7388408789,6.74,tertiary,30.0,100
8762,7389083468,12774725661,7.59,tertiary,30.0,100
8763,7389083468,245660619,788.63,tertiary,30.0,100
8764,7389083468,245660069,25.47,trunk_link,50.0,350
8765,7389365086,12357329131,4.09,tertiary,30.0,100
8766,7392412407,7392412417,38.24,primary,50.0,300
8767,7392412407,627837248,39.63,secondary_link,35.0,150
8768,7392412412,3795056480,9.49,tertiary,30.0,100
8769,7392412412,7392412407,242.47,primary,50.0,300
8770,7392412417,627837248,20.66,secondary,40.0,200
8771,7392412417,7397336334,5.64,primary,50.0,300
8772,7392412418,7398222703,734.96,primary,50.0,300
8773,7394064166,245660365,865.66,tertiary,30.0,100
8774,7394064166,7394074688,579.23,primary,50.0,300
8775,7394074688,7394074690,13.64,primary,50.0,300
8776,7394074688,245660365,232.0,primary,50.0,300
8777,7394074690,245660304,13.81,primary,50.0,300
8778,7394086382,9909512445,28.03,secondary,40.0,200
8779,7394086382,245662337,9.01,secondary,40.0,200
8780,7394094897,245661627,11.5,tertiary,30.0,100
8781,7394094897,13552431988,180.55,tertiary,30.0,100
8782,7394094897,13550913785,214.94,secondary,40.0,200
8783,7394094903,245661369,12.48,tertiary,30.0,100
8784,7394094903,245661295,234.57,tertiary,30.0,100
8785,7394094903,7394094907,387.3,secondary,40.0,200
8786,7394094907,245661074,9.72,tertiary,30.0,100
8787,7394094907,1650385417,160.0,tertiary,30.0,100
8788,7394094907,2441666125,312.52,secondary,40.0,200
8789,7394094911,245662645,243.48,secondary,40.0,200
8790,7394094911,7394086382,156.41,secondary,40.0,200
8791,7394181646,1169481166,7.69,primary,50.0,300
8792,7394181646,7394181653,235.35,secondary,40.0,200
8793,7394181653,1169541070,6.8,tertiary,30.0,100
8794,7394181653,13858486372,14.21,secondary,40.0,200
8795,7394181656,13185481799,246.02,secondary,40.0,200
8796,7394181656,13858486372,190.79,secondary,40.0,200
8797,7394181663,245677558,7.82,tertiary,30.0,100
8798,7394181663,7394181670,475.13,secondary,40.0,200
8799,7394181670,7394181672,11.89,secondary,40.0,200
8800,7394181670,1172489427,467.85,primary,50.0,300
8801,7394181671,7394181646,9.64,secondary,40.0,200
8802,7394181671,1936499726,196.87,primary,50.0,300
8803,7394181672,3878492898,8.45,primary,50.0,300
8804,7396708276,10277314318,104.0,tertiary,30.0,100
8805,7396708276,7396757087,5.14,tertiary,30.0,100
8806,7396708277,7396757092,2.55,tertiary,30.0,100
8807,7396757085,7396708276,3.27,tertiary,30.0,100
8808,7396757087,7396757090,6.02,tertiary,30.0,100
8809,7396757090,7396708277,5.06,tertiary,30.0,100
8810,7396757090,11031597011,191.1,tertiary,30.0,100
8811,7396757092,590605922,138.41,tertiary,30.0,100
8812,7396757092,3793874736,6.59,tertiary,30.0,100
8813,7396975453,5488342587,16.08,tertiary,30.0,100
8814,7397055936,7397055946,8.14,secondary_link,35.0,150
8815,7397055936,12342878715,50.48,secondary,40.0,200
8816,7397055939,7397055978,8.39,tertiary,30.0,100
8817,7397055939,245662128,9.14,secondary,40.0,200
8818,7397055939,5122630382,1324.43,tertiary,30.0,100
8819,7397055940,7397055939,36.91,secondary,40.0,200
8820,7397055940,245662297,5.9,secondary_link,35.0,150
8821,7397055946,7397055936,8.14,secondary_link,35.0,150
8822,7397055946,13845998584,345.36,secondary,40.0,200
8823,7397055962,631525416,8.46,secondary_link,35.0,150
8824,7397055962,13847213890,36.88,secondary,40.0,200
8825,7397055978,245662297,33.98,secondary,40.0,200
8826,7397055978,7397055939,8.39,tertiary,30.0,100
8827,7397128958,13723179001,71.28,tertiary,30.0,100
8828,7397128958,13723086724,9.36,tertiary,30.0,100
8829,7397142005,7397128958,23.1,tertiary,30.0,100
8830,7397142005,13762463344,371.64,tertiary,30.0,100
8831,7397333159,7397336298,19.03,secondary,40.0,200
8832,7397333164,13760893289,9.76,secondary,40.0,200
8833,7397333164,9911626375,452.75,tertiary,30.0,100
8834,7397333179,1177146270,14.05,secondary,40.0,200
8835,7397333179,13760893285,511.44,tertiary,30.0,100
8836,7397336298,627837222,10.1,secondary,40.0,200
8837,7397336298,7397336333,928.55,secondary,40.0,200
8838,7397336333,7397336334,17.77,secondary,40.0,200
8839,7397336333,7392412418,41.79,secondary_link,35.0,150
8840,7397336334,7397336335,9.19,secondary,40.0,200
8841,7397336334,7392412418,35.94,primary,50.0,300
8842,7397336335,627835037,6.1,primary,50.0,300
8843,7397336335,3795056351,856.47,tertiary,30.0,100
8844,7397865784,2491194122,110.8,trunk_link,50.0,350
8845,7397865784,2491194123,387.51,tertiary,30.0,100
8846,7398009409,1184123095,295.96,tertiary,30.0,100
8847,7398009409,1184078333,600.91,tertiary,30.0,100
8848,7398009409,3736922371,364.19,tertiary,30.0,100
8849,7398009425,7398009429,17.93,tertiary,30.0,100
8850,7398009429,1185553719,299.61,tertiary,30.0,100
8851,7398009429,7398009430,16.87,tertiary,30.0,100
8852,7398009430,5488342584,513.38,tertiary,30.0,100
8853,7398009430,969781535,12.77,tertiary,30.0,100
8854,7398089775,7398098987,9.98,secondary,40.0,200
8855,7398089775,9969180381,800.06,secondary,40.0,200
8856,7398093905,7398093906,8.46,secondary_link,35.0,150
8857,7398093905,10168886525,151.17,secondary,40.0,200
8858,7398093906,7398093905,8.46,secondary_link,35.0,150
8859,7398093906,11925288309,286.14,secondary,40.0,200
8860,7398098987,1934768186,7.76,secondary,40.0,200
8861,7398098990,884364447,12.58,tertiary,30.0,100
8862,7398098990,9117998473,374.27,secondary,40.0,200
8863,7398169355,1186902566,211.87,secondary,40.0,200
8864,7398169359,1343009451,12.94,tertiary,30.0,100
8865,7398169359,7398169361,16.14,primary,50.0,300
8866,7398169361,1185859882,14.16,secondary,40.0,200
8867,7398169361,627835045,1187.42,primary,50.0,300
8868,7398222686,627835052,11.14,tertiary,30.0,100
8869,7398222686,5938773175,264.26,primary,50.0,300
8870,7398222690,627835035,12.99,primary,50.0,300
8871,7398222690,7388123457,484.18,secondary,40.0,200
8872,7398222695,7398169355,106.18,secondary,40.0,200
8873,7398222695,10264514244,107.41,primary,50.0,300
8874,7398222703,7398222708,13.25,primary,50.0,300
8875,7398222708,7398222690,5.31,secondary,40.0,200
8876,7398222708,7398222695,52.6,primary,50.0,300
8877,7401188984,13796109053,76.81,tertiary,30.0,100
8878,7401188984,13329840456,4.37,tertiary,30.0,100
8879,7401192400,13796109030,6.1,tertiary,30.0,100
8880,7401192400,13795940227,127.93,primary,50.0,300
8881,7404711447,245668039,18.91,secondary,40.0,200
8882,7404711447,245668015,9.51,secondary,40.0,200
8883,7416417262,13796109032,74.9,tertiary,30.0,100
8884,7416417262,12432928829,73.54,tertiary,30.0,100
8885,7416417264,12432928829,8.67,tertiary_link,25.0,80
8886,7416417264,7416417262,73.66,tertiary,30.0,100
8887,7416417273,245670576,13.2,primary,50.0,300
8888,7416417273,13882946985,291.77,tertiary,30.0,100
8889,7416469191,7416417273,24.76,tertiary,30.0,100
8890,7416469191,12384157466,180.91,primary,50.0,300
8891,7416574444,7416574461,6.11,secondary,40.0,200
8892,7416574444,7358417238,490.58,secondary,40.0,200
8893,7416574444,12124306136,462.34,secondary,40.0,200
8894,7416574460,7358417238,7.25,tertiary,30.0,100
8895,7416574460,7416574461,492.59,secondary,40.0,200
8896,7416574461,7416574444,6.11,secondary,40.0,200
8897,7416574461,10279564679,162.27,secondary,40.0,200
8898,7416594673,7416644609,9.72,secondary,40.0,200
8899,7416594673,13366357984,439.27,secondary,40.0,200
8900,7416644609,11955399699,10.64,secondary,40.0,200
8901,7416644622,245663848,14.59,primary,50.0,300
8902,7416644622,1647747115,53.46,primary,50.0,300
8903,7416644624,7416644622,15.71,primary,50.0,300
8904,7416644624,245663968,52.23,primary,50.0,300
8905,7416644625,245663968,77.29,primary_link,40.0,250
8906,7416644625,7416644624,55.08,secondary,40.0,200
8907,7425930309,245657814,96.85,tertiary,30.0,100
8908,7425930309,13851566378,271.99,tertiary,30.0,100
8909,7459252380,619227582,21.06,primary,50.0,300
8910,7459252380,245663814,369.3,tertiary,30.0,100
8911,7459352414,7459352420,6.77,secondary,40.0,200
8912,7459352417,13552218476,11.63,secondary,40.0,200
8913,7459352419,7459352423,5.21,secondary,40.0,200
8914,7459352419,7459352423,33.16,tertiary,30.0,100
8915,7459352420,7459352417,5.08,secondary,40.0,200
8916,7459352420,1348001410,28.24,tertiary,30.0,100
8917,7459352423,13552218470,13.12,secondary,40.0,200
8918,7459352439,245662773,116.96,tertiary,30.0,100
8919,7459352439,245662681,118.53,tertiary,30.0,100
8920,7461994655,7461994656,9.61,tertiary,30.0,100
8921,7461994655,6618316493,8.43,tertiary,30.0,100
8922,7461994656,7461994655,9.61,tertiary,30.0,100
8923,7461994656,7461994658,28.64,tertiary,30.0,100
8924,7461994658,4244274462,10.5,tertiary,30.0,100
8925,7461994658,245653413,254.2,secondary,40.0,200
8926,7462923338,10886054716,274.29,secondary,40.0,200
8927,7462923344,2175130316,41.18,secondary,40.0,200
8928,7462923344,7238373729,153.49,secondary,40.0,200
8929,7463765661,7463765662,51.17,tertiary_link,25.0,80
8930,7463765661,7311314087,35.93,tertiary,30.0,100
8931,7463765661,1651338402,575.76,tertiary,30.0,100
8932,7463765662,7311314097,45.2,tertiary,30.0,100
8933,7463765662,7463765661,51.17,tertiary_link,25.0,80
8934,7466006862,10603805379,7.69,tertiary,30.0,100
8935,7466006862,13904906070,345.13,secondary,40.0,200
8936,7501169160,9936198672,279.53,motorway_link,70.0,450
8937,7501169160,9936198659,827.11,motorway_link,70.0,450
8938,7655321774,1158453054,35.21,motorway_link,70.0,450
8939,7655321774,7655321775,52.76,motorway_link,70.0,450
8940,7655321775,290885007,135.36,secondary,40.0,200
8941,7655321779,2529081507,35.61,motorway_link,70.0,450
8942,7655321779,3890222397,53.23,motorway_link,70.0,450
8943,7655342086,1158453056,442.18,motorway_link,70.0,450
8944,7655342087,1646070517,228.81,motorway_link,70.0,450
8945,7655342091,1158453050,30.26,secondary,40.0,200
8946,7655342091,7655342087,48.35,motorway_link,70.0,450
8947,7684836950,245659219,261.22,tertiary,30.0,100
8948,7684969501,3981413772,24.12,trunk_link,50.0,350
8949,7687784341,2299204470,598.19,primary,50.0,300
8950,7687784341,2299204492,187.35,primary,50.0,300
8951,7728028038,206291068,716.32,motorway,80.0,500
8952,7735948667,245659219,5.89,tertiary,30.0,100
8953,7735948667,245659355,426.01,tertiary,30.0,100
8954,7735948667,5908530884,262.97,tertiary,30.0,100
8955,7736314481,5861036485,8.89,trunk_link,50.0,350
8956,7736314481,7736314482,38.52,primary,50.0,300
8957,7736314482,13262801028,10.79,primary,50.0,300
8958,7736314482,7736314483,23.05,trunk_link,50.0,350
8959,7736314483,7736314484,37.68,primary,50.0,300
8960,7736314483,12088824462,39.67,trunk_link,50.0,350
8961,7736314484,13262801030,8.5,primary,50.0,300
8962,7736314484,7736314481,18.76,trunk_link,50.0,350
8963,7736314995,1647016706,25.92,tertiary,30.0,100
8964,7736314995,1960733382,253.2,trunk,60.0,400
8965,7736315005,9348015288,13.61,tertiary,30.0,100
8966,7736315005,10679996837,759.18,tertiary,30.0,100
8967,7736315005,2230881385,162.47,secondary,40.0,200
8968,7736315008,7736315009,9.99,trunk_link,50.0,350
8969,7736315008,7736315005,18.7,secondary,40.0,200
8970,7736315009,7736315011,31.52,secondary,40.0,200
8971,7736315009,1184046328,339.15,trunk_link,50.0,350
8972,7736315010,10279377260,36.98,trunk_link,50.0,350
8973,7736315010,7736315008,31.98,secondary,40.0,200
8974,7736315011,7736315010,9.91,trunk_link,50.0,350
8975,7736315011,9348015285,18.81,secondary,40.0,200
8976,7736315016,9579825706,14.27,trunk_link,50.0,350
8977,7736315016,10679996838,18.52,secondary,40.0,200
8978,7736315018,10168886524,19.3,secondary,40.0,200
8979,7736315018,6119066789,14.57,trunk_link,50.0,350
8980,7736315026,1960734286,374.44,trunk,60.0,400
8981,7749797394,6554302593,17.4,tertiary,30.0,100
8982,7749797394,13615156518,144.89,tertiary,30.0,100
8983,7749797422,12435185075,232.84,motorway,80.0,500
8984,7749797422,8928692504,924.47,motorway,80.0,500
8985,7749797456,8443498448,36.58,secondary,40.0,200
8986,7749797456,631507964,211.42,secondary,40.0,200
8987,7803568898,7803568927,13.59,secondary,40.0,200
8988,7803568898,7803568924,132.54,secondary,40.0,200
8989,7803568902,7803568922,13.16,secondary,40.0,200
8990,7803568902,2246851069,87.16,tertiary,30.0,100
8991,7803568902,5518220742,240.1,secondary,40.0,200
8992,7803568922,7803568924,12.99,secondary,40.0,200
8993,7803568922,7803568927,132.02,secondary,40.0,200
8994,7803568924,5511142448,168.66,secondary,40.0,200
8995,7803568924,7803568902,13.27,secondary,40.0,200
8996,7803568927,7803568929,32.71,secondary,40.0,200
8997,7803568928,7803568898,29.93,secondary,40.0,200
8998,7803568929,7803568928,13.58,secondary,40.0,200
8999,7944344486,9117998473,8.83,secondary,40.0,200
9000,7944344486,884364447,370.1,secondary,40.0,200
9001,8214053619,13870620078,6.62,tertiary_link,25.0,80
9002,8214053619,13870620079,54.28,tertiary,30.0,100
9003,8318460417,8318460418,28.7,tertiary_link,25.0,80
9004,8318460417,1651338708,75.26,tertiary,30.0,100
9005,8318460418,1651338652,36.25,tertiary,30.0,100
9006,8318460418,8318460417,28.7,tertiary_link,25.0,80
9007,8323355831,13521149004,7.68,secondary_link,35.0,150
9008,8323355831,13521149005,36.16,secondary,40.0,200
9009,8336655686,8336655696,8.03,secondary,40.0,200
9010,8336655686,8485170335,166.95,tertiary,30.0,100
9011,8336655693,8336655686,16.51,secondary,40.0,200
9012,8336655696,1960735465,2.67,secondary,40.0,200
9013,8336655701,8336655702,18.56,secondary_link,35.0,150
9014,8336655702,8336655705,179.71,secondary,40.0,200
9015,8336655704,8336655705,14.05,secondary_link,35.0,150
9016,8336655704,8336655693,208.67,secondary,40.0,200
9017,8336655705,8336655704,14.05,secondary_link,35.0,150
9018,8336655705,7366340631,262.14,secondary,40.0,200
9019,8360469288,10614318013,396.3,motorway_link,70.0,450
9020,8360469288,10720897942,816.45,motorway_link,70.0,450
9021,8441348211,2489283692,14.64,secondary,40.0,200
9022,8441348211,4213259529,8.85,tertiary,30.0,100
9023,8441348211,1960735433,17.65,tertiary,30.0,100
9024,8443491302,8882200680,48.03,motorway_link,70.0,450
9025,8443498429,11022370378,237.53,secondary,40.0,200
9026,8443498434,631507964,39.79,secondary,40.0,200
9027,8443498434,8443498429,28.61,secondary,40.0,200
9028,8443498438,245665147,33.01,secondary,40.0,200
9029,8443498438,6117628325,249.33,tertiary,30.0,100
9030,8443498442,5841999703,1703.93,secondary,40.0,200
9031,8443498445,245665147,33.65,tertiary,30.0,100
9032,8443498445,8443498442,41.43,tertiary,30.0,100
9033,8443498448,2897022062,12.97,secondary,40.0,200
9034,8443532427,5896564331,573.0,tertiary,30.0,100
9035,8448787215,2491202549,5.88,primary,50.0,300
9036,8448787215,2489283696,499.97,tertiary,30.0,100
9037,8450022934,8336655701,16.39,secondary_link,35.0,150
9038,8450022934,1960735457,19.84,secondary,40.0,200
9039,8450022981,10926246153,25.02,tertiary,30.0,100
9040,8450022981,1960735081,5.28,tertiary,30.0,100
9041,8460008417,8531002108,12.79,tertiary_link,25.0,80
9042,8460008417,1643413992,153.8,tertiary,30.0,100
9043,8485170335,13383090148,17.85,tertiary_link,25.0,80
9044,8485170335,1235813970,416.44,tertiary,30.0,100
9045,8493462503,13820354781,22.1,trunk,60.0,400
9046,8493462503,8493462508,189.03,primary_link,40.0,250
9047,8493462508,7397865784,157.79,trunk_link,50.0,350
9048,8507768263,8507768265,19.67,trunk,60.0,400
9049,8507768263,5843735650,34.49,trunk,60.0,400
9050,8507768265,13747583631,107.87,trunk_link,50.0,350
9051,8507768265,10282074752,252.42,trunk,60.0,400
9052,8512886669,5982461354,16.73,primary,50.0,300
9053,8512889150,2245095080,1460.01,tertiary,30.0,100
9054,8531002108,8460008417,12.79,tertiary_link,25.0,80
9055,8531002108,8564342791,896.1,tertiary,30.0,100
9056,8531005259,13833629180,522.45,tertiary,30.0,100
9057,8531005259,13833629180,516.77,secondary,40.0,200
9058,8564342791,8564342795,105.65,tertiary,30.0,100
9059,8564342791,8564342792,14.38,tertiary_link,25.0,80
9060,8564342792,8564342791,14.38,tertiary_link,25.0,80
9061,8564342792,8460008417,914.57,tertiary,30.0,100
9062,8564342795,8564342796,14.63,tertiary_link,25.0,80
9063,8564342795,12794003686,108.43,tertiary,30.0,100
9064,8564342796,8564342792,105.2,tertiary,30.0,100
9065,8564342796,8564342795,14.63,tertiary_link,25.0,80
9066,8592007389,13605326441,150.33,tertiary,30.0,100
9067,8592007389,13602548093,107.24,tertiary,30.0,100
9068,8592017227,13766221799,11.62,secondary_link,35.0,150
9069,8592017227,7357689013,185.25,secondary,40.0,200
9070,8592017232,2245093304,11.62,secondary_link,35.0,150
9071,8592017232,8796504401,191.45,secondary,40.0,200
9072,8592017259,6118419653,69.04,secondary,40.0,200
9073,8592017259,9955110411,18.55,secondary,40.0,200
9074,8592800197,13016998372,21.65,primary,50.0,300
9075,8592800197,8796504397,27.36,secondary,40.0,200
9076,8592800200,8796504400,3.29,secondary,40.0,200
9077,8592800203,13621005351,13.52,secondary,40.0,200
9078,8592800213,13755049621,16.62,secondary,40.0,200
9079,8592800213,13770424289,86.4,secondary,40.0,200
9080,8592846824,13770424275,28.48,secondary,40.0,200
9081,8592846824,13770424277,6.44,secondary_link,35.0,150
9082,8628297887,4367705362,17.86,tertiary_link,25.0,80
9083,8628297887,8628324165,229.49,tertiary,30.0,100
9084,8628297900,7305466573,136.61,secondary,40.0,200
9085,8628324124,7366182522,37.13,tertiary,30.0,100
9086,8628324125,7358292791,284.79,tertiary,30.0,100
9087,8628324125,7358292787,14.64,tertiary,30.0,100
9088,8628324126,8779392330,140.97,tertiary,30.0,100
9089,8628324126,8628324124,22.17,tertiary,30.0,100
9090,8628324165,8628324166,12.48,tertiary,30.0,100
9091,8628324166,4367705365,104.33,tertiary,30.0,100
9092,8628324166,13814951631,21.34,tertiary,30.0,100
9093,8637519667,13840335949,15.39,tertiary,30.0,100
9094,8637519667,13284877505,433.22,tertiary,30.0,100
9095,8637519674,8780753171,11.6,secondary_link,35.0,150
9096,8637519674,13820696754,23.01,secondary,40.0,200
9097,8695912820,7331439079,179.01,tertiary,30.0,100
9098,8695912820,10277271920,41.19,tertiary,30.0,100
9099,8695912820,13584203893,382.82,tertiary,30.0,100
9100,8703487829,10281959314,58.71,tertiary,30.0,100
9101,8703487829,8703487842,9.85,tertiary,30.0,100
9102,8703487830,10653480115,57.24,tertiary,30.0,100
9103,8703487830,1643035296,35.99,tertiary,30.0,100
9104,8703487842,8703487830,28.08,tertiary,30.0,100
9105,8779392329,8779392330,18.2,tertiary_link,25.0,80
9106,8779392329,8628324124,146.42,tertiary,30.0,100
9107,8779392330,8779392329,18.2,tertiary_link,25.0,80
9108,8779392330,4233541824,106.68,tertiary,30.0,100
9109,8780753156,1184130764,9.99,secondary_link,35.0,150
9110,8780753156,9352141084,276.01,secondary,40.0,200
9111,8780753168,619143455,10.99,secondary_link,35.0,150
9112,8780753168,8780753156,542.37,secondary,40.0,200
9113,8780753171,8637519674,11.6,secondary_link,35.0,150
9114,8780753171,8780753176,272.72,secondary,40.0,200
9115,8780753176,8780799418,10.76,secondary_link,35.0,150
9116,8780753176,13797994638,196.7,secondary,40.0,200
9117,8780753183,2702435814,11.94,tertiary,30.0,100
9118,8780753183,8780753168,649.7,secondary,40.0,200
9119,8780799418,8780753176,10.76,secondary_link,35.0,150
9120,8780799418,8637519674,269.7,secondary,40.0,200
9121,8788708024,5865499856,63.55,primary,50.0,300
9122,8788708024,10310493154,18.65,primary_link,40.0,250
9123,8796504397,10251547870,11.62,secondary,40.0,200
9124,8796504397,1960735568,23.2,primary,50.0,300
9125,8796504400,2245093304,193.17,secondary,40.0,200
9126,8796504400,8796504401,13.67,secondary,40.0,200
9127,8796504401,13509433338,3.29,secondary,40.0,200
9128,8796504406,13770434101,15.64,secondary,40.0,200
9129,8844296109,8844296113,38.26,tertiary,30.0,100
9130,8844296109,1651338410,527.28,tertiary,30.0,100
9131,8844296113,1651338640,782.06,tertiary,30.0,100
9132,8844296113,8844296109,34.19,tertiary,30.0,100
9133,8867307187,2163592436,31.79,primary,50.0,300
9134,8867307187,13658722774,362.86,primary,50.0,300
9135,8878074693,8878074696,45.71,tertiary,30.0,100
9136,8878074695,12320398366,10.91,tertiary,30.0,100
9137,8878074696,8878074695,8.3,tertiary,30.0,100
9138,8878074696,4759328800,146.25,tertiary,30.0,100
9139,8878171598,12377733465,12.41,tertiary_link,25.0,80
9140,8878171598,1648244726,260.28,tertiary,30.0,100
9141,8882200680,245664576,410.33,motorway,80.0,500
9142,8909137831,245665354,162.38,trunk_link,50.0,350
9143,8909137831,8909137832,36.13,trunk_link,50.0,350
9144,8909137832,8909137831,36.13,trunk_link,50.0,350
9145,8909137832,1642951846,164.97,trunk_link,50.0,350
9146,8909137845,1642951800,33.77,trunk,60.0,400
9147,8928692503,2443139105,397.66,primary,50.0,300
9148,8928692503,8443491302,716.54,motorway,80.0,500
9149,8928692504,1398117087,59.95,primary,50.0,300
9150,8928728233,13736574679,10.28,tertiary_link,25.0,80
9151,8928728233,13788861618,52.13,tertiary,30.0,100
9152,8973745204,7334101312,34.02,trunk_link,50.0,350
9153,8973745204,1366900404,853.59,trunk_link,50.0,350
9154,8973761596,6583578109,52.38,motorway_link,70.0,450
9155,8973761596,1366938229,75.16,motorway_link,70.0,450
9156,8973771545,5624422771,46.17,trunk,60.0,400
9157,8976481323,7379602410,37.32,trunk_link,50.0,350
9158,8976481323,6583122231,9.92,tertiary,30.0,100
9159,9023192699,7345377659,13.81,secondary,40.0,200
9160,9023192699,10595441721,456.35,secondary,40.0,200
9161,9023192700,13786441511,38.79,secondary,40.0,200
9162,9023192700,9023192699,7.73,secondary,40.0,200
9163,9080858009,9887031963,21.95,tertiary,30.0,100
9164,9080858009,884182590,1155.59,tertiary,30.0,100
9165,9080858009,245675546,45.47,tertiary,30.0,100
9166,9115710877,9115710879,5.98,primary,50.0,300
9167,9115710877,10879569097,245.97,secondary,40.0,200
9168,9115710879,245681971,11.56,secondary,40.0,200
9169,9115710879,7377674085,126.4,primary,50.0,300
9170,9115783835,9115783837,19.03,tertiary,30.0,100
9171,9115783835,4343231499,611.28,primary,50.0,300
9172,9115783835,1353467798,175.75,tertiary,30.0,100
9173,9115783837,9115783835,19.03,tertiary,30.0,100
9174,9115783837,12295929919,345.3,tertiary,30.0,100
9175,9115783837,6204119861,231.28,primary,50.0,300
9176,9115783842,6204119875,17.66,secondary,40.0,200
9177,9115783842,10282000618,186.04,primary,50.0,300
9178,9115783843,10282000622,17.02,secondary,40.0,200
9179,9115783843,10956744326,482.66,primary,50.0,300
9180,9117998473,9117998474,10.66,secondary,40.0,200
9181,9117998473,7157873781,570.01,secondary,40.0,200
9182,9117998474,9117998475,8.71,secondary,40.0,200
9183,9117998474,7398089775,635.81,secondary,40.0,200
9184,9117998475,7944344486,10.9,secondary,40.0,200
9185,9117998475,9118087857,293.9,secondary,40.0,200
9186,9118087826,9121870533,12.63,secondary,40.0,200
9187,9118087826,7358788704,403.89,secondary,40.0,200
9188,9118087857,7357652039,10.97,secondary_link,35.0,150
9189,9118087857,9118087826,81.98,secondary,40.0,200
9190,9121870533,296849526,601.88,secondary,40.0,200
9191,9130240870,9130240906,31.57,primary,50.0,300
9192,9130240883,1070377945,20.24,secondary,40.0,200
9193,9130240883,9130240888,433.7,primary,50.0,300
9194,9130240888,648865086,20.23,tertiary,30.0,100
9195,9130240888,10277271915,588.83,tertiary,30.0,100
9196,9130240888,12553660973,249.24,primary,50.0,300
9197,9130240890,564741511,20.3,primary_link,40.0,250
9198,9130240890,9130240897,363.28,primary,50.0,300
9199,9130240897,564741520,20.26,primary_link,40.0,250
9200,9130240897,9130240898,54.24,primary,50.0,300
9201,9130240898,9130240899,21.86,primary,50.0,300
9202,9130240898,3273736680,20.41,primary_link,40.0,250
9203,9130240899,564741521,20.04,primary_link,40.0,250
9204,9130240899,2249163695,75.47,primary,50.0,300
9205,9130240904,2249163670,22.74,secondary,40.0,200
9206,9130240906,1651531001,530.19,secondary,40.0,200
9207,9130240906,9130240907,13.33,primary,50.0,300
9208,9130240907,12894222344,19.07,primary,50.0,300
9209,9130240907,9130240908,19.8,primary,50.0,300
9210,9130240908,9130240910,38.88,primary,50.0,300
9211,9130240910,13598655843,31.85,secondary,40.0,200
9212,9130240910,9130272923,9.32,primary,50.0,300
9213,9130272922,2440694454,21.02,secondary,40.0,200
9214,9130272922,9130240870,18.57,primary,50.0,300
9215,9130272923,9130272922,9.25,primary,50.0,300
9216,9130272936,1651531001,13.52,tertiary,30.0,100
9217,9130272936,13051997260,527.55,secondary,40.0,200
9218,9130272936,1651530998,419.0,tertiary,30.0,100
9219,9130272941,9130272936,345.77,secondary,40.0,200
9220,9130272941,13593483025,223.91,tertiary,30.0,100
9221,9130272953,13593361283,207.72,tertiary,30.0,100
9222,9130272953,1651530998,420.13,tertiary,30.0,100
9223,9132477581,2244894190,10.94,primary_link,40.0,250
9224,9132477581,1960735677,860.86,primary,50.0,300
9225,9137843242,4461968005,134.63,primary,50.0,300
9226,9137843242,864964227,61.58,primary,50.0,300
9227,9137843243,4461968005,17.79,primary_link,40.0,250
9228,9137843243,864964228,39.35,primary_link,40.0,250
9229,9137843243,864964227,73.43,primary,50.0,300
9230,9137843244,864964227,15.99,primary,50.0,300
9231,9137843244,2610804984,394.86,primary,50.0,300
9232,9169171618,245656627,7.66,tertiary,30.0,100
9233,9169171618,4294951431,221.46,secondary,40.0,200
9234,9171437948,13329867502,31.08,tertiary,30.0,100
9235,9171437948,13329867501,3.13,tertiary_link,25.0,80
9236,9198613307,13980415691,13.62,secondary_link,35.0,150
9237,9198613307,631487309,118.8,secondary,40.0,200
9238,9201422013,10277590774,11.8,secondary,40.0,200
9239,9201441623,6430875931,13.93,tertiary,30.0,100
9240,9201441623,9201422013,325.57,secondary,40.0,200
9241,9201441624,9201441623,30.18,secondary,40.0,200
9242,9201441624,6430875930,37.53,tertiary,30.0,100
9243,9201441656,969803897,262.69,primary,50.0,300
9244,9201441656,13103357040,189.29,secondary,40.0,200
9245,9201447745,13508229962,7.08,secondary,40.0,200
9246,9201447745,13905111288,220.23,secondary,40.0,200
9247,9203147550,9203147555,29.44,secondary,40.0,200
9248,9203147551,9925314962,463.91,secondary,40.0,200
9249,9203147551,9203147550,16.37,secondary,40.0,200
9250,9203147552,9203147551,16.36,secondary,40.0,200
9251,9203147553,1960735101,198.25,tertiary,30.0,100
9252,9203147553,9203147552,8.43,secondary,40.0,200
9253,9203147554,9203147553,10.1,secondary,40.0,200
9254,9203147555,13830680336,599.41,secondary,40.0,200
9255,9203147555,9203147554,12.93,secondary,40.0,200
9256,9212473110,7340258725,572.24,secondary,40.0,200
9257,9212473115,4213259529,19.1,tertiary,30.0,100
9258,9212473115,9212473110,29.81,secondary_link,35.0,150
9259,9267777726,5913278406,6.41,trunk_link,50.0,350
9260,9311818784,12384046732,169.33,secondary,40.0,200
9261,9311818795,1643351828,7.8,tertiary,30.0,100
9262,9311818795,1643351830,250.57,tertiary,30.0,100
9263,9311818795,9311818800,408.45,secondary,40.0,200
9264,9311818800,1643264330,15.35,secondary,40.0,200
9265,9311818811,9311818812,25.02,secondary,40.0,200
9266,9311818811,9311818795,233.38,secondary,40.0,200
9267,9311818812,245664764,150.54,secondary,40.0,200
9268,9313040201,12088314613,68.72,tertiary,30.0,100
9269,9313040213,528644332,52.06,tertiary,30.0,100
9270,9313040215,9313040216,9.97,tertiary,30.0,100
9271,9313040215,9313040213,237.26,tertiary,30.0,100
9272,9313040216,2176684582,126.34,tertiary,30.0,100
9273,9313040216,9313067503,13.35,tertiary,30.0,100
9274,9313067502,9313067504,12.95,tertiary,30.0,100
9275,9313067502,2176684837,225.57,tertiary,30.0,100
9276,9313067503,9313067502,118.81,tertiary,30.0,100
9277,9313067504,9313067502,12.95,tertiary,30.0,100
9278,9313067504,245653840,225.58,tertiary,30.0,100
9279,9313067505,9313067506,13.41,tertiary,30.0,100
9280,9313067505,12378144234,148.62,tertiary,30.0,100
9281,9313067506,528622444,12.96,tertiary,30.0,100
9282,9313067506,2176684837,104.92,tertiary,30.0,100
9283,9326413671,13363196616,175.66,secondary_link,35.0,150
9284,9326413671,7370723839,711.0,tertiary,30.0,100
9285,9348015285,9348015286,10.43,tertiary,30.0,100
9286,9348015285,1855308653,405.54,secondary,40.0,200
9287,9348015285,11939384499,195.19,tertiary,30.0,100
9288,9348015286,7736315010,19.05,secondary,40.0,200
9289,9348015286,9348015285,10.43,tertiary,30.0,100
9290,9348015286,13164727361,498.09,tertiary,30.0,100
9291,9348015288,7736315005,13.61,tertiary,30.0,100
9292,9348015288,7736315009,18.95,secondary,40.0,200
9293,9348015288,1078664342,371.39,tertiary,30.0,100
9294,9350085605,9350085606,8.13,tertiary_link,25.0,80
9295,9350085605,4819972371,93.09,tertiary,30.0,100
9296,9350085606,9350085605,8.13,tertiary_link,25.0,80
9297,9350085606,4146135269,115.83,tertiary,30.0,100
9298,9350865539,9350865540,9.93,tertiary_link,25.0,80
9299,9350865539,13851434041,619.18,tertiary,30.0,100
9300,9350865540,9350865539,9.93,tertiary_link,25.0,80
9301,9350865540,7366380223,57.22,tertiary,30.0,100
9302,9352141082,13508185845,11.87,secondary,40.0,200
9303,9352141084,11919209525,2.34,secondary,40.0,200
9304,9379261058,13362959834,979.21,tertiary,30.0,100
9305,9379261058,7366182503,25.42,tertiary,30.0,100
9306,9379261060,13803573660,37.61,tertiary,30.0,100
9307,9379261060,2493592661,14.57,tertiary,30.0,100
9308,9379261061,9379261060,6.97,tertiary,30.0,100
9309,9379801860,1375251438,303.99,tertiary,30.0,100
9310,9379801861,13639940587,17.68,tertiary,30.0,100
9311,9379801884,13637469009,8.13,tertiary_link,25.0,80
9312,9379801884,13637469013,79.26,tertiary,30.0,100
9313,9447798820,13055620353,15.51,tertiary,30.0,100
9314,9447798820,9956773846,409.02,tertiary,30.0,100
9315,9447798820,7357554326,41.82,tertiary,30.0,100
9316,9447798917,5771476801,17.63,secondary,40.0,200
9317,9447798917,6154192085,309.8,secondary,40.0,200
9318,9447929175,7379522520,6.01,tertiary,30.0,100
9319,9447929175,1369464578,1797.04,tertiary,30.0,100
9320,9449324904,9449324909,105.33,tertiary,30.0,100
9321,9449324904,1650406080,638.44,tertiary,30.0,100
9322,9449324904,9449324908,93.72,tertiary,30.0,100
9323,9449324908,9449324909,26.24,tertiary,30.0,100
9324,9449324908,9449324904,93.72,tertiary,30.0,100
9325,9449324908,11059281300,12.23,tertiary,30.0,100
9326,9449324909,9449324908,26.24,tertiary,30.0,100
9327,9449324909,6134580032,9.44,tertiary,30.0,100
9328,9449324909,9449324904,105.33,tertiary,30.0,100
9329,9469495781,2897024627,388.68,secondary,40.0,200
9330,9469495781,9469495782,7.89,secondary,40.0,200
9331,9469495782,2897024696,8.32,secondary,40.0,200
9332,9469495782,2897024737,160.59,secondary,40.0,200
9333,9579825706,7736315016,14.27,trunk_link,50.0,350
9334,9579825706,7736315018,33.47,secondary,40.0,200
9335,9579825706,10279377266,736.3,trunk_link,50.0,350
9336,9587618666,1647048997,9.61,tertiary,30.0,100
9337,9587618666,10247313334,216.75,tertiary,30.0,100
9338,9653113125,9653113126,30.66,tertiary_link,25.0,80
9339,9653113125,1651338416,562.87,tertiary,30.0,100
9340,9653113126,9653113125,30.66,tertiary_link,25.0,80
9341,9653113126,1651338487,195.24,tertiary,30.0,100
9342,9665373519,7123994600,8.81,tertiary,30.0,100
9343,9665373520,9665373519,10.85,tertiary,30.0,100
9344,9665373520,1960735216,25.77,tertiary,30.0,100
9345,9674225639,9674225640,8.99,secondary_link,35.0,150
9346,9674225639,2629418536,272.38,secondary,40.0,200
9347,9674225640,9674225639,8.99,secondary_link,35.0,150
9348,9674225640,7379512624,330.79,secondary,40.0,200
9349,9679154866,10116201907,29.17,secondary,40.0,200
9350,9679154866,2966389856,58.48,secondary_link,35.0,150
9351,9679154869,1367092731,19.46,tertiary,30.0,100
9352,9679154869,13657812311,436.01,secondary,40.0,200
9353,9679154877,9679154878,55.97,trunk_link,50.0,350
9354,9679154877,13031507246,22.66,secondary,40.0,200
9355,9679154878,3878559855,455.86,trunk,60.0,400
9356,9681688973,346633210,7.89,tertiary,30.0,100
9357,9681688973,346620827,159.0,tertiary,30.0,100
9358,9681688973,9916444554,82.65,secondary,40.0,200
9359,9681688974,2841960950,50.29,secondary,40.0,200
9360,9681688994,1654348856,6.81,tertiary,30.0,100
9361,9681688994,10770749309,279.45,secondary,40.0,200
9362,9681688999,9681689000,8.21,secondary_link,35.0,150
9363,9681688999,10882727464,173.77,secondary,40.0,200
9364,9681689000,9681688999,8.21,secondary_link,35.0,150
9365,9681689000,346633397,244.22,secondary,40.0,200
9366,9684318527,9684318528,18.83,primary_link,40.0,250
9367,9684318527,6204119841,243.96,primary,50.0,300
9368,9684318528,245678732,91.29,primary,50.0,300
9369,9684318528,9684318527,18.83,primary_link,40.0,250
9370,9684614893,9684614894,16.03,trunk,60.0,400
9371,9684614893,8493462508,91.53,trunk_link,50.0,350
9372,9684614894,414731700,15.54,trunk,60.0,400
9373,9684614894,6604559419,127.41,tertiary,30.0,100
9374,9684698236,245659759,11.1,trunk,60.0,400
9375,9684698236,245659828,197.03,secondary,40.0,200
9376,9684698238,9684698236,26.0,secondary,40.0,200
9377,9684698238,11927565927,15.96,trunk,60.0,400
9378,9691859215,5470238123,23.99,trunk_link,50.0,350
9379,9691859215,10772904744,754.39,trunk,60.0,400
9380,9694187773,3797889591,20.85,secondary,40.0,200
9381,9694187775,13626310240,19.63,secondary,40.0,200
9382,9694187776,1184132894,184.05,tertiary,30.0,100
9383,9694187776,13626310251,496.19,secondary,40.0,200
9384,9694187776,13626310242,267.06,secondary,40.0,200
9385,9697895007,13723058962,8.92,tertiary,30.0,100
9386,9697895007,13723058956,52.24,tertiary,30.0,100
9387,9697895008,9697895007,12.6,tertiary,30.0,100
9388,9697895008,10277314002,318.19,tertiary,30.0,100
9389,9697896119,9697896120,38.14,tertiary,30.0,100
9390,9697896119,2249268505,198.76,secondary,40.0,200
9391,9697896120,13723058961,57.82,tertiary,30.0,100
9392,9697896120,1648168311,15.02,secondary,40.0,200
9393,9697896121,9697896122,34.4,tertiary,30.0,100
9394,9697896121,1180816983,24.29,tertiary,30.0,100
9395,9697896122,1180816983,16.64,tertiary,30.0,100
9396,9697896122,1180812204,1046.42,tertiary,30.0,100
9397,9697896124,1180830444,20.93,tertiary,30.0,100
9398,9697896124,2249268491,50.07,tertiary,30.0,100
9399,9697896125,9697896126,18.23,tertiary,30.0,100
9400,9697896125,9697896124,63.77,tertiary,30.0,100
9401,9697896126,9697896125,18.23,tertiary,30.0,100
9402,9697896126,9697896127,170.33,tertiary,30.0,100
9403,9697896127,9697896128,10.96,tertiary,30.0,100
9404,9697896127,245681159,183.97,tertiary,30.0,100
9405,9697896128,9697896127,10.96,tertiary,30.0,100
9406,9697896128,9697896125,171.0,tertiary,30.0,100
9407,9697896131,9697896132,12.22,tertiary,30.0,100
9408,9697896131,9697896128,281.69,tertiary,30.0,100
9409,9697896132,9697896131,12.22,tertiary,30.0,100
9410,9697896132,9697896134,228.87,tertiary,30.0,100
9411,9697896134,2222709254,76.73,tertiary,30.0,100
9412,9697896134,9697896131,230.31,tertiary,30.0,100
9413,9708696938,1353467783,13.0,tertiary,30.0,100
9414,9708696938,13652131272,302.95,tertiary,30.0,100
9415,9708696939,9708696938,11.97,tertiary,30.0,100
9416,9708696939,9708696942,296.58,tertiary,30.0,100
9417,9708696942,1353467798,10.31,tertiary,30.0,100
9418,9708696942,9115783835,177.34,tertiary,30.0,100
9419,9713144360,814394017,81.47,tertiary,30.0,100
9420,9713144360,13893645137,9.42,tertiary,30.0,100
9421,9713144360,13681043568,352.12,tertiary,30.0,100
9422,9713144363,245682226,7.94,tertiary,30.0,100
9423,9713144363,13893645132,49.89,tertiary,30.0,100
9424,9713144363,10277254604,507.7,tertiary,30.0,100
9425,9713504789,9713504790,20.67,secondary,40.0,200
9426,9713504790,1236410189,8.75,tertiary,30.0,100
9427,9713504790,10017787219,808.86,secondary,40.0,200
9428,9717246523,11033657249,11.85,tertiary,30.0,100
9429,9717246523,11192884549,615.41,tertiary,30.0,100
9430,9717246525,12296544493,6.08,tertiary,30.0,100
9431,9717246525,1180784779,394.08,tertiary,30.0,100
9432,9719535812,13875870384,83.85,tertiary,30.0,100
9433,9719535814,245671694,29.3,primary,50.0,300
9434,9719535814,9719535812,33.97,primary_link,40.0,250
9435,9719600346,9719600347,9.98,tertiary,30.0,100
9436,9719600346,245671529,291.45,primary,50.0,300
9437,9719600347,3708879375,21.49,primary,50.0,300
9438,9726750973,9726750974,23.2,tertiary,30.0,100
9439,9726750973,13757859361,541.28,tertiary,30.0,100
9440,9726750973,1960732748,222.07,tertiary,30.0,100
9441,9726750974,12088824447,169.68,trunk_link,50.0,350
9442,9726750974,9726750973,23.2,tertiary,30.0,100
9443,9739950371,9739950372,13.55,secondary,40.0,200
9444,9739950371,13528689955,53.25,primary,50.0,300
9445,9739950372,4328035957,11.44,primary,50.0,300
9446,9739950372,9681688994,190.03,secondary,40.0,200
9447,9739950373,6489866777,585.61,secondary,40.0,200
9448,9739950373,9739950371,11.35,primary,50.0,300
9449,9740934234,4335012908,9.14,secondary,40.0,200
9450,9740934234,13523465892,25.51,secondary,40.0,200
9451,9751375355,7728028038,594.88,motorway,80.0,500
9452,9751375355,9891102528,64.77,tertiary,30.0,100
9453,9764141725,9764141726,17.05,trunk_link,50.0,350
9454,9764141725,6046553754,80.35,trunk,60.0,400
9455,9764141726,9764141725,17.05,trunk_link,50.0,350
9456,9771116368,10723296482,10.82,primary,50.0,300
9457,9771116369,9771116368,13.97,tertiary,30.0,100
9458,9771116369,866807202,135.6,primary,50.0,300
9459,9771116370,296849097,13.09,primary,50.0,300
9460,9771116370,9771116369,346.54,tertiary,30.0,100
9461,9771116371,9771116370,9.48,tertiary,30.0,100
9462,9771116371,10274112134,222.09,primary,50.0,300
9463,9778641844,245667420,360.74,motorway_link,70.0,450
9464,9778641844,245667420,353.56,motorway,80.0,500
9465,9784935413,9784935414,46.66,tertiary_link,25.0,80
9466,9784935413,2250992764,193.84,tertiary,30.0,100
9467,9784935414,9784935413,46.66,tertiary_link,25.0,80
9468,9784935414,2242610558,140.16,tertiary,30.0,100
9469,9800986543,648865016,329.05,tertiary,30.0,100
9470,9800986543,11953719108,23.12,tertiary,30.0,100
9471,9800986543,9800986546,812.45,tertiary,30.0,100
9472,9800986546,11953719108,823.47,tertiary,30.0,100
9473,9800986546,13397634730,228.21,tertiary,30.0,100
9474,9800986552,2249163976,70.98,tertiary,30.0,100
9475,9800986552,13397634730,42.95,tertiary,30.0,100
9476,9805620649,4146373181,7.99,tertiary_link,25.0,80
9477,9805620649,13714582212,313.04,tertiary,30.0,100
9478,9828583078,1448146970,389.45,trunk_link,50.0,350
9479,9828583079,2178289463,35.05,primary,50.0,300
9480,9828583079,9828583078,54.03,trunk_link,50.0,350
9481,9855725446,7331439037,211.67,tertiary,30.0,100
9482,9855725446,9855725447,28.97,tertiary,30.0,100
9483,9855725447,245682820,230.87,tertiary,30.0,100
9484,9855725447,9855725446,27.15,tertiary,30.0,100
9485,9857764833,1642951881,481.24,tertiary,30.0,100
9486,9857764833,1643351868,515.21,tertiary,30.0,100
9487,9857764833,1643351856,368.07,tertiary,30.0,100
9488,9860341831,5913226250,4.38,secondary,40.0,200
9489,9860341832,9860341831,8.14,secondary,40.0,200
9490,9860341832,12697997201,8.28,secondary,40.0,200
9491,9860341836,6576088910,8.65,secondary,40.0,200
9492,9860341836,9860341832,114.8,secondary,40.0,200
9493,9860341840,9860341836,242.59,secondary,40.0,200
9494,9860341841,9860341840,42.01,secondary,40.0,200
9495,9860341841,9860341846,31.4,secondary,40.0,200
9496,9860341846,1665624924,107.06,trunk,60.0,400
9497,9860341846,9860341841,31.4,secondary,40.0,200
9498,9860683103,2715412065,1928.89,motorway,80.0,500
9499,9860683103,12376037609,478.28,motorway_link,70.0,450
9500,9861074902,9861074903,69.47,tertiary,30.0,100
9501,9861074903,1361589371,29.99,tertiary,30.0,100
9502,9861074903,9861077433,65.32,tertiary,30.0,100
9503,9861077433,9861074902,9.85,tertiary,30.0,100
9504,9861077433,2233652193,66.05,tertiary,30.0,100
9505,9861077517,9861077518,75.6,tertiary,30.0,100
9506,9861077518,12258308249,7.17,tertiary,30.0,100
9507,9861077518,13730599851,79.9,tertiary,30.0,100
9508,9866047004,245662886,9.08,secondary,40.0,200
9509,9866047004,13947373476,41.57,secondary,40.0,200
9510,9866047005,9866047004,8.36,secondary,40.0,200
9511,9866047005,4264834980,472.01,secondary,40.0,200
9512,9867473974,3890222359,41.72,tertiary,30.0,100
9513,9867473974,9867473981,54.55,secondary_link,35.0,150
9514,9868433322,2176144842,13.73,tertiary,30.0,100
9515,9868433322,11929919469,30.3,primary,50.0,300
9516,9868433322,9868433324,107.59,tertiary,30.0,100
9517,9868433324,9868433322,107.59,tertiary,30.0,100
9518,9868433324,10226925141,180.07,tertiary,30.0,100
9519,9868433324,10614318018,22.77,tertiary,30.0,100
9520,9869792498,629023678,9.95,secondary,40.0,200
9521,9869792498,10879569090,738.13,tertiary,30.0,100
9522,9869792513,245682165,11.25,tertiary,30.0,100
9523,9869792513,13592894697,112.09,tertiary,30.0,100
9524,9871495788,245682051,8.58,secondary,40.0,200
9525,9871495788,590605977,59.66,primary,50.0,300
9526,9871781416,648857392,29.63,trunk_link,50.0,350
9527,9871781416,2248482698,131.99,trunk,60.0,400
9528,9880815282,13723217786,141.09,tertiary,30.0,100
9529,9880815282,4711099271,133.06,tertiary,30.0,100
9530,9884695315,5994888011,6.53,tertiary_link,25.0,80
9531,9884695315,4759328550,301.72,tertiary,30.0,100
9532,9884695316,667395450,267.59,tertiary,30.0,100
9533,9884695316,10198760885,7.57,tertiary,30.0,100
9534,9884748090,884399555,6.26,secondary,40.0,200
9535,9884748090,9884748110,518.56,tertiary,30.0,100
9536,9884748097,884399494,9.94,tertiary,30.0,100
9537,9884748097,13857093044,249.85,tertiary,30.0,100
9538,9884748109,9884748110,9.81,tertiary,30.0,100
9539,9884748109,884399555,519.93,tertiary,30.0,100
9540,9884748110,9884748097,5.02,tertiary,30.0,100
9541,9884748110,884399491,626.96,tertiary,30.0,100
9542,9884840342,519469451,10.16,tertiary,30.0,100
9543,9884840342,10225596851,239.03,tertiary,30.0,100
9544,9884931949,884430034,16.08,tertiary,30.0,100
9545,9884931949,884430002,247.26,primary,50.0,300
9546,9884931950,9884931949,16.75,tertiary,30.0,100
9547,9884931950,13867818990,112.17,primary,50.0,300
9548,9887031963,9080858009,21.95,tertiary,30.0,100
9549,9887031963,6605148991,555.37,tertiary,30.0,100
9550,9891097276,2246850997,33.61,tertiary,30.0,100
9551,9891097276,9891097277,23.3,tertiary,30.0,100
9552,9891097277,4567650388,19.69,tertiary,30.0,100
9553,9891102528,9891102542,63.1,tertiary,30.0,100
9554,9891102528,9751375355,64.77,tertiary,30.0,100
9555,9891102542,5518220112,9.93,tertiary,30.0,100
9556,9891102542,4567650388,217.16,tertiary,30.0,100
9557,9891102542,5727570452,252.54,tertiary,30.0,100
9558,9896839471,13897126111,7.29,tertiary_link,25.0,80
9559,9896839471,6616033768,57.15,tertiary,30.0,100
9560,9901775155,5936572199,10.53,tertiary,30.0,100
9561,9901775155,1184123626,105.53,secondary,40.0,200
9562,9901775159,1184123626,11.58,tertiary,30.0,100
9563,9901775159,5936572199,108.27,secondary,40.0,200
9564,9901775210,2236679363,350.73,secondary,40.0,200
9565,9901775210,2236679734,319.56,secondary,40.0,200
9566,9902397681,9902397700,11.97,secondary,40.0,200
9567,9902397681,13818898153,162.85,secondary,40.0,200
9568,9902397686,9902397687,8.97,secondary_link,35.0,150
9569,9902397686,9902397694,22.75,secondary,40.0,200
9570,9902397687,9902397686,8.97,secondary_link,35.0,150
9571,9902397687,13896701103,332.56,secondary,40.0,200
9572,9902397689,13896701104,6.05,secondary,40.0,200
9573,9902397689,13895665206,60.64,secondary,40.0,200
9574,9902397694,9902397681,9.72,secondary,40.0,200
9575,9902397700,9902397705,54.17,secondary,40.0,200
9576,9902397705,9902397687,29.98,secondary,40.0,200
9577,9902397705,9902397694,15.6,secondary,40.0,200
9578,9902397716,2299204481,3.4,primary,50.0,300
9579,9902469429,2299204482,23.99,primary,50.0,300
9580,9902469429,5923862802,371.68,primary,50.0,300
9581,9903536150,12294664510,8.44,primary,50.0,300
9582,9903536150,2258304486,71.53,trunk,60.0,400
9583,9903871430,9903871431,12.62,primary_link,40.0,250
9584,9903871430,1879817642,1183.37,primary,50.0,300
9585,9903871431,1879817802,7.47,primary,50.0,300
9586,9903871431,9903871430,12.62,primary_link,40.0,250
9587,9903929402,1375170795,6.14,tertiary,30.0,100
9588,9903929402,2221887687,410.01,tertiary,30.0,100
9589,9904682624,1960734610,680.36,tertiary,30.0,100
9590,9904682627,7280128602,14.31,secondary,40.0,200
9591,9909376357,9909376358,8.94,secondary_link,35.0,150
9592,9909376357,7345415536,224.87,secondary,40.0,200
9593,9909376358,9909376357,8.94,secondary_link,35.0,150
9594,9909376358,10936586334,596.59,secondary,40.0,200
9595,9909512441,7394086382,32.02,secondary,40.0,200
9596,9909512441,9909512445,36.02,secondary,40.0,200
9597,9909512445,7394094897,810.14,secondary,40.0,200
9598,9910448046,1388354096,106.93,tertiary,30.0,100
9599,9910448046,13592000220,33.19,tertiary,30.0,100
9600,9911678744,9911678745,24.43,secondary_link,35.0,150
9601,9911678744,245654283,46.16,secondary,40.0,200
9602,9911678745,10282056990,613.34,primary,50.0,300
9603,9916313764,9916313765,41.02,trunk_link,50.0,350
9604,9916313764,12852654806,155.37,trunk,60.0,400
9605,9916313765,2250825438,27.41,trunk,60.0,400
9606,9916313765,9916313764,41.02,trunk_link,50.0,350
9607,9916444554,10882727465,6.33,secondary,40.0,200
9608,9925314950,9925314962,15.98,secondary,40.0,200
9609,9925314950,9203147550,457.15,secondary,40.0,200
9610,9925314962,9925314969,8.36,secondary,40.0,200
9611,9925314962,414730361,118.24,secondary,40.0,200
9612,9925314965,9925314950,7.6,secondary,40.0,200
9613,9925314965,6608764028,218.44,secondary,40.0,200
9614,9925314969,9925314965,15.82,secondary,40.0,200
9615,9925314979,13818959077,6.56,secondary,40.0,200
9616,9925314979,1960733463,36.24,secondary_link,35.0,150
9617,9925314985,9925314998,11.64,secondary,40.0,200
9618,9925314991,1647049255,11.71,secondary,40.0,200
9619,9925314992,9925314991,6.31,secondary,40.0,200
9620,9925314992,6607668198,38.68,tertiary,30.0,100
9621,9925314993,9925314992,2.59,secondary,40.0,200
9622,9925314998,9925314999,11.16,secondary,40.0,200
9623,9925314998,414726599,185.89,secondary,40.0,200
9624,9925314999,9925315000,5.02,secondary,40.0,200
9625,9925315000,13818959076,10.02,secondary,40.0,200
9626,9925315000,9925314993,10.7,secondary,40.0,200
9627,9925315011,414721608,287.25,tertiary,30.0,100
9628,9925315011,5923862821,138.14,secondary,40.0,200
9629,9925315038,9925315040,184.09,trunk,60.0,400
9630,9925315040,8493462503,21.24,trunk,60.0,400
9631,9929331421,9929331422,21.43,tertiary,30.0,100
9632,9929331421,1960732625,40.82,trunk_link,50.0,350
9633,9929331422,9929331421,21.43,tertiary,30.0,100
9634,9929331422,13757859361,332.14,tertiary,30.0,100
9635,9929331422,13329699587,358.95,tertiary,30.0,100
9636,9931191124,6243685417,37.81,tertiary,30.0,100
9637,9931191124,6243685412,294.62,motorway_link,70.0,450
9638,9931191124,482229835,981.47,tertiary,30.0,100
9639,9931893591,10653480123,13.46,tertiary,30.0,100
9640,9931893591,4357300487,1214.72,tertiary,30.0,100
9641,9931893591,2246472380,663.27,tertiary,30.0,100
9642,9936124555,1647016714,11.67,secondary,40.0,200
9643,9936124555,5923862777,254.61,secondary,40.0,200
9644,9936124555,10196782306,652.67,secondary,40.0,200
9645,9936198618,12367062103,101.07,motorway_link,70.0,450
9646,9936198618,12357694283,107.66,tertiary,30.0,100
9647,9936198632,9936198617,160.03,motorway,80.0,500
9648,9936198659,245658898,107.39,motorway_link,70.0,450
9649,9936198659,12357694283,86.97,motorway_link,70.0,450
9650,9936198672,11954176572,991.17,motorway_link,70.0,450
9651,9936198672,11954164166,815.31,motorway_link,70.0,450
9652,9942486328,1366987045,41.53,secondary,40.0,200
9653,9942486328,13031507246,10.74,trunk,60.0,400
9654,9952087233,462261958,491.64,tertiary,30.0,100
9655,9952087233,13951837185,15.27,tertiary,30.0,100
9656,9952087233,13951837180,34.97,primary_link,40.0,250
9657,9952087235,296353488,9.13,tertiary,30.0,100
9658,9952087235,13951837180,34.78,primary,50.0,300
9659,9955110357,13800763877,43.51,secondary,40.0,200
9660,9955110357,1235720483,801.44,secondary,40.0,200
9661,9955110405,9955110406,12.84,tertiary_link,25.0,80
9662,9955110405,7358719684,173.42,tertiary,30.0,100
9663,9955110406,9955110405,12.84,tertiary_link,25.0,80
9664,9955110406,13284961602,180.89,tertiary,30.0,100
9665,9955110407,9955110413,15.69,secondary,40.0,200
9666,9955110409,9955122519,18.66,secondary,40.0,200
9667,9955110410,9955110409,12.98,secondary,40.0,200
9668,9955110410,7358192348,74.65,tertiary,30.0,100
9669,9955110411,9955110410,17.1,secondary,40.0,200
9670,9955110412,8592017259,12.45,secondary,40.0,200
9671,9955110413,1182335016,332.39,tertiary,30.0,100
9672,9955110413,9955110412,17.39,secondary,40.0,200
9673,9955122519,7358292807,783.36,secondary,40.0,200
9674,9955122519,9955110407,20.51,secondary,40.0,200
9675,9956773846,13801056737,18.84,tertiary,30.0,100
9676,9956773849,5378007196,48.68,tertiary,30.0,100
9677,9958608572,1651530966,410.58,tertiary,30.0,100
9678,9969180380,9969180381,8.06,secondary_link,35.0,150
9679,9969180380,7398098987,798.86,secondary,40.0,200
9680,9969180381,9969180380,8.06,secondary_link,35.0,150
9681,9969180381,1934768165,117.4,secondary,40.0,200
9682,9972058097,2249330788,37.32,tertiary,30.0,100
9683,9972058097,7377462937,92.0,tertiary,30.0,100
9684,9973027426,2493158941,9.52,secondary,40.0,200
9685,9979171945,347194070,261.77,tertiary,30.0,100
9686,9979171945,471556497,108.43,tertiary,30.0,100
9687,9979171948,347194070,8.64,secondary,40.0,200
9688,9979171948,9979171945,265.25,tertiary,30.0,100
9689,9979171956,9979171965,9.32,primary,50.0,300
9690,9979171957,9979171948,10.78,tertiary,30.0,100
9691,9979171957,5887563939,88.06,secondary,40.0,200
9692,9979171964,245667153,9.42,primary,50.0,300
9693,9979171964,9979171957,384.17,tertiary,30.0,100
9694,9979171965,9979171964,16.79,tertiary,30.0,100
9695,9979171965,1936355375,413.53,primary,50.0,300
9696,9985506399,245669274,20.36,tertiary,30.0,100
9697,9985506406,9985506399,265.3,tertiary,30.0,100
9698,9985506406,1913053572,792.84,primary,50.0,300
9699,9985506415,9985506416,10.3,primary,50.0,300
9700,9985506415,1936355451,620.23,primary,50.0,300
9701,9985506416,245669231,8.1,primary,50.0,300
9702,9985506416,10877179697,368.79,secondary,40.0,200
9703,9985517318,13525948592,58.31,primary,50.0,300
9704,9991999290,9991999303,7.26,tertiary_link,25.0,80
9705,9991999290,10765194734,166.55,tertiary,30.0,100
9706,9991999291,10279333667,9.29,tertiary,30.0,100
9707,9991999291,866835090,310.97,tertiary,30.0,100
9708,9991999301,866758828,6.27,tertiary,30.0,100
9709,9991999301,866835027,98.96,tertiary,30.0,100
9710,9991999301,9991999291,629.03,tertiary,30.0,100
9711,9991999303,9991999290,7.26,tertiary_link,25.0,80
9712,9991999303,866726945,85.1,tertiary,30.0,100
9713,10001764598,12393472130,9.55,tertiary,30.0,100
9714,10001764598,1936355426,303.15,primary,50.0,300
9715,10005632789,7371953277,33.63,tertiary,30.0,100
9716,10005632789,623038359,24.54,tertiary,30.0,100
9717,10005632789,623881375,388.78,tertiary,30.0,100
9718,10017305035,10017305036,8.54,tertiary,30.0,100
9719,10017305035,10023271205,720.71,tertiary,30.0,100
9720,10017305036,10017305035,8.54,tertiary,30.0,100
9721,10017305036,10017305038,22.4,tertiary,30.0,100
9722,10017305037,10017305038,7.08,tertiary,30.0,100
9723,10017305037,10017305035,23.61,tertiary,30.0,100
9724,10017305038,10017305037,7.08,tertiary,30.0,100
9725,10017305038,630700075,100.1,tertiary,30.0,100
9726,10017787219,245655046,7.93,secondary,40.0,200
9727,10017787219,5878590700,384.25,secondary,40.0,200
9728,10023271198,10023271199,37.98,secondary,40.0,200
9729,10023271198,1861339112,274.03,trunk_link,50.0,350
9730,10023271199,5969984648,12.41,trunk_link,50.0,350
9731,10023271199,13900426717,51.2,secondary,40.0,200
9732,10023271200,13580388017,70.45,secondary,40.0,200
9733,10023271200,5969984647,11.81,tertiary,30.0,100
9734,10023271200,13900426720,12.44,tertiary,30.0,100
9735,10023271204,10023271205,9.34,secondary,40.0,200
9736,10023271204,13580405628,661.24,tertiary,30.0,100
9737,10023271205,6274819761,8.39,secondary,40.0,200
9738,10023271205,5969985441,33.52,tertiary,30.0,100
9739,10026289247,13747643735,11.9,secondary,40.0,200
9740,10026289247,13747643733,14.11,tertiary,30.0,100
9741,10026289257,10026289258,6.38,tertiary_link,25.0,80
9742,10026289257,245670797,70.19,tertiary,30.0,100
9743,10026289258,10026289257,6.38,tertiary_link,25.0,80
9744,10026289258,13476803593,16.95,tertiary,30.0,100
9745,10044201331,12243225438,31.35,trunk,60.0,400
9746,10044201331,13615156515,103.69,tertiary,30.0,100
9747,10054380639,414595016,215.41,tertiary,30.0,100
9748,10054380639,414726599,233.92,tertiary,30.0,100
9749,10054380639,7239257007,47.5,tertiary,30.0,100
9750,10061003741,4264598312,183.86,secondary,40.0,200
9751,10072781495,7103910192,391.92,tertiary,30.0,100
9752,10072781495,10168886525,374.15,tertiary,30.0,100
9753,10074701685,10074701686,11.52,tertiary_link,25.0,80
9754,10074701685,13803573657,42.91,tertiary,30.0,100
9755,10074701686,10074701685,11.52,tertiary_link,25.0,80
9756,10074701686,13803573659,63.65,tertiary,30.0,100
9757,10079336604,12296544498,9.26,tertiary,30.0,100
9758,10079336604,3105782022,142.15,tertiary,30.0,100
9759,10081148282,245668398,12.34,trunk,60.0,400
9760,10081148282,12079658306,108.83,tertiary,30.0,100
9761,10081148287,245668408,14.1,tertiary,30.0,100
9762,10081148287,245668408,132.66,tertiary,30.0,100
9763,10081148287,245668344,108.78,tertiary,30.0,100
9764,10082236368,347195204,173.82,tertiary,30.0,100
9765,10082236368,7298842020,372.53,tertiary,30.0,100
9766,10082236369,10082236370,9.41,tertiary,30.0,100
9767,10082236369,13522455350,135.29,secondary,40.0,200
9768,10082236370,7298842020,5.78,secondary,40.0,200
9769,10082236370,10082236368,375.71,tertiary,30.0,100
9770,10089667071,5494560187,21.34,secondary,40.0,200
9771,10089667071,346644270,84.87,secondary,40.0,200
9772,10089667078,13508522906,29.38,secondary,40.0,200
9773,10089667078,10089667079,9.1,secondary,40.0,200
9774,10089667079,7206407288,7.82,secondary,40.0,200
9775,10091403656,13616325515,6.09,tertiary_link,25.0,80
9776,10091403656,13617040696,70.04,tertiary,30.0,100
9777,10091403659,296853793,74.13,primary,50.0,300
9778,10093838939,13778926638,42.43,secondary,40.0,200
9779,10093838939,13654758670,10.5,tertiary,30.0,100
9780,10093838969,1375170621,5.99,tertiary,30.0,100
9781,10098502200,13877892995,4.04,tertiary,30.0,100
9782,10098502200,245672136,5.83,tertiary,30.0,100
9783,10098502200,245671994,137.49,tertiary,30.0,100
9784,10099005667,6618302834,47.13,primary,50.0,300
9785,10099954517,768595237,295.6,primary,50.0,300
9786,10100669503,10279602936,10.7,tertiary,30.0,100
9787,10100669503,245671926,36.88,tertiary,30.0,100
9788,10106787077,13830121867,63.72,secondary,40.0,200
9789,10106787077,13830144962,10.03,secondary,40.0,200
9790,10107630356,10107630362,8.0,tertiary,30.0,100
9791,10107630356,245675162,596.1,tertiary,30.0,100
9792,10107630356,12395671875,246.88,tertiary,30.0,100
9793,10107630357,5172459965,11.09,tertiary,30.0,100
9794,10107630357,884198587,394.62,secondary,40.0,200
9795,10107630362,10107630356,8.0,tertiary,30.0,100
9796,10107630362,13857111123,405.46,tertiary,30.0,100
9797,10108007321,10108007322,9.12,tertiary_link,25.0,80
9798,10108007321,11826800941,317.85,tertiary,30.0,100
9799,10108007322,10108007321,9.12,tertiary_link,25.0,80
9800,10108007322,13778926631,125.19,tertiary,30.0,100
9801,10110467909,10110467910,7.92,tertiary_link,25.0,80
9802,10110467909,619166257,1052.33,tertiary,30.0,100
9803,10110467910,10110467909,7.92,tertiary_link,25.0,80
9804,10110467910,10880324989,128.13,tertiary,30.0,100
9805,10110799432,245681236,8.51,tertiary,30.0,100
9806,10110799432,10956910757,343.92,tertiary,30.0,100
9807,10110799432,245681405,253.51,tertiary,30.0,100
9808,10112883700,1960734773,97.54,trunk,60.0,400
9809,10116201901,1336410623,285.6,secondary,40.0,200
9810,10116201901,10116201902,39.44,secondary,40.0,200
9811,10116201902,10116201908,32.55,secondary,40.0,200
9812,10116201902,6586019606,31.87,secondary_link,35.0,150
9813,10116201906,10116201907,25.96,secondary,40.0,200
9814,10116201906,1366794970,38.88,secondary,40.0,200
9815,10116201907,2966389856,36.94,secondary,40.0,200
9816,10116201907,10116201908,11.27,secondary,40.0,200
9817,10116201908,245665060,25.1,secondary,40.0,200
9818,10116201908,6586019606,21.71,secondary,40.0,200
9819,10127913586,10127913587,7.26,primary_link,40.0,250
9820,10127913586,2443096204,23.41,primary,50.0,300
9821,10127913587,10127913586,7.26,primary_link,40.0,250
9822,10127913587,2216800747,195.57,primary,50.0,300
9823,10131724354,13720643005,3.63,tertiary,30.0,100
9824,10131724355,13720601493,4.27,tertiary,30.0,100
9825,10131724356,10131724355,8.83,tertiary,30.0,100
9826,10131724356,1177243204,344.97,tertiary,30.0,100
9827,10134735413,10134735415,14.79,primary,50.0,300
9828,10134735414,1398117066,46.57,tertiary,30.0,100
9829,10134735415,1647344937,23.7,primary,50.0,300
9830,10134735415,10134735416,14.08,tertiary,30.0,100
9831,10134735416,245664830,17.89,primary,50.0,300
9832,10134735416,10134735414,40.8,tertiary,30.0,100
9833,10151560371,1366857555,9.79,secondary,40.0,200
9834,10151560371,1366857439,1313.83,secondary,40.0,200
9835,10151560371,10306082438,216.08,secondary,40.0,200
9836,10156895294,13748560588,707.0,tertiary,30.0,100
9837,10156895294,1180830444,152.59,tertiary,30.0,100
9838,10168211183,10956744332,649.24,tertiary,30.0,100
9839,10168211183,12438442939,4.01,secondary,40.0,200
9840,10168211190,7361584928,6.1,tertiary,30.0,100
9841,10168211190,245681894,108.8,tertiary,30.0,100
9842,10168211190,10168211183,275.25,secondary,40.0,200
9843,10168211197,245681962,7.46,tertiary,30.0,100
9844,10168211197,11927518733,340.99,tertiary,30.0,100
9845,10168211197,10168211190,380.61,secondary,40.0,200
9846,10168211200,245681963,5.57,tertiary,30.0,100
9847,10168211200,10168211197,180.31,secondary,40.0,200
9848,10168886524,10168886529,29.58,secondary,40.0,200
9849,10168886524,10168886525,11.81,tertiary,30.0,100
9850,10168886524,10168886526,55.68,tertiary,30.0,100
9851,10168886525,6119066789,20.14,secondary,40.0,200
9852,10168886525,10168886524,11.81,tertiary,30.0,100
9853,10168886525,10072781495,374.15,tertiary,30.0,100
9854,10168886526,10168886524,55.68,tertiary,30.0,100
9855,10168886526,10168886529,52.82,secondary_link,35.0,150
9856,10168886529,7398093906,120.99,secondary,40.0,200
9857,10171212565,13911665120,7.51,tertiary_link,25.0,80
9858,10171212565,13882649331,82.61,tertiary,30.0,100
9859,10171212578,1288998782,7.41,tertiary,30.0,100
9860,10171212578,13880416042,173.51,tertiary,30.0,100
9861,10171361140,245665949,12.92,tertiary,30.0,100
9862,10171361140,245665964,137.08,tertiary,30.0,100
9863,10171361140,6926138475,33.86,tertiary,30.0,100
9864,10171361141,245665948,12.93,tertiary,30.0,100
9865,10171361141,2248781882,34.79,tertiary,30.0,100
9866,10173255201,10920909532,295.09,secondary,40.0,200
9867,10173255201,10173255202,24.88,secondary,40.0,200
9868,10173255202,245673271,8.99,secondary,40.0,200
9869,10173255202,3878413343,442.04,secondary,40.0,200
9870,10173255202,10277591787,311.65,secondary,40.0,200
9871,10173512310,1960735545,26.02,secondary,40.0,200
9872,10173512310,1027916975,212.95,primary,50.0,300
9873,10173512311,10173512310,9.48,primary,50.0,300
9874,10174843049,1288998788,5.66,tertiary_link,25.0,80
9875,10174843049,13880416060,78.27,tertiary,30.0,100
9876,10174843051,13880416040,16.8,tertiary,30.0,100
9877,10174843051,13880416038,7.29,tertiary_link,25.0,80
9878,10196684383,1960732549,12.49,tertiary,30.0,100
9879,10196684383,1960732441,209.54,secondary,40.0,200
9880,10196782306,7687784341,283.63,primary,50.0,300
9881,10198760881,245672447,10.87,tertiary,30.0,100
9882,10198760881,13877892995,301.65,tertiary,30.0,100
9883,10198760881,13390248500,142.81,tertiary,30.0,100
9884,10198760884,10886219106,9.81,tertiary,30.0,100
9885,10198760884,4759328596,285.36,tertiary,30.0,100
9886,10198760885,4759328550,6.83,tertiary,30.0,100
9887,10198760885,5994888011,300.66,tertiary,30.0,100
9888,10199556121,12093130023,10.72,tertiary,30.0,100
9889,10199556121,1644082010,250.06,primary,50.0,300
9890,10199556125,5841547800,13.94,primary,50.0,300
9891,10199556125,12093130024,12.56,tertiary,30.0,100
9892,10207278292,7371795866,515.38,tertiary,30.0,100
9893,10207278292,13528895060,53.18,tertiary,30.0,100
9894,10207309407,10936517727,7.94,tertiary,30.0,100
9895,10207309407,10936517727,134.64,tertiary,30.0,100
9896,10207309411,245668306,5.92,tertiary_link,25.0,80
9897,10207309411,13725384759,510.48,tertiary,30.0,100
9898,10207331617,11603190365,102.32,tertiary,30.0,100
9899,10207331617,2246472414,10.33,tertiary_link,25.0,80
9900,10207331621,2804574485,203.89,tertiary,30.0,100
9901,10207331622,7383907141,7.67,tertiary_link,25.0,80
9902,10207331622,10207331621,175.66,tertiary,30.0,100
9903,10207346702,13677025261,19.7,secondary,40.0,200
9904,10207346702,10266957922,11.12,secondary,40.0,200
9905,10207346709,13677025258,528.76,secondary,40.0,200
9906,10207346710,245664869,11.74,trunk,60.0,400
9907,10207346710,10207346709,25.99,secondary,40.0,200
9908,10207346711,10207346710,18.1,secondary,40.0,200
9909,10207346711,2629741753,102.59,trunk,60.0,400
9910,10207346714,2248802401,14.49,tertiary,30.0,100
9911,10207346714,4362728160,103.5,tertiary,30.0,100
9912,10207346714,10207346711,185.67,secondary,40.0,200
9913,10207346716,10279771680,7.96,secondary,40.0,200
9914,10207346716,5792167748,15.16,trunk,60.0,400
9915,10207397917,10207346716,37.66,secondary,40.0,200
9916,10207397917,1642951893,378.95,trunk_link,50.0,350
9917,10207397918,1643351843,12.27,tertiary,30.0,100
9918,10207397918,10207397917,8.13,secondary,40.0,200
9919,10207397918,13055928897,1011.76,tertiary,30.0,100
9920,10207397921,1367092952,10.97,tertiary,30.0,100
9921,10207397921,1367093183,1101.96,tertiary,30.0,100
9922,10207397921,10207397918,161.11,secondary,40.0,200
9923,10207397922,10207397921,45.34,secondary,40.0,200
9924,10207397922,13676994254,11.05,secondary_link,35.0,150
9925,10207397924,2246471647,14.17,tertiary,30.0,100
9926,10207397924,1367093183,1297.33,tertiary,30.0,100
9927,10207397924,10750564862,152.48,secondary,40.0,200
9928,10207397928,10882788616,10.61,secondary,40.0,200
9929,10207397928,2804444332,775.15,secondary,40.0,200
9930,10207397934,1654348910,15.03,tertiary,30.0,100
9931,10207397934,10207397924,107.89,secondary,40.0,200
9932,10209609633,10277636651,9.97,tertiary,30.0,100
9933,10209609633,630298120,588.39,secondary,40.0,200
9934,10209641926,10277717600,418.89,tertiary,30.0,100
9935,10209641926,10209641929,9.5,tertiary_link,25.0,80
9936,10209641929,5921458122,555.95,tertiary,30.0,100
9937,10209641929,10209641926,9.5,tertiary_link,25.0,80
9938,10211936519,5938773155,85.56,trunk_link,50.0,350
9939,10211936519,10211936520,41.84,trunk_link,50.0,350
9940,10211936520,10211936519,41.84,trunk_link,50.0,350
9941,10211936520,1318654999,214.7,trunk_link,50.0,350
9942,10216570896,13055928897,18.12,trunk_link,50.0,350
9943,10216570896,1232644505,344.98,trunk,60.0,400
9944,10224997234,9115710877,11.8,secondary,40.0,200
9945,10224997234,619169811,643.05,primary,50.0,300
9946,10225596845,884429979,15.86,tertiary,30.0,100
9947,10225596845,13757945179,305.97,primary,50.0,300
9948,10225596847,10225596852,41.07,tertiary_link,25.0,80
9949,10225596847,884429979,26.95,primary,50.0,300
9950,10225596851,13925653056,12.16,tertiary,30.0,100
9951,10225596852,519469451,199.27,tertiary,30.0,100
9952,10225596953,519469509,9.49,tertiary,30.0,100
9953,10225596953,9884931950,299.76,tertiary,30.0,100
9954,10226925141,13820969941,40.95,tertiary,30.0,100
9955,10226925141,10226925142,39.96,tertiary,30.0,100
9956,10226925142,10614318018,139.71,tertiary,30.0,100
9957,10229985329,10229985330,22.13,primary_link,40.0,250
9958,10229985329,10878020686,337.02,primary,50.0,300
9959,10229985330,10229985329,22.13,primary_link,40.0,250
9960,10229985330,13717731388,222.07,primary,50.0,300
9961,10232942652,245657056,23.66,tertiary,30.0,100
9962,10232942652,7379493826,98.5,tertiary,30.0,100
9963,10232942652,10281786083,261.66,tertiary,30.0,100
9964,10232962358,10232962359,11.4,trunk_link,50.0,350
9965,10232962358,5923939973,47.84,tertiary,30.0,100
9966,10232962358,5923939970,153.98,tertiary,30.0,100
9967,10232962359,13788778713,64.12,trunk,60.0,400
9968,10232962359,10232962358,11.4,trunk_link,50.0,350
9969,10243354692,10243354694,16.83,tertiary,30.0,100
9970,10243354692,13717877799,20.2,tertiary,30.0,100
9971,10243354694,10279934754,7.81,tertiary,30.0,100
9972,10243941079,1182558489,13.86,tertiary,30.0,100
9973,10243941079,13569884695,489.32,tertiary,30.0,100
9974,10243941080,10243941079,9.51,tertiary,30.0,100
9975,10243941080,10243941091,36.06,tertiary,30.0,100
9976,10243941083,13580147237,449.98,tertiary,30.0,100
9977,10243941083,10243941080,43.17,tertiary,30.0,100
9978,10243941088,10243941080,11.63,tertiary,30.0,100
9979,10243941088,10243941083,47.03,tertiary,30.0,100
9980,10243941091,1388354096,226.71,tertiary,30.0,100
9981,10243941091,10243941079,41.08,tertiary,30.0,100
9982,10244218140,5841547810,1527.48,tertiary,30.0,100
9983,10244218140,13584286079,127.13,tertiary,30.0,100
9984,10244259977,278918844,548.37,secondary,40.0,200
9985,10244259977,10279857160,624.16,secondary,40.0,200
9986,10244259977,632311715,2072.77,tertiary,30.0,100
9987,10244259988,10279857152,10.77,secondary_link,35.0,150
9988,10244259988,10279857155,30.07,secondary,40.0,200
9989,10244260001,2248800994,8.4,secondary_link,35.0,150
9990,10244260001,13676889442,85.13,secondary,40.0,200
9991,10244260002,632299700,9.01,secondary,40.0,200
9992,10244260002,10244260001,37.31,secondary,40.0,200
9993,10244260002,2248801048,35.64,secondary,40.0,200
9994,10245111440,13580034525,31.02,tertiary,30.0,100
9995,10245111440,13592000219,36.03,tertiary,30.0,100
9996,10245359654,5839628054,238.46,tertiary,30.0,100
9997,10245359654,1386573931,53.79,tertiary,30.0,100
9998,10245973641,519469646,9.97,tertiary,30.0,100
9999,10245973641,12317731290,132.07,tertiary,30.0,100
10000,10245973641,13944693735,56.05,tertiary,30.0,100
10001,10245973643,10225596953,8.59,tertiary,30.0,100
10002,10245973643,10225596845,125.43,tertiary,30.0,100
10003,10247313328,10247313335,25.39,secondary,40.0,200
10004,10247313329,443799834,12.4,secondary,40.0,200
10005,10247313329,10247313328,302.91,secondary,40.0,200
10006,10247313330,1960733168,16.38,secondary,40.0,200
10007,10247313331,1960733120,450.73,secondary,40.0,200
10008,10247313331,10247313330,17.93,secondary,40.0,200
10009,10247313332,10247313331,15.8,secondary,40.0,200
10010,10247313333,6601751017,552.47,secondary,40.0,200
10011,10247313333,10247313332,16.1,secondary,40.0,200
10012,10247313334,10247313333,17.2,secondary,40.0,200
10013,10247313335,1647048997,215.37,tertiary,30.0,100
10014,10247313335,10247313334,16.17,secondary,40.0,200
10015,10247313344,6017561677,1302.0,tertiary,30.0,100
10016,10247313344,10247313345,14.23,tertiary,30.0,100
10017,10247313345,9587618666,418.36,tertiary,30.0,100
10018,10247313345,10247313346,9.46,tertiary,30.0,100
10019,10247313346,10247313344,63.8,tertiary,30.0,100
10020,10248977459,7377674137,10.47,tertiary,30.0,100
10021,10248977459,1353464530,333.8,secondary,40.0,200
10022,10248977467,3736838666,7.03,tertiary,30.0,100
10023,10248977467,9708696939,336.6,tertiary,30.0,100
10024,10248977468,9708696939,14.45,tertiary,30.0,100
10025,10248977468,3736838666,326.06,tertiary,30.0,100
10026,10251547847,1960734972,7.24,tertiary,30.0,100
10027,10251547847,8531005259,31.92,secondary,40.0,200
10028,10251547865,10251547866,16.43,tertiary,30.0,100
10029,10251547865,10279403407,336.42,trunk,60.0,400
10030,10251547866,10251547869,13.39,trunk,60.0,400
10031,10251547869,1182363483,17.19,tertiary,30.0,100
10032,10251547869,5923939970,14.14,tertiary,30.0,100
10033,10251547869,1960734822,107.48,trunk,60.0,400
10034,10251547870,5913743697,21.57,tertiary,30.0,100
10035,10251547870,8592800200,478.97,secondary,40.0,200
10036,10251547870,13734499236,1017.98,tertiary,30.0,100
10037,10254904765,6430474047,123.43,primary,50.0,300
10038,10254904765,6430399597,13.97,primary_link,40.0,250
10039,10258911097,519469450,6.14,tertiary,30.0,100
10040,10258911097,9884840342,208.88,tertiary,30.0,100
10041,10260826682,1596008552,6.41,secondary,40.0,200
10042,10260826682,13580034518,450.39,secondary,40.0,200
10043,10260826682,10886182064,51.46,secondary,40.0,200
10044,10260826686,10886175646,210.38,secondary,40.0,200
10045,10260826686,10886182067,110.97,secondary,40.0,200
10046,10260888814,1386641222,24.22,tertiary,30.0,100
10047,10260888814,2440235113,8.6,tertiary,30.0,100
10048,10260888814,13900840424,444.82,tertiary,30.0,100
10049,10260888815,10260888814,22.49,tertiary,30.0,100
10050,10260888816,5924612061,8.97,primary,50.0,300
10051,10260888816,10260888815,17.52,tertiary,30.0,100
10052,10264297672,10264297673,9.71,tertiary,30.0,100
10053,10264297672,13681073488,38.67,secondary,40.0,200
10054,10264297673,1367093155,6.64,secondary,40.0,200
10055,10264297673,13789266317,524.85,tertiary,30.0,100
10056,10264297687,10264297688,8.28,tertiary,30.0,100
10057,10264297687,13681073487,227.72,secondary,40.0,200
10058,10264297688,10264297689,7.46,secondary,40.0,200
10059,10264297689,10207397928,13.94,secondary,40.0,200
10060,10264297689,1367093074,8.18,tertiary,30.0,100
10061,10264297691,10264297672,6.91,secondary,40.0,200
10062,10264514244,7398169355,6.29,secondary,40.0,200
10063,10264514244,7398169359,115.54,primary,50.0,300
10064,10264617831,6552380192,15.3,secondary,40.0,200
10065,10264617831,6552380193,30.31,secondary_link,35.0,150
10066,10264617834,10882649104,171.47,tertiary,30.0,100
10067,10264617837,10653552916,22.45,secondary,40.0,200
10068,10265648784,245667819,265.89,trunk_link,50.0,350
10069,10265648784,13077461203,1695.95,trunk,60.0,400
10070,10265662174,622042582,45.31,trunk,60.0,400
10071,10265662174,622042581,86.75,trunk_link,50.0,350
10072,10265662175,10265662174,41.47,trunk,60.0,400
10073,10265662175,12406085638,134.01,trunk_link,50.0,350
10074,10265837614,6552758948,274.71,primary,50.0,300
10075,10265837614,4357358592,1250.75,primary,50.0,300
10076,10265837619,1366009077,71.93,tertiary_link,25.0,80
10077,10265837619,12430188034,158.36,trunk_link,50.0,350
10078,10265870154,1184070632,13.82,tertiary,30.0,100
10079,10265870154,1184071565,328.99,tertiary,30.0,100
10080,10266102462,2622177324,6.14,primary,50.0,300
10081,10266102462,13800180722,50.11,tertiary,30.0,100
10082,10266957922,10266957923,7.53,secondary,40.0,200
10083,10266957923,632313012,9.67,secondary,40.0,200
10084,10266957923,13676889430,27.23,secondary,40.0,200
10085,10267187204,3217430317,11.3,primary_link,40.0,250
10086,10268111711,10653828790,369.24,trunk_link,50.0,350
10087,10268111711,2264152069,752.65,trunk,60.0,400
10088,10271314344,245659749,769.96,secondary,40.0,200
10089,10272736790,5342165308,12.03,primary,50.0,300
10090,10272736790,7043548004,112.13,primary,50.0,300
10091,10273014620,2250795693,36.24,motorway_link,70.0,450
10092,10273014620,593054810,389.81,motorway,80.0,500
10093,10273617618,5488442638,14.43,primary_link,40.0,250
10094,10273617618,12125883925,639.56,primary,50.0,300
10095,10273617655,1392429436,36.86,tertiary,30.0,100
10096,10273617655,1936355587,23.9,primary,50.0,300
10097,10274112134,1936355567,3.97,primary,50.0,300
10098,10274112134,10274112136,343.9,secondary,40.0,200
10099,10274112136,1936355567,344.98,secondary,40.0,200
10100,10274112136,1913053670,332.76,secondary,40.0,200
10101,10274112167,1913053599,8.1,tertiary,30.0,100
10102,10274112167,12082858148,23.13,tertiary,30.0,100
10103,10274112204,6638816988,8.88,primary_link,40.0,250
10104,10275432944,13733935625,62.46,secondary,40.0,200
10105,10275432944,10275432946,46.61,secondary_link,35.0,150
10106,10275432946,2251057079,346.43,secondary,40.0,200
10107,10275432946,10275432944,46.61,secondary_link,35.0,150
10108,10275495179,5924611756,282.78,secondary,40.0,200
10109,10275495179,13580567012,81.57,secondary,40.0,200
10110,10275495182,1388354213,5.64,secondary,40.0,200
10111,10275495182,10260826682,68.69,secondary,40.0,200
10112,10275948052,10279523297,435.26,tertiary,30.0,100
10113,10275948052,1647016078,867.11,tertiary,30.0,100
10114,10277239762,1651530910,8.74,tertiary,30.0,100
10115,10277239762,11061137673,1141.28,tertiary,30.0,100
10116,10277239768,10277239762,9.48,tertiary,30.0,100
10117,10277239768,1651530910,11.07,tertiary,30.0,100
10118,10277239769,10277239771,39.47,tertiary,30.0,100
10119,10277239769,10277239770,9.17,tertiary,30.0,100
10120,10277239770,1651530930,41.94,tertiary,30.0,100
10121,10277239770,10277239769,9.17,tertiary,30.0,100
10122,10277239771,10277239772,9.29,tertiary_link,25.0,80
10123,10277239771,10277239768,265.54,tertiary,30.0,100
10124,10277239772,10277239770,40.19,tertiary,30.0,100
10125,10277239772,10277239771,9.29,tertiary_link,25.0,80
10126,10277245410,1651537107,29.36,secondary_link,35.0,150
10127,10277245410,13598655827,235.61,secondary,40.0,200
10128,10277254601,10277314317,704.59,tertiary,30.0,100
10129,10277254601,10277254607,23.92,tertiary,30.0,100
10130,10277254604,9713144363,507.7,tertiary,30.0,100
10131,10277254604,10277254601,14.67,tertiary,30.0,100
10132,10277254607,245682042,43.2,tertiary,30.0,100
10133,10277254607,10277254604,17.64,tertiary,30.0,100
10134,10277265394,13681043574,8.32,secondary_link,35.0,150
10135,10277265394,10277304517,41.32,secondary,40.0,200
10136,10277265407,13681043576,11.08,secondary_link,35.0,150
10137,10277265407,13681043579,165.27,secondary,40.0,200
10138,10277271915,648865107,18.39,tertiary,30.0,100
10139,10277271915,9130240888,588.83,tertiary,30.0,100
10140,10277271915,2249163963,1227.87,tertiary,30.0,100
10141,10277271920,8695912820,41.19,tertiary,30.0,100
10142,10277277831,245682714,13.1,tertiary,30.0,100
10143,10277277831,10880324974,4.47,tertiary,30.0,100
10144,10277277831,13467861326,336.39,secondary,40.0,200
10145,10277277840,245682912,10.79,tertiary,30.0,100
10146,10277277840,10277277831,735.29,secondary,40.0,200
10147,10277277840,1511336025,301.84,tertiary,30.0,100
10148,10277277846,10877132886,6.75,secondary,40.0,200
10149,10277277850,7331456320,11.28,primary,50.0,300
10150,10277277850,10277277846,304.84,secondary,40.0,200
10151,10277277855,1480129878,11.96,trunk_link,50.0,350
10152,10277277855,10277277850,171.72,primary,50.0,300
10153,10277304359,10277304360,14.85,tertiary,30.0,100
10154,10277304359,7345377675,735.2,tertiary,30.0,100
10155,10277304360,629017418,13.05,tertiary,30.0,100
10156,10277304360,13648994720,17.48,tertiary,30.0,100
10157,10277304363,9115783837,633.83,primary,50.0,300
10158,10277304366,10277304363,46.42,primary_link,40.0,250
10159,10277304366,7345211334,29.94,secondary,40.0,200
10160,10277304514,245682398,8.77,secondary_link,35.0,150
10161,10277304514,10277265407,368.94,secondary,40.0,200
10162,10277304517,245682025,6.51,secondary,40.0,200
10163,10277304517,619166256,569.87,secondary,40.0,200
10164,10277311792,969893684,878.58,tertiary,30.0,100
10165,10277311792,13466585240,164.89,tertiary,30.0,100
10166,10277311794,10880461004,10.21,tertiary,30.0,100
10167,10277311794,13817629810,91.68,secondary,40.0,200
10168,10277314001,10277314002,24.35,tertiary,30.0,100
10169,10277314001,9697895007,330.64,tertiary,30.0,100
10170,10277314002,9697896121,16.87,tertiary,30.0,100
10171,10277314310,10277314311,7.87,tertiary,30.0,100
10172,10277314310,2399395004,278.27,secondary,40.0,200
10173,10277314311,2562413149,10.74,secondary,40.0,200
10174,10277314311,245682254,24.8,tertiary,30.0,100
10175,10277314312,10277314310,91.68,tertiary,30.0,100
10176,10277314312,10277314313,9.84,tertiary,30.0,100
10177,10277314313,245682242,74.66,tertiary,30.0,100
10178,10277314313,10277314312,9.84,tertiary,30.0,100
10179,10277314316,10277314318,8.27,tertiary,30.0,100
10180,10277314316,7396757087,104.8,tertiary,30.0,100
10181,10277314317,10277314316,9.34,tertiary,30.0,100
10182,10277314317,10277254601,704.59,tertiary,30.0,100
10183,10277314318,10277314317,9.03,tertiary,30.0,100
10184,10277314318,10277314316,8.27,tertiary,30.0,100
10185,10277314332,10277314340,3.7,tertiary,30.0,100
10186,10277314332,7366127469,102.48,tertiary,30.0,100
10187,10277314338,7358502414,88.12,tertiary,30.0,100
10188,10277314338,10277314345,15.06,tertiary,30.0,100
10189,10277314340,10277314338,7.89,tertiary,30.0,100
10190,10277314342,7377674116,322.68,tertiary,30.0,100
10191,10277314342,10277314348,14.61,tertiary,30.0,100
10192,10277314345,10277314347,4.71,tertiary,30.0,100
10193,10277314347,7396757085,265.22,tertiary,30.0,100
10194,10277314347,10277314349,10.52,tertiary,30.0,100
10195,10277314348,10277314332,13.36,tertiary,30.0,100
10196,10277314349,10277314342,2.16,tertiary,30.0,100
10197,10277333721,10277333722,10.79,secondary_link,35.0,150
10198,10277333721,7331358923,551.03,secondary,40.0,200
10199,10277333722,10277333721,10.79,secondary_link,35.0,150
10200,10277333722,10277333723,285.78,secondary,40.0,200
10201,10277333723,7325017694,11.41,secondary_link,35.0,150
10202,10277333723,628998774,410.24,secondary,40.0,200
10203,10277336164,1375170808,10.86,secondary,40.0,200
10204,10277336170,1375170809,10.19,tertiary,30.0,100
10205,10277336170,245682208,205.53,tertiary,30.0,100
10206,10277336170,10277336188,343.79,tertiary,30.0,100
10207,10277336188,10277336164,10.29,tertiary,30.0,100
10208,10277336188,7345415530,205.25,secondary,40.0,200
10209,10277336192,10277336193,6.86,tertiary,30.0,100
10210,10277336192,10277336170,608.31,tertiary,30.0,100
10211,10277336193,1375170806,9.99,tertiary,30.0,100
10212,10277336193,10277336200,654.59,tertiary,30.0,100
10213,10277336200,1375170805,8.5,tertiary,30.0,100
10214,10277336200,7345415532,445.69,secondary,40.0,200
10215,10277339572,10277339575,27.17,secondary_link,35.0,150
10216,10277339572,7378436344,22.9,secondary,40.0,200
10217,10277339575,7378448223,129.19,primary,50.0,300
10218,10277339576,7378436346,807.32,secondary,40.0,200
10219,10277339579,7378436343,24.02,primary,50.0,300
10220,10277339579,10277339576,36.63,secondary_link,35.0,150
10221,10277339582,627835038,10.15,tertiary,30.0,100
10222,10277339582,13528270894,11.17,tertiary,30.0,100
10223,10277339582,7392412412,258.39,primary,50.0,300
10224,10277477742,10277477745,8.34,secondary,40.0,200
10225,10277477742,10277477764,180.49,secondary,40.0,200
10226,10277477743,10277477742,7.43,secondary,40.0,200
10227,10277477743,10277477745,9.97,secondary,40.0,200
10228,10277477745,10277477743,9.97,secondary,40.0,200
10229,10277477745,10277477773,40.44,secondary,40.0,200
10230,10277477764,10277477776,18.21,secondary,40.0,200
10231,10277477764,10277477742,180.49,secondary,40.0,200
10232,10277477766,1361563109,9.56,secondary,40.0,200
10233,10277477766,1361561210,53.58,secondary,40.0,200
10234,10277477773,10277477774,8.3,secondary,40.0,200
10235,10277477773,2251057064,487.61,secondary,40.0,200
10236,10277477774,10277477773,8.3,secondary,40.0,200
10237,10277477774,10277477743,37.73,secondary,40.0,200
10238,10277477775,10277477776,8.88,secondary,40.0,200
10239,10277477775,10277477764,18.27,secondary,40.0,200
10240,10277477776,10277477775,8.88,secondary,40.0,200
10241,10277477776,10277477778,146.57,secondary,40.0,200
10242,10277477777,10277477778,8.31,secondary,40.0,200
10243,10277477777,10277477775,142.81,secondary,40.0,200
10244,10277477778,10277477766,120.52,secondary,40.0,200
10245,10277477778,10277477777,8.31,secondary,40.0,200
10246,10277511240,2130331504,13.57,tertiary,30.0,100
10247,10277511240,6130727579,251.15,tertiary,30.0,100
10248,10277511242,10564308399,185.67,tertiary,30.0,100
10249,10277511242,1919644786,10.7,tertiary,30.0,100
10250,10277511253,1343017943,23.98,secondary,40.0,200
10251,10277511253,7388123459,22.27,secondary_link,35.0,150
10252,10277511258,10564266718,201.69,tertiary,30.0,100
10253,10277511258,10277511272,6.71,tertiary,30.0,100
10254,10277511263,1343009437,384.75,tertiary,30.0,100
10255,10277511263,10277511269,10.85,tertiary,30.0,100
10256,10277511269,1343002720,9.38,tertiary,30.0,100
10257,10277511269,10277511258,13.17,tertiary,30.0,100
10258,10277511272,10277511263,19.98,tertiary,30.0,100
10259,10277547712,10277547713,10.32,tertiary_link,25.0,80
10260,10277547712,12408665371,251.11,tertiary,30.0,100
10261,10277547713,10277547712,10.32,tertiary_link,25.0,80
10262,10277547713,1185674179,196.24,tertiary,30.0,100
10263,10277547716,6117653725,37.07,primary,50.0,300
10264,10277547716,10277547720,38.28,primary_link,40.0,250
10265,10277547720,13857379355,205.53,secondary,40.0,200
10266,10277547721,6117653724,31.38,tertiary,30.0,100
10267,10277547721,11991486843,12.48,tertiary_link,25.0,80
10268,10277547721,10277547725,37.73,primary_link,40.0,250
10269,10277547725,9684318527,399.58,primary,50.0,300
10270,10277547726,11827175608,92.49,tertiary,30.0,100
10271,10277547726,13883829865,76.5,tertiary,30.0,100
10272,10277547729,11827175607,10.23,tertiary,30.0,100
10273,10277547729,626539115,6.12,tertiary,30.0,100
10274,10277547729,1072893285,41.5,tertiary,30.0,100
10275,10277547739,4611106873,149.27,secondary,40.0,200
10276,10277590749,11924905690,9.58,secondary,40.0,200
10277,10277590749,1936580349,67.62,primary,50.0,300
10278,10277590753,4697188966,10.41,tertiary,30.0,100
10279,10277590753,13437559874,1143.12,tertiary,30.0,100
10280,10277590753,10277591779,180.19,secondary,40.0,200
10281,10277590767,296852386,9.53,secondary_link,35.0,150
10282,10277590767,10277590753,375.99,secondary,40.0,200
10283,10277590773,296851160,10.76,secondary,40.0,200
10284,10277590773,10277590767,115.51,secondary,40.0,200
10285,10277590774,10277590773,15.64,secondary,40.0,200
10286,10277590774,7157873782,913.51,secondary,40.0,200
10287,10277591779,1646827559,11.0,tertiary,30.0,100
10288,10277591779,10277590749,238.97,secondary,40.0,200
10289,10277591782,10277591783,10.59,secondary,40.0,200
10290,10277591782,296864887,14.77,secondary,40.0,200
10291,10277591783,10277591787,12.89,secondary,40.0,200
10292,10277591783,245673271,316.83,secondary,40.0,200
10293,10277591787,10277591783,12.89,secondary,40.0,200
10294,10277591787,10277591782,9.46,secondary,40.0,200
10295,10277636651,10209609633,9.97,tertiary,30.0,100
10296,10277636651,1651800567,1134.41,tertiary,30.0,100
10297,10277636651,344582458,559.11,secondary,40.0,200
10298,10277636665,344582458,9.67,primary,50.0,300
10299,10277636665,10209609633,553.82,secondary,40.0,200
10300,10277666160,866758828,8.98,tertiary,30.0,100
10301,10277666160,10277666162,201.92,tertiary,30.0,100
10302,10277666162,866749872,10.38,tertiary,30.0,100
10303,10277666162,10277666163,13.02,tertiary,30.0,100
10304,10277666163,10277666162,13.02,tertiary,30.0,100
10305,10277666163,10277666160,192.09,tertiary,30.0,100
10306,10277700917,10277700921,25.81,primary_link,40.0,250
10307,10277700917,4328035957,36.48,secondary,40.0,200
10308,10277700921,347149014,252.29,primary,50.0,300
10309,10277700925,3273736210,644.53,secondary,40.0,200
10310,10277700925,13797636942,75.69,secondary,40.0,200
10311,10277700932,10277700947,17.17,secondary,40.0,200
10312,10277700932,1650716617,37.97,secondary,40.0,200
10313,10277700933,10277700932,16.56,secondary,40.0,200
10314,10277700933,10277700947,14.61,secondary,40.0,200
10315,10277700947,10277700933,14.61,secondary,40.0,200
10316,10277700947,7374802786,352.08,secondary,40.0,200
10317,10277700948,10277700949,13.14,tertiary,30.0,100
10318,10277700948,10732120477,108.62,secondary,40.0,200
10319,10277700949,631483024,10.56,secondary,40.0,200
10320,10277717588,2442886083,12.49,primary,50.0,300
10321,10277717588,245660540,211.07,primary,50.0,300
10322,10277717591,245660540,12.01,secondary,40.0,200
10323,10277717591,13535811790,218.46,secondary,40.0,200
10324,10277717591,10277717588,210.35,primary,50.0,300
10325,10277717600,13670806941,13.15,tertiary,30.0,100
10326,10277719229,13546976659,5.59,tertiary,30.0,100
10327,10277719229,5271602946,473.07,tertiary,30.0,100
10328,10277719231,5056119961,329.96,secondary,40.0,200
10329,10277719235,13661562611,12.83,primary,50.0,300
10330,10277719235,10277719244,9.14,primary_link,40.0,250
10331,10277719244,13661562612,24.17,primary,50.0,300
10332,10277719244,10277719235,9.14,primary_link,40.0,250
10333,10277746010,13328310238,14.37,primary_link,40.0,250
10334,10277746010,10277746013,12.25,primary_link,40.0,250
10335,10277746010,471941460,304.58,primary,50.0,300
10336,10277746013,13073741404,28.19,secondary,40.0,200
10337,10277746013,2216534555,386.56,secondary,40.0,200
10338,10277746013,10277746010,12.25,primary_link,40.0,250
10339,10277749846,10277749858,217.59,trunk,60.0,400
10340,10277749846,12298766509,219.76,tertiary,30.0,100
10341,10277749847,2258304407,19.99,tertiary,30.0,100
10342,10277749847,1165333767,335.75,trunk,60.0,400
10343,10277749848,10209641926,270.37,tertiary,30.0,100
10344,10277749856,245658939,10.16,secondary,40.0,200
10345,10277749856,10583826072,147.3,secondary,40.0,200
10346,10277749856,13802896718,73.05,tertiary,30.0,100
10347,10277749858,12298766509,27.27,tertiary,30.0,100
10348,10277749858,10277749847,9.33,trunk,60.0,400
10349,10277765343,10277765345,31.32,secondary_link,35.0,150
10350,10277765343,471520228,37.51,secondary,40.0,200
10351,10277765343,10277765354,384.22,secondary,40.0,200
10352,10277765345,10277765343,31.32,secondary_link,35.0,150
10353,10277765351,471043380,25.23,secondary,40.0,200
10354,10277765351,12443061287,14.51,secondary,40.0,200
10355,10277765351,10277765354,42.75,secondary,40.0,200
10356,10277765354,10277765343,384.22,secondary,40.0,200
10357,10277765354,12443061284,44.51,secondary,40.0,200
10358,10277780846,768599586,31.86,primary,50.0,300
10359,10277780846,10277780850,30.28,primary_link,40.0,250
10360,10277780850,768651100,609.28,primary,50.0,300
10361,10277780854,5907931707,25.41,tertiary,30.0,100
10362,10277780854,10277780859,192.43,tertiary,30.0,100
10363,10277780855,10277780854,26.82,tertiary,30.0,100
10364,10277780855,11924909693,171.61,tertiary,30.0,100
10365,10277780859,10277780870,13.78,tertiary_link,25.0,80
10366,10277780859,10277780863,319.0,tertiary,30.0,100
10367,10277780863,245659488,16.83,tertiary,30.0,100
10368,10277780863,11925102366,130.57,tertiary,30.0,100
10369,10277780870,10277780859,13.78,tertiary_link,25.0,80
10370,10277780870,5907931707,206.67,tertiary,30.0,100
10371,10277786593,245657831,44.31,tertiary,30.0,100
10372,10277786593,245658027,260.32,tertiary,30.0,100
10373,10277786593,10277786597,58.23,tertiary,30.0,100
10374,10277786597,245657831,42.88,tertiary,30.0,100
10375,10277786597,245657786,202.16,tertiary,30.0,100
10376,10277786597,10277786593,58.23,tertiary,30.0,100
10377,10277786603,13408665371,5.63,secondary,40.0,200
10378,10277786603,1375482659,894.3,secondary,40.0,200
10379,10277786606,493966574,31.78,tertiary,30.0,100
10380,10277786606,12082381201,310.53,tertiary,30.0,100
10381,10277786606,10277786603,53.63,tertiary,30.0,100
10382,10277786607,245656594,29.58,tertiary,30.0,100
10383,10277786607,10277817410,52.72,tertiary,30.0,100
10384,10277817410,10885845678,553.84,tertiary,30.0,100
10385,10277817411,10277786607,6.88,tertiary,30.0,100
10386,10277817411,10277817414,33.34,tertiary,30.0,100
10387,10277817414,245656594,29.92,tertiary,30.0,100
10388,10277817414,245656521,300.82,tertiary,30.0,100
10389,10277817415,861155618,27.14,primary,50.0,300
10390,10277817415,10277817418,42.07,tertiary,30.0,100
10391,10277817418,245656521,208.35,tertiary,30.0,100
10392,10277817418,861155618,39.26,tertiary,30.0,100
10393,10277817420,11033616597,53.97,primary_link,40.0,250
10394,10277817420,12698412251,41.94,primary,50.0,300
10395,10277817426,4307040451,23.16,secondary_link,35.0,150
10396,10277817426,10877664326,18.94,secondary,40.0,200
10397,10277817430,4307040465,13.01,primary,50.0,300
10398,10277817430,10877664329,34.48,primary_link,40.0,250
10399,10277829350,4294951453,36.16,secondary,40.0,200
10400,10277829350,10277829355,64.47,secondary_link,35.0,150
10401,10277829355,494358464,122.68,secondary,40.0,200
10402,10277829356,13906012111,22.78,secondary,40.0,200
10403,10277829356,10277829360,30.43,tertiary,30.0,100
10404,10277829360,9169171618,39.23,tertiary,30.0,100
10405,10277829360,561165516,157.38,tertiary,30.0,100
10406,10277829361,245656730,11.4,secondary,40.0,200
10407,10277829361,13904906071,649.48,secondary,40.0,200
10408,10277829362,10277829361,14.65,secondary,40.0,200
10409,10277829372,456025866,9.56,secondary,40.0,200
10410,10277829372,10277829362,322.81,secondary,40.0,200
10411,10277829376,461853949,1255.93,primary,50.0,300
10412,10277829377,456025866,18.17,secondary,40.0,200
10413,10277829377,10277829381,25.41,secondary_link,35.0,150
10414,10277829381,10277829376,110.43,secondary,40.0,200
10415,10277863427,10277863431,19.37,primary_link,40.0,250
10416,10277863427,486415686,26.38,secondary,40.0,200
10417,10277863431,486385346,476.66,primary,50.0,300
10418,10277863433,10885739628,18.05,secondary,40.0,200
10419,10277863433,10277863436,17.95,secondary_link,35.0,150
10420,10277863436,356178506,231.34,secondary,40.0,200
10421,10277863437,245655932,14.45,secondary,40.0,200
10422,10277863437,610227598,34.2,tertiary,30.0,100
10423,10277863438,245655932,19.1,tertiary,30.0,100
10424,10277881676,245655336,154.01,secondary,40.0,200
10425,10277881676,10277881688,41.67,secondary,40.0,200
10426,10277881679,10282069991,337.22,tertiary,30.0,100
10427,10277881679,10277881676,16.12,secondary,40.0,200
10428,10277881688,245655778,699.42,secondary,40.0,200
10429,10277881688,10277881679,19.44,secondary,40.0,200
10430,10277881690,10277881693,24.48,secondary_link,35.0,150
10431,10277881690,13780043905,17.09,secondary,40.0,200
10432,10277881693,10277881694,10.2,tertiary,30.0,100
10433,10277881694,13780043909,8.64,tertiary,30.0,100
10434,10277881694,13905428411,242.34,tertiary,30.0,100
10435,10277881700,10277881704,46.44,primary_link,40.0,250
10436,10277881700,486404283,33.87,primary,50.0,300
10437,10277881704,10277881705,45.34,primary_link,40.0,250
10438,10277881704,486404283,30.26,tertiary,30.0,100
10439,10277881704,13015390786,303.33,tertiary,30.0,100
10440,10277881705,486404313,215.87,primary,50.0,300
10441,10277881998,767335422,39.2,tertiary,30.0,100
10442,10277881998,652613466,244.39,tertiary,30.0,100
10443,10277882001,10277909613,5.49,tertiary_link,25.0,80
10444,10277882001,10301894313,448.02,tertiary,30.0,100
10445,10277909613,10277882001,5.49,tertiary_link,25.0,80
10446,10277909613,7398009425,128.69,tertiary,30.0,100
10447,10277909614,1184146819,498.52,primary,50.0,300
10448,10277909618,245671354,36.67,secondary,40.0,200
10449,10277909618,10277909614,50.15,secondary_link,35.0,150
10450,10277909619,4340967981,30.58,primary,50.0,300
10451,10277909619,10277909622,49.29,secondary_link,35.0,150
10452,10277909622,3217430477,634.21,secondary,40.0,200
10453,10277913367,3878413305,16.74,tertiary,30.0,100
10454,10277913367,10277913370,18.9,secondary_link,35.0,150
10455,10277913370,4323055307,196.0,secondary,40.0,200
10456,10279331281,10279331282,20.49,primary_link,40.0,250
10457,10279331281,13817938926,649.27,tertiary,30.0,100
10458,10279331282,10279331281,20.49,primary_link,40.0,250
10459,10279331282,13769982812,396.78,primary,50.0,300
10460,10279331283,10279331284,20.61,primary_link,40.0,250
10461,10279331283,10279331281,54.0,tertiary,30.0,100
10462,10279331284,10279331283,20.61,primary_link,40.0,250
10463,10279331284,10279331282,52.8,primary,50.0,300
10464,10279331289,10279331290,11.18,primary_link,40.0,250
10465,10279331289,13602548091,366.38,primary,50.0,300
10466,10279331290,10279331289,11.18,primary_link,40.0,250
10467,10279331290,13601941449,767.16,tertiary,30.0,100
10468,10279331290,13602548090,370.11,tertiary,30.0,100
10469,10279333663,5279685268,277.32,tertiary,30.0,100
10470,10279333663,864905398,317.51,tertiary,30.0,100
10471,10279333667,866726945,10.49,tertiary,30.0,100
10472,10279333667,9991999290,81.06,tertiary,30.0,100
10473,10279333670,866835090,8.05,secondary,40.0,200
10474,10279333670,10279333667,309.53,tertiary,30.0,100
10475,10279333671,2439615342,60.64,secondary,40.0,200
10476,10279333671,10279333670,11.88,tertiary,30.0,100
10477,10279333677,864905398,7.49,primary,50.0,300
10478,10279333677,866738757,316.91,tertiary,30.0,100
10479,10279336967,1960735487,143.0,primary,50.0,300
10480,10279336968,10279336967,18.36,tertiary,30.0,100
10481,10279336968,2489283697,138.52,tertiary,30.0,100
10482,10279336968,2489283700,7.01,tertiary,30.0,100
10483,10279336972,13814842324,479.88,tertiary,30.0,100
10484,10279336972,10279336994,30.28,tertiary,30.0,100
10485,10279336994,10279336995,9.12,tertiary_link,25.0,80
10486,10279336994,13814842310,8.83,tertiary,30.0,100
10487,10279336995,10279336994,9.12,tertiary_link,25.0,80
10488,10279336995,10279336972,31.19,tertiary,30.0,100
10489,10279377260,13164727360,447.41,trunk_link,50.0,350
10490,10279377260,10279377266,36.4,trunk_link,50.0,350
10491,10279377266,7736315008,25.61,trunk_link,50.0,350
10492,10279377266,10279377260,36.4,trunk_link,50.0,350
10493,10279403407,11939282085,20.43,trunk,60.0,400
10494,10279403407,7366380226,351.83,tertiary,30.0,100
10495,10279414813,5923939970,595.82,tertiary,30.0,100
10496,10279414813,11939282084,141.65,trunk,60.0,400
10497,10279453013,13555600538,41.97,secondary,40.0,200
10498,10279457373,10279457379,6.73,secondary,40.0,200
10499,10279457373,10886147013,147.42,secondary,40.0,200
10500,10279457378,10279457379,7.15,secondary,40.0,200
10501,10279457378,1960732962,282.54,secondary,40.0,200
10502,10279457379,10279457378,7.15,secondary,40.0,200
10503,10279457379,10279457373,6.73,secondary,40.0,200
10504,10279457379,6802893019,623.32,secondary,40.0,200
10505,10279470671,10279470680,6.78,primary,50.0,300
10506,10279470675,10279470671,16.22,primary,50.0,300
10507,10279470675,2299204467,437.3,primary,50.0,300
10508,10279470676,10279470675,5.34,primary,50.0,300
10509,10279470680,2952579407,755.04,primary,50.0,300
10510,10279470680,10279470676,15.27,primary,50.0,300
10511,10279520071,10279520072,27.34,primary_link,40.0,250
10512,10279520071,7304660266,2036.94,primary,50.0,300
10513,10279520072,10279520071,27.34,primary_link,40.0,250
10514,10279520072,6637361660,259.73,primary,50.0,300
10515,10279523297,6786447360,138.31,tertiary,30.0,100
10516,10279523297,10275948052,435.26,tertiary,30.0,100
10517,10279523297,10279523305,18.11,tertiary,30.0,100
10518,10279523305,10279523306,8.96,tertiary,30.0,100
10519,10279523305,1647016346,118.15,tertiary,30.0,100
10520,10279523306,10279523305,8.96,tertiary,30.0,100
10521,10279523306,10279523297,17.07,tertiary,30.0,100
10522,10279539037,10279539049,8.51,tertiary_link,25.0,80
10523,10279539037,12262773872,42.06,tertiary,30.0,100
10524,10279539038,10279539048,8.66,tertiary_link,25.0,80
10525,10279539038,10279539037,29.23,tertiary,30.0,100
10526,10279539040,13598108140,24.8,tertiary,30.0,100
10527,10279539040,12350470029,9.53,tertiary_link,25.0,80
10528,10279539041,10279539063,18.34,tertiary,30.0,100
10529,10279539041,5969984647,54.03,tertiary,30.0,100
10530,10279539046,12096487900,33.47,tertiary,30.0,100
10531,10279539046,13895559637,9.02,tertiary_link,25.0,80
10532,10279539048,10279539038,8.66,tertiary_link,25.0,80
10533,10279539048,10279539046,94.5,tertiary,30.0,100
10534,10279539049,10279539037,8.51,tertiary_link,25.0,80
10535,10279539049,10279539048,30.01,tertiary,30.0,100
10536,10279539059,13598108134,14.71,tertiary,30.0,100
10537,10279539059,10279539060,9.03,tertiary_link,25.0,80
10538,10279539060,13598108141,35.54,tertiary,30.0,100
10539,10279539060,10279539059,9.03,tertiary_link,25.0,80
10540,10279539063,10279539040,34.33,tertiary,30.0,100
10541,10279539063,10279539064,9.74,tertiary_link,25.0,80
10542,10279539064,10279539063,9.74,tertiary_link,25.0,80
10543,10279539064,10279539041,19.22,tertiary,30.0,100
10544,10279540080,10279540081,14.88,tertiary,30.0,100
10545,10279540080,13577446671,813.13,primary,50.0,300
10546,10279540081,1182556118,9.36,primary,50.0,300
10547,10279564678,10279564679,6.25,secondary_link,35.0,150
10548,10279564678,7416574444,161.45,secondary,40.0,200
10549,10279564679,10279564678,6.25,secondary_link,35.0,150
10550,10279564679,10882615923,76.74,secondary,40.0,200
10551,10279602916,10279602917,8.4,tertiary_link,25.0,80
10552,10279602916,10279602937,415.32,tertiary,30.0,100
10553,10279602917,10279602916,8.4,tertiary_link,25.0,80
10554,10279602917,13881718913,90.15,tertiary,30.0,100
10555,10279602936,10279602937,9.1,tertiary,30.0,100
10556,10279602936,10279602917,415.44,tertiary,30.0,100
10557,10279602937,10279602938,8.66,tertiary,30.0,100
10558,10279602937,13875870399,100.21,tertiary,30.0,100
10559,10279602938,1366097987,8.9,tertiary,30.0,100
10560,10279615797,10279615798,10.28,secondary,40.0,200
10561,10279615797,3708879333,411.95,primary,50.0,300
10562,10279615798,1366097769,7.84,primary,50.0,300
10563,10279615798,13881175044,208.15,secondary,40.0,200
10564,10279617327,1366097698,5.13,tertiary,30.0,100
10565,10279617327,1366097711,52.92,tertiary,30.0,100
10566,10279617327,1366097663,286.54,secondary,40.0,200
10567,10279704563,1960732187,9.31,tertiary,30.0,100
10568,10279704565,10908118289,41.43,tertiary,30.0,100
10569,10279704565,1366900900,9.24,tertiary,30.0,100
10570,10279704566,10279704565,3.46,tertiary,30.0,100
10571,10279704566,13703142007,425.98,tertiary,30.0,100
10572,10279704572,4340930310,626.24,tertiary,30.0,100
10573,10279704572,10279704566,41.0,tertiary,30.0,100
10574,10279704583,13597495215,451.63,tertiary,30.0,100
10575,10279704583,3736964759,59.56,tertiary,30.0,100
10576,10279730304,10279730308,27.64,tertiary,30.0,100
10577,10279730304,1454673998,76.88,tertiary,30.0,100
10578,10279730305,10279730306,11.6,tertiary,30.0,100
10579,10279730305,10279730307,15.61,tertiary,30.0,100
10580,10279730306,10279730305,11.6,tertiary,30.0,100
10581,10279730306,1643027258,130.19,tertiary,30.0,100
10582,10279730307,10279730308,11.86,tertiary,30.0,100
10583,10279730307,10279730304,27.69,tertiary,30.0,100
10584,10279730308,10279730306,15.68,tertiary,30.0,100
10585,10279730308,10279730307,11.86,tertiary,30.0,100
10586,10279742511,10279742512,12.27,tertiary_link,25.0,80
10587,10279742511,10279730305,327.7,tertiary,30.0,100
10588,10279742512,10279742511,12.27,tertiary_link,25.0,80
10589,10279742512,1643031078,194.63,tertiary,30.0,100
10590,10279761586,1336410623,21.48,secondary,40.0,200
10591,10279761586,10279761587,10.19,secondary_link,35.0,150
10592,10279761587,10279761586,10.19,secondary_link,35.0,150
10593,10279761587,13695108312,516.85,secondary,40.0,200
10594,10279771616,245667692,56.18,tertiary,30.0,100
10595,10279771620,1643031073,46.27,tertiary,30.0,100
10596,10279771620,10279771616,66.44,tertiary_link,25.0,80
10597,10279771621,10279771622,20.38,tertiary,30.0,100
10598,10279771621,4264598325,415.18,tertiary,30.0,100
10599,10279771622,10279771621,20.38,tertiary,30.0,100
10600,10279771622,2439252028,171.72,tertiary,30.0,100
10601,10279771623,631507992,28.4,primary,50.0,300
10602,10279771623,10279771626,41.31,primary_link,40.0,250
10603,10279771626,2897024777,70.02,tertiary,30.0,100
10604,10279771627,245666966,35.27,primary,50.0,300
10605,10279771627,10279771631,54.54,primary_link,40.0,250
10606,10279771631,2897024696,111.92,secondary,40.0,200
10607,10279771641,245665679,11.93,secondary,40.0,200
10608,10279771641,13687881995,26.52,tertiary,30.0,100
10609,10279771642,13687881990,50.88,tertiary,30.0,100
10610,10279771642,13687881991,9.84,tertiary_link,25.0,80
10611,10279771643,10279771654,32.71,tertiary,30.0,100
10612,10279771643,13687881986,10.21,tertiary_link,25.0,80
10613,10279771646,10279771648,56.94,tertiary,30.0,100
10614,10279771646,13687881985,8.39,tertiary_link,25.0,80
10615,10279771648,11143613410,19.47,tertiary,30.0,100
10616,10279771648,7383907163,10.26,tertiary_link,25.0,80
10617,10279771648,10279771650,30.19,tertiary_link,25.0,80
10618,10279771650,11143613408,169.66,tertiary,30.0,100
10619,10279771653,13687881986,32.37,tertiary,30.0,100
10620,10279771653,10279771654,9.8,tertiary_link,25.0,80
10621,10279771654,10279771653,9.8,tertiary_link,25.0,80
10622,10279771654,10279771646,41.16,tertiary,30.0,100
10623,10279771659,10279771671,15.52,tertiary,30.0,100
10624,10279771661,10279771668,4.01,tertiary,30.0,100
10625,10279771663,13789930612,32.44,tertiary,30.0,100
10626,10279771663,10279771661,4.37,tertiary,30.0,100
10627,10279771668,10279771659,8.05,tertiary,30.0,100
10628,10279771668,13789930609,118.3,tertiary,30.0,100
10629,10279771671,2629741753,256.54,tertiary,30.0,100
10630,10279771671,10279771663,8.03,tertiary,30.0,100
10631,10279771678,1642951881,9.42,tertiary,30.0,100
10632,10279771678,10279771680,270.54,tertiary,30.0,100
10633,10279771680,6571910349,15.06,tertiary,30.0,100
10634,10279771680,10279771678,270.54,tertiary,30.0,100
10635,10279771680,10207346714,153.94,secondary,40.0,200
10636,10279809011,4357272781,449.11,trunk,60.0,400
10637,10279809014,4264598303,33.15,secondary,40.0,200
10638,10279809014,10279809011,54.69,trunk_link,50.0,350
10639,10279809028,2629741740,32.61,trunk,60.0,400
10640,10279809028,1643264260,41.73,trunk_link,50.0,350
10641,10279809044,1336410623,8.43,secondary,40.0,200
10642,10279809044,10279761587,20.55,secondary,40.0,200
10643,10279809044,3878559848,1408.5,secondary,40.0,200
10644,10279835718,1475178057,31.04,secondary,40.0,200
10645,10279835718,5838250404,40.8,trunk_link,50.0,350
10646,10279835719,12384046733,668.09,secondary,40.0,200
10647,10279835722,528785949,51.93,motorway_link,70.0,450
10648,10279835722,10279835719,64.26,motorway_link,70.0,450
10649,10279835723,10279835724,27.02,tertiary_link,25.0,80
10650,10279835723,1651338537,110.07,tertiary,30.0,100
10651,10279835724,10279835723,27.02,tertiary_link,25.0,80
10652,10279835724,1651338485,40.12,tertiary,30.0,100
10653,10279857150,10279857151,10.52,secondary_link,35.0,150
10654,10279857150,278919358,139.63,secondary,40.0,200
10655,10279857151,10279857150,10.52,secondary_link,35.0,150
10656,10279857151,10244259988,43.3,secondary,40.0,200
10657,10279857152,10244259988,10.77,secondary_link,35.0,150
10658,10279857152,10279857150,43.43,secondary,40.0,200
10659,10279857154,10279857152,29.24,secondary,40.0,200
10660,10279857154,10279857155,10.9,secondary_link,35.0,150
10661,10279857155,10279857154,10.9,secondary_link,35.0,150
10662,10279857155,10279857157,52.76,secondary,40.0,200
10663,10279857156,10279857154,54.33,secondary,40.0,200
10664,10279857156,10279857157,14.2,secondary_link,35.0,150
10665,10279857157,10279857156,14.2,secondary_link,35.0,150
10666,10279857157,10279857161,85.41,secondary,40.0,200
10667,10279857160,10279857161,15.52,secondary_link,35.0,150
10668,10279857160,10279857156,84.6,secondary,40.0,200
10669,10279857161,10279857160,15.52,secondary_link,35.0,150
10670,10279857161,10244259977,625.9,secondary,40.0,200
10671,10279869766,10279869769,24.97,secondary,40.0,200
10672,10279869766,7377660275,59.26,secondary_link,35.0,150
10673,10279869768,6204121997,45.78,secondary,40.0,200
10674,10279869768,3243952044,25.62,primary,50.0,300
10675,10279869769,10279869768,12.78,secondary,40.0,200
10676,10279869769,7377660275,43.67,primary,50.0,300
10677,10279934754,3234264503,129.13,tertiary,30.0,100
10678,10279934754,3245675983,22.1,tertiary,30.0,100
10679,10281786083,245657292,20.37,tertiary,30.0,100
10680,10281786083,7379493821,52.88,tertiary,30.0,100
10681,10281786083,10281786101,266.39,tertiary,30.0,100
10682,10281786101,2715411943,408.03,motorway_link,70.0,450
10683,10281786101,12088684363,528.66,tertiary,30.0,100
10684,10281796502,5330411163,14.44,tertiary,30.0,100
10685,10281796502,12816816391,77.41,tertiary,30.0,100
10686,10281796502,6135274276,87.53,tertiary,30.0,100
10687,10281800020,245658099,21.58,tertiary,30.0,100
10688,10281800020,245657868,125.01,tertiary,30.0,100
10689,10281800020,493925820,186.46,tertiary,30.0,100
10690,10281800034,2216800803,6.84,tertiary,30.0,100
10691,10281800034,13277090066,523.88,tertiary,30.0,100
10692,10281883194,10281883195,24.5,motorway_link,70.0,450
10693,10281883195,10281883194,24.5,motorway_link,70.0,450
10694,10281883195,6133891680,7.4,motorway_link,70.0,450
10695,10281938566,10282040406,10.02,secondary,40.0,200
10696,10281938566,13686749227,306.92,secondary,40.0,200
10697,10281938570,474706650,8.82,secondary,40.0,200
10698,10281938570,1643105813,239.27,secondary,40.0,200
10699,10281959313,8703487842,58.89,tertiary,30.0,100
10700,10281959313,10281959314,10.0,tertiary,30.0,100
10701,10281959314,1643035300,8.7,tertiary,30.0,100
10702,10281959314,10281959313,10.0,tertiary,30.0,100
10703,10281959318,7366128614,186.44,tertiary,30.0,100
10704,10281959318,10281959328,7.68,tertiary,30.0,100
10705,10281959321,13584658160,346.52,tertiary,30.0,100
10706,10281959321,10281959324,13.16,tertiary,30.0,100
10707,10281959324,10281959318,8.08,tertiary,30.0,100
10708,10281959328,10281959330,5.11,tertiary,30.0,100
10709,10281959330,590732619,7.74,tertiary,30.0,100
10710,10281959330,13888102909,228.28,tertiary,30.0,100
10711,10281984324,7366128614,5.59,secondary,40.0,200
10712,10281984324,10281959328,188.19,tertiary,30.0,100
10713,10282000612,1188635570,322.53,primary,50.0,300
10714,10282000618,1188635570,19.64,tertiary,30.0,100
10715,10282000618,11787007975,373.81,primary,50.0,300
10716,10282000618,1353464547,162.77,tertiary,30.0,100
10717,10282000622,9115783842,14.1,primary,50.0,300
10718,10282000622,13649033184,14.74,secondary,40.0,200
10719,10282000627,10956744327,8.24,primary,50.0,300
10720,10282000627,7357726523,88.5,tertiary,30.0,100
10721,10282040378,2258304448,46.81,trunk,60.0,400
10722,10282040378,12774725661,51.58,tertiary,30.0,100
10723,10282040381,13661562605,6.53,primary_link,40.0,250
10724,10282040381,13661562608,84.24,primary,50.0,300
10725,10282040383,13658722780,6.18,primary,50.0,300
10726,10282040383,13661562604,200.56,secondary,40.0,200
10727,10282040392,13658722657,9.3,secondary,40.0,200
10728,10282040392,13658722651,14.15,tertiary,30.0,100
10729,10282040406,11927594954,6.87,secondary,40.0,200
10730,10282040406,10281938566,10.02,secondary,40.0,200
10731,10282040406,10282040408,30.31,secondary,40.0,200
10732,10282040408,10883614931,11.59,tertiary,30.0,100
10733,10282040408,10883614936,187.36,secondary,40.0,200
10734,10282056982,13700651181,11.66,secondary,40.0,200
10735,10282056982,13700651182,153.52,secondary,40.0,200
10736,10282056984,245654381,20.82,primary,50.0,300
10737,10282056984,10282056982,38.1,primary_link,40.0,250
10738,10282056990,12447084174,5.57,primary,50.0,300
10739,10282069983,13908755149,248.45,tertiary,30.0,100
10740,10282069983,10282069988,9.76,tertiary,30.0,100
10741,10282069985,10282069991,7.19,tertiary,30.0,100
10742,10282069986,245655733,39.92,tertiary,30.0,100
10743,10282069986,10282069985,10.78,tertiary,30.0,100
10744,10282069988,10282070002,6.84,tertiary,30.0,100
10745,10282069991,10277881679,337.22,tertiary,30.0,100
10746,10282069991,10282069983,16.18,tertiary,30.0,100
10747,10282070002,13907626456,6.41,tertiary,30.0,100
10748,10282070002,13907626453,18.39,tertiary,30.0,100
10749,10282070004,1643210478,39.99,secondary,40.0,200
10750,10282070005,10282070004,12.1,secondary,40.0,200
10751,10282070005,1643210479,9.98,secondary,40.0,200
10752,10282074751,1665625322,27.42,trunk_link,50.0,350
10753,10282074751,10282074752,42.5,trunk,60.0,400
10754,10282074752,2246472316,113.22,trunk,60.0,400
10755,10287277761,10880784908,5.8,tertiary,30.0,100
10756,10287277761,10880784941,439.05,secondary,40.0,200
10757,10292442915,2897022062,204.99,secondary,40.0,200
10758,10294767394,12718160995,17.41,primary,50.0,300
10759,10299243220,1644082897,143.49,tertiary,30.0,100
10760,10299243220,245675146,1509.58,tertiary,30.0,100
10761,10301894313,10301894314,5.54,tertiary_link,25.0,80
10762,10301894313,969781588,38.11,tertiary,30.0,100
10763,10301894314,10301894313,5.54,tertiary_link,25.0,80
10764,10301894314,10277909613,447.6,tertiary,30.0,100
10765,10306082438,1643264325,69.1,secondary,40.0,200
10766,10310473456,631487133,308.35,tertiary,30.0,100
10767,10310473456,10310473458,29.51,tertiary,30.0,100
10768,10310473458,10310473459,15.77,tertiary,30.0,100
10769,10310473458,631487487,33.79,tertiary,30.0,100
10770,10310473459,10310473456,20.0,tertiary,30.0,100
10771,10310473459,10310473458,15.77,tertiary,30.0,100
10772,10310493154,8788708024,18.65,primary_link,40.0,250
10773,10310493154,13671621834,200.45,tertiary,30.0,100
10774,10310498024,10310498025,9.08,primary_link,40.0,250
10775,10310498024,13875882471,479.48,primary,50.0,300
10776,10310498025,10310498024,9.08,primary_link,40.0,250
10777,10310498025,245672800,244.54,tertiary,30.0,100
10778,10310503648,4611102159,195.37,secondary,40.0,200
10779,10310857472,3793874877,13.13,secondary,40.0,200
10780,10310857472,13584203893,83.08,tertiary,30.0,100
10781,10310857477,13584203884,10.13,secondary_link,35.0,150
10782,10310857481,629023979,7.38,secondary,40.0,200
10783,10310857481,7331439002,365.13,secondary,40.0,200
10784,10316090270,1375482733,323.91,trunk,60.0,400
10785,10384248274,2897024866,30.44,trunk,60.0,400
10786,10384248274,10384248275,22.33,trunk_link,50.0,350
10787,10384248275,10384248274,22.33,trunk_link,50.0,350
10788,10384248275,12406104884,257.8,trunk,60.0,400
10789,10536657607,245659759,197.4,secondary,40.0,200
10790,10548664763,10548664764,44.57,tertiary_link,25.0,80
10791,10548664763,13720591890,400.93,tertiary,30.0,100
10792,10548664764,2250992843,247.65,tertiary,30.0,100
10793,10548664764,10548664763,44.57,tertiary_link,25.0,80
10794,10561765781,1728805936,25.62,trunk_link,50.0,350
10795,10561765781,1078664517,277.81,tertiary,30.0,100
10796,10561765781,11939473399,86.19,tertiary,30.0,100
10797,10564266718,1343002718,12.54,tertiary,30.0,100
10798,10564266718,10277511272,197.3,tertiary,30.0,100
10799,10564298261,3708879330,12.15,primary,50.0,300
10800,10564308399,884467232,9.05,tertiary,30.0,100
10801,10564308399,13472872200,213.25,tertiary,30.0,100
10802,10564313449,1185674179,9.92,tertiary,30.0,100
10803,10564313449,10277547712,192.66,tertiary,30.0,100
10804,10564313451,7241682806,9.42,tertiary,30.0,100
10805,10564313451,13654037097,93.73,tertiary,30.0,100
10806,10564469937,10564469938,37.96,secondary,40.0,200
10807,10564469937,10926044209,29.33,trunk_link,50.0,350
10808,10564469938,1178672931,15.98,trunk_link,50.0,350
10809,10564469938,10564469945,213.23,tertiary,30.0,100
10810,10564469945,245681604,13.98,tertiary,30.0,100
10811,10578626163,13441759162,16.24,trunk_link,50.0,350
10812,10578626163,2246471991,9.86,tertiary,30.0,100
10813,10580688537,245657095,10.78,secondary,40.0,200
10814,10580688537,10277817420,196.39,primary,50.0,300
10815,10580913575,10580913576,8.26,secondary_link,35.0,150
10816,10580913575,1960733842,223.47,secondary,40.0,200
10817,10580913576,10580913575,8.26,secondary_link,35.0,150
10818,10580913576,10679996837,176.12,secondary,40.0,200
10819,10583826072,10277749856,147.3,secondary,40.0,200
10820,10583826072,12558343926,537.04,secondary,40.0,200
10821,10583826082,11511143554,8.81,secondary,40.0,200
10822,10583826082,5921458177,119.17,secondary,40.0,200
10823,10593412252,13856203934,14.37,tertiary,30.0,100
10824,10593412252,13856203925,153.86,secondary,40.0,200
10825,10595428375,2250795814,37.1,motorway_link,70.0,450
10826,10595428375,10595428376,35.44,tertiary,30.0,100
10827,10595428376,1154003529,7.74,motorway_link,70.0,450
10828,10595428376,9379801884,245.76,tertiary,30.0,100
10829,10595441721,1646685601,8.45,secondary,40.0,200
10830,10595441721,13649287422,161.83,tertiary,30.0,100
10831,10595675492,486400969,17.92,secondary,40.0,200
10832,10595675492,12506352385,1003.38,primary,50.0,300
10833,10595675493,10595675492,12.34,primary,50.0,300
10834,10598322635,10598322643,83.37,primary,50.0,300
10835,10598322635,1704905464,13.66,tertiary,30.0,100
10836,10598322636,10598322635,13.01,tertiary,30.0,100
10837,10598322636,2163539003,180.47,primary,50.0,300
10838,10598322640,1704905464,96.69,tertiary,30.0,100
10839,10598322640,10598322643,22.43,tertiary,30.0,100
10840,10598322643,12400147209,9.49,primary,50.0,300
10841,10603240106,10603240108,12.08,secondary,40.0,200
10842,10603240106,10603240107,5.66,tertiary,30.0,100
10843,10603240107,13009284661,62.12,secondary,40.0,200
10844,10603240108,10603240109,5.4,tertiary,30.0,100
10845,10603240108,347106948,115.68,secondary,40.0,200
10846,10603240109,10603240107,12.59,secondary,40.0,200
10847,10603299587,10603299588,5.58,tertiary,30.0,100
10848,10603299587,245668285,723.42,tertiary,30.0,100
10849,10603299588,6431289415,7.85,tertiary,30.0,100
10850,10603299588,245669284,799.99,secondary,40.0,200
10851,10603805379,7466006862,7.69,tertiary,30.0,100
10852,10603805379,12558663180,127.93,secondary,40.0,200
10853,10603805379,5681648023,23.26,tertiary,30.0,100
10854,10610724587,2230881385,10.2,secondary_link,35.0,150
10855,10610724587,9348015288,164.91,secondary,40.0,200
10856,10613389619,3736882567,22.46,secondary,40.0,200
10857,10613389619,11133938684,9.34,secondary_link,35.0,150
10858,10613389627,3736882567,29.61,tertiary,30.0,100
10859,10613389627,10613389619,21.74,secondary_link,35.0,150
10860,10613423002,10613389627,26.02,tertiary,30.0,100
10861,10614318013,245656173,43.96,tertiary,30.0,100
10862,10614318013,9868433324,380.43,tertiary,30.0,100
10863,10614318015,9868433324,22.95,tertiary,30.0,100
10864,10614318015,10614318013,372.07,tertiary,30.0,100
10865,10614318018,10614318015,16.65,tertiary,30.0,100
10866,10614318018,245656354,368.12,tertiary,30.0,100
10867,10617498617,1490200632,37.48,secondary,40.0,200
10868,10617498617,245660731,285.36,secondary,40.0,200
10869,10629352244,1647285790,28.73,trunk_link,50.0,350
10870,10629352244,245668052,127.5,tertiary,30.0,100
10871,10629587074,7459352419,9.78,secondary,40.0,200
10872,10629624864,13564356165,303.79,secondary,40.0,200
10873,10629659785,4365981540,10.59,tertiary,30.0,100
10874,10629659785,13576183746,338.73,primary,50.0,300
10875,10635507224,5924612061,29.88,tertiary,30.0,100
10876,10635507224,10635507229,41.5,primary_link,40.0,250
10877,10635507229,13580034521,365.74,primary,50.0,300
10878,10635534062,2629418526,9.34,secondary,40.0,200
10879,10635534062,13503549885,123.77,secondary,40.0,200
10880,10635534062,245667874,406.94,secondary,40.0,200
10881,10635682402,593054870,10.06,primary,50.0,300
10882,10636113355,13877892991,45.18,tertiary,30.0,100
10883,10636113355,10636113356,7.24,tertiary_link,25.0,80
10884,10636113356,10636113355,7.24,tertiary_link,25.0,80
10885,10636113356,10098502200,55.49,tertiary,30.0,100
10886,10636709125,1913053602,6.21,tertiary,30.0,100
10887,10636709125,1913053624,132.16,tertiary,30.0,100
10888,10636709125,10274112167,171.87,tertiary,30.0,100
10889,10636915871,10274112134,6.62,secondary,40.0,200
10890,10636915871,9771116370,220.3,primary,50.0,300
10891,10636989239,1934779427,11.29,secondary,40.0,200
10892,10636989239,4357170877,63.07,primary,50.0,300
10893,10653480112,10653480113,9.96,tertiary,30.0,100
10894,10653480112,4264598331,106.45,tertiary,30.0,100
10895,10653480113,1643031073,9.31,tertiary,30.0,100
10896,10653480113,10653480115,214.89,tertiary,30.0,100
10897,10653480115,8703487830,57.24,tertiary,30.0,100
10898,10653480115,12560606618,89.22,tertiary,30.0,100
10899,10653480123,9931893591,13.46,tertiary,30.0,100
10900,10653480123,1451864897,363.02,tertiary,30.0,100
10901,10653480123,245668490,238.24,tertiary,30.0,100
10902,10653536589,623040010,13.88,secondary,40.0,200
10903,10653548875,3217430345,13.24,secondary,40.0,200
10904,10653552916,6552380192,11.43,secondary,40.0,200
10905,10653552916,12296084705,185.59,secondary,40.0,200
10906,10653592689,245668543,10.52,secondary,40.0,200
10907,10653592689,245668039,659.87,secondary,40.0,200
10908,10653592689,245668480,676.82,secondary,40.0,200
10909,10653604966,3708879380,8.36,primary,50.0,300
10910,10653604967,3708879376,11.73,secondary,40.0,200
10911,10653604967,13382931781,128.83,primary,50.0,300
10912,10653604968,3708879380,8.05,secondary,40.0,200
10913,10653604968,10653604966,9.44,primary,50.0,300
10914,10653616785,10653616787,11.42,primary,50.0,300
10915,10653616785,13882918912,80.01,primary,50.0,300
10916,10653616787,10653616790,22.43,primary,50.0,300
10917,10653616787,1184073234,442.01,primary,50.0,300
10918,10653616789,10653616785,21.71,primary,50.0,300
10919,10653616789,3708877804,220.89,primary,50.0,300
10920,10653616790,10653616789,9.48,primary,50.0,300
10921,10653616790,3708879243,201.54,primary,50.0,300
10922,10653810932,13068556818,11.65,tertiary,30.0,100
10923,10653810932,1960732198,871.26,tertiary,30.0,100
10924,10653810932,12377711425,122.66,tertiary,30.0,100
10925,10653828790,5848131205,13.02,trunk_link,50.0,350
10926,10654153514,9866047005,8.48,secondary,40.0,200
10927,10654153514,13504496392,116.91,secondary,40.0,200
10928,10654153518,245663367,4.94,secondary_link,35.0,150
10929,10654153518,13845998573,221.17,secondary,40.0,200
10930,10654529061,2222708871,8.79,secondary,40.0,200
10931,10654529061,10654529066,177.71,tertiary,30.0,100
10932,10654529066,2744937782,8.91,tertiary,30.0,100
10933,10654529066,13649360800,152.98,tertiary,30.0,100
10934,10654529068,2222708534,9.05,tertiary,30.0,100
10935,10656668354,5346805348,10.72,primary,50.0,300
10936,10657225552,346644270,7.06,secondary,40.0,200
10937,10657225552,10089667071,84.65,secondary,40.0,200
10938,10657225553,10657225552,8.46,secondary,40.0,200
10939,10657225553,13514297394,93.22,secondary,40.0,200
10940,10679996837,9579825706,17.8,secondary,40.0,200
10941,10679996837,10679996838,13.64,tertiary,30.0,100
10942,10679996838,10679996837,13.64,tertiary,30.0,100
10943,10679996838,10580913575,169.14,secondary,40.0,200
10944,10679996838,1184122840,572.24,tertiary,30.0,100
10945,10682240349,245665218,66.84,tertiary,30.0,100
10946,10682240349,10682240352,38.94,tertiary,30.0,100
10947,10682240352,245665035,7.51,tertiary,30.0,100
10948,10682240352,245665874,894.01,tertiary,30.0,100
10949,10685130180,346611218,53.59,secondary,40.0,200
10950,10685130180,2841960950,20.72,secondary_link,35.0,150
10951,10687844876,245655223,154.28,secondary,40.0,200
10952,10696472335,12350391112,248.76,tertiary,30.0,100
10953,10696472335,245666778,46.89,tertiary,30.0,100
10954,10698653947,1936580349,8.69,primary_link,40.0,250
10955,10698653947,11924905690,68.09,primary,50.0,300
10956,10712165144,7331361893,9.3,tertiary_link,25.0,80
10957,10712165144,7331361867,114.86,tertiary,30.0,100
10958,10712165145,10712165146,9.81,tertiary_link,25.0,80
10959,10712165145,7331361914,223.91,tertiary,30.0,100
10960,10712165146,7331361901,89.54,tertiary,30.0,100
10961,10712165146,10712165145,9.81,tertiary_link,25.0,80
10962,10712165147,10712165148,8.32,tertiary_link,25.0,80
10963,10712165147,10712165144,80.27,tertiary,30.0,100
10964,10712165148,10712165147,8.32,tertiary_link,25.0,80
10965,10712165148,7331361896,53.0,tertiary,30.0,100
10966,10713480684,9665373520,38.02,tertiary,30.0,100
10967,10720897942,2244632844,24.97,primary,50.0,300
10968,10722958771,2155937885,15.72,trunk,60.0,400
10969,10723296482,866807200,14.22,tertiary,30.0,100
10970,10723296482,864905400,138.9,primary,50.0,300
10971,10723311425,2439615340,11.39,tertiary,30.0,100
10972,10723311425,10279333670,151.65,secondary,40.0,200
10973,10723311426,10723311425,7.35,secondary,40.0,200
10974,10724781030,13617040686,34.9,tertiary,30.0,100
10975,10724781030,13617040678,105.44,tertiary,30.0,100
10976,10732120463,631483027,8.86,tertiary,30.0,100
10977,10732120463,12299001628,626.9,tertiary,30.0,100
10978,10732120463,13277057154,176.15,secondary,40.0,200
10979,10732120466,631484614,6.45,tertiary,30.0,100
10980,10732120466,10732120472,408.0,secondary,40.0,200
10981,10732120472,10732120473,12.15,secondary,40.0,200
10982,10732120472,631487133,347.82,secondary,40.0,200
10983,10732120472,2929595539,99.1,secondary,40.0,200
10984,10732120473,10732120472,12.15,secondary,40.0,200
10985,10732120473,631484614,406.85,secondary,40.0,200
10986,10732120476,10732120477,10.12,secondary_link,35.0,150
10987,10732120476,10277700949,107.02,secondary,40.0,200
10988,10732120477,10732120476,10.12,secondary_link,35.0,150
10989,10732120477,10732120463,161.63,secondary,40.0,200
10990,10732416719,10732416720,10.03,tertiary,30.0,100
10991,10732416719,2399395056,241.63,primary,50.0,300
10992,10732416720,245682360,10.38,primary,50.0,300
10993,10733085808,7372175019,190.85,tertiary,30.0,100
10994,10733085808,5792425830,451.21,secondary,40.0,200
10995,10733085808,4307211851,466.37,secondary,40.0,200
10996,10738867822,10738867823,8.29,primary_link,40.0,250
10997,10738867822,13689201526,132.83,primary,50.0,300
10998,10738867823,10738867822,8.29,primary_link,40.0,250
10999,10738867823,1642954374,206.35,primary,50.0,300
11000,10739951330,7374443605,6.86,tertiary,30.0,100
11001,10739951330,7374443585,176.62,secondary,40.0,200
11002,10750563816,10578626163,31.97,tertiary,30.0,100
11003,10750563816,11929993565,302.84,trunk_link,50.0,350
11004,10750564862,10750564863,12.13,secondary,40.0,200
11005,10750564863,10279771641,11.25,tertiary,30.0,100
11006,10750564863,10207397922,30.08,secondary,40.0,200
11007,10765194734,7158617885,12.84,tertiary,30.0,100
11008,10765194734,13598885116,292.7,secondary,40.0,200
11009,10770482043,10595441721,12.0,tertiary,30.0,100
11010,10770482043,7345377659,453.9,secondary,40.0,200
11011,10770722930,245668515,14.34,tertiary,30.0,100
11012,10770722930,2622177294,30.12,primary,50.0,300
11013,10770749309,346633203,12.12,tertiary,30.0,100
11014,10770749309,9681688973,351.35,secondary,40.0,200
11015,10772904744,245667447,187.32,trunk,60.0,400
11016,10772904746,10772904760,803.34,trunk,60.0,400
11017,10772904746,10772904744,329.14,trunk_link,50.0,350
11018,10772904760,2804548109,122.32,trunk,60.0,400
11019,10774729902,11953087504,297.69,secondary,40.0,200
11020,10774729902,9352141082,10.25,secondary,40.0,200
11021,10777556514,245682305,9.53,tertiary,30.0,100
11022,10777556514,9869792513,307.99,tertiary,30.0,100
11023,10809175117,13737018156,222.79,trunk,60.0,400
11024,10809175121,10809175122,13.04,trunk_link,50.0,350
11025,10809175121,10578626163,302.52,trunk_link,50.0,350
11026,10809175122,10809175121,13.04,trunk_link,50.0,350
11027,10809175122,2246471991,308.14,tertiary,30.0,100
11028,10820417298,5349392408,639.3,trunk_link,50.0,350
11029,10820417298,1665625040,348.21,trunk,60.0,400
11030,10820417302,1665625040,242.21,trunk_link,50.0,350
11031,10820417302,10809175122,546.35,tertiary,30.0,100
11032,10820417303,10820417302,48.9,trunk_link,50.0,350
11033,10824774388,8973771545,2678.64,trunk,60.0,400
11034,10824774388,1366956109,312.49,trunk_link,50.0,350
11035,10839469177,7331358918,3.25,primary,50.0,300
11036,10845362178,12260986156,20.21,primary,50.0,300
11037,10845362178,1640191301,45.71,primary,50.0,300
11038,10845925893,884429985,373.32,secondary,40.0,200
11039,10845925895,245676028,21.98,primary,50.0,300
11040,10845925895,10845925893,30.21,primary_link,40.0,250
11041,10845962342,245678339,7.75,tertiary,30.0,100
11042,10845962342,7241667064,391.28,tertiary,30.0,100
11043,10845962344,7241667062,187.86,tertiary,30.0,100
11044,10845962344,10845962342,185.93,tertiary,30.0,100
11045,10845962346,10845962350,252.64,tertiary,30.0,100
11046,10845962346,10845962344,25.67,tertiary,30.0,100
11047,10845962350,769028312,9.69,tertiary,30.0,100
11048,10845962350,10845962346,253.61,tertiary,30.0,100
11049,10845966982,1352212388,8.7,tertiary,30.0,100
11050,10845966982,13648926267,386.54,tertiary,30.0,100
11051,10845966983,10956744329,7.72,tertiary,30.0,100
11052,10845966983,1351352355,281.34,tertiary,30.0,100
11053,10877132827,3793874882,4.76,tertiary,30.0,100
11054,10877132827,9869792498,139.5,secondary,40.0,200
11055,10877132833,10877132840,6.04,tertiary,30.0,100
11056,10877132833,245683104,1216.99,tertiary,30.0,100
11057,10877132833,13584306189,180.47,secondary,40.0,200
11058,10877132840,10877132833,6.04,tertiary,30.0,100
11059,10877132840,10877132827,81.22,secondary,40.0,200
11060,10877132861,13584306188,12.38,secondary,40.0,200
11061,10877132861,245683078,40.91,tertiary,30.0,100
11062,10877132885,1646690963,6.15,secondary,40.0,200
11063,10877132885,10877132861,617.34,secondary,40.0,200
11064,10877132886,10877132885,11.47,secondary,40.0,200
11065,10877132886,13467902227,194.33,secondary,40.0,200
11066,10877132888,10877132861,6.29,tertiary,30.0,100
11067,10877132888,1646690963,624.3,secondary,40.0,200
11068,10877179697,7379512624,10.47,tertiary,30.0,100
11069,10877179697,9674225639,317.46,secondary,40.0,200
11070,10877195122,1375215761,9.29,secondary,40.0,200
11071,10877195122,13887009314,9.39,secondary,40.0,200
11072,10877195128,5483788799,21.01,trunk_link,50.0,350
11073,10877195128,13734025715,177.9,secondary,40.0,200
11074,10877195128,13807899486,332.77,secondary,40.0,200
11075,10877277214,245660365,17.87,tertiary,30.0,100
11076,10877277214,10877277215,34.07,primary,50.0,300
11077,10877277215,7394074690,192.74,primary,50.0,300
11078,10877430387,1645876435,20.18,primary_link,40.0,250
11079,10877430387,1645876454,179.78,primary,50.0,300
11080,10877430387,1490200676,151.82,primary,50.0,300
11081,10877441444,10277717591,246.34,primary,50.0,300
11082,10877441446,10877451381,14.77,secondary,40.0,200
11083,10877441446,10877441444,13.62,primary_link,40.0,250
11084,10877451381,2442886089,8.7,primary,50.0,300
11085,10877451381,10877441444,14.14,primary,50.0,300
11086,10877451382,10877451381,13.1,primary,50.0,300
11087,10877451382,6491605232,243.78,secondary,40.0,200
11088,10877637591,6078180283,10.91,primary,50.0,300
11089,10877664324,4307040466,9.67,secondary,40.0,200
11090,10877664324,6925978243,542.75,primary,50.0,300
11091,10877664325,10877664324,10.19,primary,50.0,300
11092,10877664326,10877664325,9.78,secondary,40.0,200
11093,10877664326,245657245,15.2,primary,50.0,300
11094,10877664327,10877664331,11.14,secondary,40.0,200
11095,10877664327,10885775497,398.52,secondary,40.0,200
11096,10877664329,10877664327,67.68,secondary,40.0,200
11097,10877664330,10277817426,31.87,secondary,40.0,200
11098,10877664330,4307040451,41.58,secondary_link,35.0,150
11099,10877664331,10877664330,48.09,secondary,40.0,200
11100,10877693755,7353554811,35.02,tertiary,30.0,100
11101,10877693755,13698318584,161.16,tertiary,30.0,100
11102,10877916796,2622177275,134.85,primary,50.0,300
11103,10877916796,6552758940,158.8,primary,50.0,300
11104,10878020685,10878020686,15.04,primary,50.0,300
11105,10878020685,10229985330,336.4,primary,50.0,300
11106,10878020686,13088861530,14.31,primary,50.0,300
11107,10878020686,5477703669,60.47,primary,50.0,300
11108,10878020696,10878020697,9.33,primary,50.0,300
11109,10878020696,5477703696,483.25,primary,50.0,300
11110,10878020697,2622177356,10.81,primary,50.0,300
11111,10878020697,10878020699,94.49,tertiary,30.0,100
11112,10878020699,2622177356,88.45,tertiary,30.0,100
11113,10878020699,1644086520,120.55,tertiary,30.0,100
11114,10878501990,2629418497,75.32,secondary,40.0,200
11115,10878501990,10878501991,12.08,tertiary,30.0,100
11116,10878501991,10878501990,12.08,tertiary,30.0,100
11117,10878501991,2629418495,22.93,secondary,40.0,200
11118,10878501997,13639940586,13.32,tertiary,30.0,100
11119,10878535987,11024186264,33.55,tertiary,30.0,100
11120,10878535987,10878535988,9.02,tertiary_link,25.0,80
11121,10878535988,13525755779,34.06,tertiary,30.0,100
11122,10878535988,10878535987,9.02,tertiary_link,25.0,80
11123,10879477385,10960929797,9.67,tertiary,30.0,100
11124,10879477385,1920266074,331.81,tertiary,30.0,100
11125,10879528547,13859362738,226.3,tertiary,30.0,100
11126,10879528547,13437636804,195.46,tertiary,30.0,100
11127,10879528609,1646746621,12.57,tertiary,30.0,100
11128,10879528609,1646746621,609.31,tertiary,30.0,100
11129,10879528613,1646746621,775.32,tertiary,30.0,100
11130,10879528613,13437517362,40.26,tertiary,30.0,100
11131,10879569089,1646690902,785.58,tertiary,30.0,100
11132,10879569089,1647556137,76.2,secondary,40.0,200
11133,10879569090,10879569091,11.45,tertiary,30.0,100
11134,10879569090,10777556514,1323.62,tertiary,30.0,100
11135,10879569091,10879569090,11.45,tertiary,30.0,100
11136,10879569091,629023678,736.1,tertiary,30.0,100
11137,10879569091,1646690902,175.95,tertiary,30.0,100
11138,10879569097,12429501779,5.7,secondary,40.0,200
11139,10879625875,7358502447,7.82,tertiary_link,25.0,80
11140,10879625875,245682021,262.53,tertiary,30.0,100
11141,10880265732,564764334,349.59,secondary,40.0,200
11142,10880265732,10880265733,176.37,secondary,40.0,200
11143,10880265733,10880265735,248.83,secondary,40.0,200
11144,10880265733,10880265732,176.37,secondary,40.0,200
11145,10880265735,7308710008,2629.18,secondary,40.0,200
11146,10880265735,10880265733,244.14,secondary,40.0,200
11147,10880319881,245682792,9.41,tertiary,30.0,100
11148,10880319881,10880319881,607.68,tertiary,30.0,100
11149,10880324974,10277277831,4.47,tertiary,30.0,100
11150,10880324974,13454773068,276.07,tertiary,30.0,100
11151,10880324989,10110467909,129.08,tertiary,30.0,100
11152,10880324989,1511531476,91.24,tertiary,30.0,100
11153,10880461000,1481078176,11.57,secondary,40.0,200
11154,10880461000,969893715,123.63,secondary,40.0,200
11155,10880461003,969893715,10.81,tertiary,30.0,100
11156,10880461003,10880461000,120.44,secondary,40.0,200
11157,10880461004,10880461003,11.32,secondary,40.0,200
11158,10880461004,13468719524,113.2,tertiary,30.0,100
11159,10880492213,10880492220,960.41,secondary,40.0,200
11160,10880492213,245682619,228.21,secondary,40.0,200
11161,10880492220,245682725,786.17,secondary,40.0,200
11162,10880492220,3793874875,110.68,secondary,40.0,200
11163,10880537043,969893765,205.2,secondary,40.0,200
11164,10880537043,969893765,204.12,secondary,40.0,200
11165,10880576113,2231178576,3187.25,tertiary,30.0,100
11166,10880576113,2216091725,176.08,secondary,40.0,200
11167,10880766501,2069691762,134.77,tertiary,30.0,100
11168,10880766501,10880784922,314.34,secondary,40.0,200
11169,10880784908,10287277761,5.8,tertiary,30.0,100
11170,10880784908,2069691762,405.93,tertiary,30.0,100
11171,10880784908,13857111143,325.77,secondary,40.0,200
11172,10880784922,10880784941,7.05,tertiary,30.0,100
11173,10880784922,10880784908,433.95,secondary,40.0,200
11174,10880784941,10880784922,7.05,tertiary,30.0,100
11175,10880784941,10880766501,320.77,secondary,40.0,200
11176,10880784941,884466993,439.02,tertiary,30.0,100
11177,10880826045,1913053670,5.62,secondary,40.0,200
11178,10880826045,1344357227,774.83,secondary,40.0,200
11179,10880826047,10880826048,8.93,secondary,40.0,200
11180,10880826047,6598737611,262.89,secondary,40.0,200
11181,10880826048,1344357227,7.05,secondary,40.0,200
11182,10880826048,10880826045,782.08,secondary,40.0,200
11183,10880918992,630298114,206.45,secondary,40.0,200
11184,10880918992,11027079291,149.09,secondary,40.0,200
11185,10882363456,630298114,7.99,secondary,40.0,200
11186,10882363456,10882363458,106.86,secondary,40.0,200
11187,10882363458,630298120,9.98,tertiary,30.0,100
11188,10882363458,10277636651,584.48,secondary,40.0,200
11189,10882363458,1184498924,296.04,tertiary,30.0,100
11190,10882615919,10882615925,251.23,secondary,40.0,200
11191,10882615919,1184070632,134.11,secondary,40.0,200
11192,10882615923,11472722268,7.22,secondary_link,35.0,150
11193,10882615923,10882615927,124.97,secondary,40.0,200
11194,10882615925,10882615926,11.29,secondary,40.0,200
11195,10882615926,10882615927,8.98,tertiary,30.0,100
11196,10882615926,11472722268,126.34,secondary,40.0,200
11197,10882615927,13614206224,87.9,tertiary,30.0,100
11198,10882615927,10882615928,10.95,secondary,40.0,200
11199,10882615928,10882615925,9.58,tertiary,30.0,100
11200,10882615928,10882615919,252.78,secondary,40.0,200
11201,10882649102,10923446393,130.16,tertiary,30.0,100
11202,10882649102,245670288,1329.8,tertiary,30.0,100
11203,10882649104,10882695005,16.08,tertiary,30.0,100
11204,10882649104,10882695005,403.23,tertiary,30.0,100
11205,10882674716,1184070629,320.21,secondary,40.0,200
11206,10882674716,12408501791,207.25,secondary,40.0,200
11207,10882695005,10882695006,136.54,tertiary,30.0,100
11208,10882695005,7396975453,10.68,tertiary,30.0,100
11209,10882695006,10923446393,9.14,tertiary,30.0,100
11210,10882695006,10882649102,131.74,tertiary,30.0,100
11211,10882696217,10882696219,5.07,tertiary,30.0,100
11212,10882696217,13516051357,22.3,tertiary,30.0,100
11213,10882696217,13537225637,47.59,secondary,40.0,200
11214,10882696219,10882696217,5.07,tertiary,30.0,100
11215,10882696219,13503549885,803.25,secondary,40.0,200
11216,10882696219,245668010,306.26,tertiary,30.0,100
11217,10882702403,6430382336,9.6,secondary_link,35.0,150
11218,10882702403,13508424664,259.19,secondary,40.0,200
11219,10882715558,10882715559,5.77,secondary,40.0,200
11220,10882715558,10882727459,9.06,secondary,40.0,200
11221,10882715558,10882715562,469.23,secondary,40.0,200
11222,10882715559,10882715558,5.77,secondary,40.0,200
11223,10882715559,347192306,674.84,tertiary,30.0,100
11224,10882715559,5353822010,488.02,secondary,40.0,200
11225,10882715560,347116059,7.69,secondary_link,35.0,150
11226,10882715560,13521149002,466.12,secondary,40.0,200
11227,10882715562,347106967,6.17,tertiary,30.0,100
11228,10882715562,10882715560,109.84,secondary,40.0,200
11229,10882727459,13514568911,32.62,secondary,40.0,200
11230,10882727459,10882715558,9.06,secondary,40.0,200
11231,10882727463,13520933667,27.52,secondary,40.0,200
11232,10882727463,471581476,6.56,secondary_link,35.0,150
11233,10882727464,4328035970,6.14,secondary,40.0,200
11234,10882727464,13520099255,44.86,secondary,40.0,200
11235,10882727465,10882727464,6.67,secondary,40.0,200
11236,10882727465,9681689000,173.32,secondary,40.0,200
11237,10882768312,10882768313,24.62,secondary,40.0,200
11238,10882768312,13508424661,7.81,secondary_link,35.0,150
11239,10882768313,12347814314,7.37,secondary,40.0,200
11240,10882768313,13508522909,438.52,secondary,40.0,200
11241,10882768315,10882768316,17.61,secondary_link,35.0,150
11242,10882768315,13852795719,33.5,secondary,40.0,200
11243,10882768316,10882768315,17.61,secondary_link,35.0,150
11244,10882768316,619227611,122.72,secondary,40.0,200
11245,10882768320,6430382337,7.08,secondary_link,35.0,150
11246,10882768320,6430382336,38.99,secondary_link,35.0,150
11247,10882768320,11954333366,95.2,tertiary,30.0,100
11248,10882769268,11101008763,7.63,tertiary,30.0,100
11249,10882769268,10882769269,95.03,secondary,40.0,200
11250,10882769269,1366097133,1004.37,secondary,40.0,200
11251,10882769269,11101008763,91.36,secondary,40.0,200
11252,10882769272,1366097663,10.28,tertiary,30.0,100
11253,10882769272,1366097698,274.54,secondary,40.0,200
11254,10882783547,1366987067,5.67,tertiary,30.0,100
11255,10882783547,5913226245,19.05,secondary,40.0,200
11256,10882788615,245666164,11.02,secondary,40.0,200
11257,10882788616,10882788615,7.45,secondary,40.0,200
11258,10882788616,13681073483,94.27,secondary,40.0,200
11259,10882918292,6430497206,9.76,secondary,40.0,200
11260,10882918292,13736729653,175.63,primary,50.0,300
11261,10882945923,13797636932,10.76,secondary_link,35.0,150
11262,10882945923,10882945925,218.21,secondary,40.0,200
11263,10882945924,5836311789,12.63,secondary,40.0,200
11264,10882945924,13797636932,229.87,secondary,40.0,200
11265,10882945925,10882945924,12.17,secondary,40.0,200
11266,10882945925,5836311787,7.61,primary_link,40.0,250
11267,10882945928,5346805346,8.0,secondary,40.0,200
11268,10882945928,4307211865,272.46,secondary,40.0,200
11269,10882965948,631487133,89.09,secondary,40.0,200
11270,10882965948,12260876962,157.2,secondary,40.0,200
11271,10882965954,631497215,8.39,secondary,40.0,200
11272,10882965954,7372036724,79.52,secondary,40.0,200
11273,10883072798,10883072803,162.95,secondary,40.0,200
11274,10883072798,245660380,14.04,secondary,40.0,200
11275,10883072800,10883072798,163.55,secondary,40.0,200
11276,10883072800,10883072803,7.7,secondary,40.0,200
11277,10883072803,12816071781,20.56,secondary,40.0,200
11278,10883588501,5848596617,374.31,secondary,40.0,200
11279,10883588501,10883640311,236.48,secondary,40.0,200
11280,10883614928,5848596607,2.88,secondary,40.0,200
11281,10883614931,10282040408,11.59,tertiary,30.0,100
11282,10883614931,12566268246,584.1,tertiary,30.0,100
11283,10883614931,10281938566,31.12,secondary,40.0,200
11284,10883614936,11133938684,25.63,secondary,40.0,200
11285,10883614936,3736882567,9.88,tertiary,30.0,100
11286,10883614938,4906196445,10.51,secondary_link,35.0,150
11287,10883614938,13686823154,116.55,secondary,40.0,200
11288,10883640311,10883640321,74.91,secondary,40.0,200
11289,10883640311,10883588501,236.48,secondary,40.0,200
11290,10883640313,245659166,22.15,secondary,40.0,200
11291,10883640313,10277749846,46.22,trunk,60.0,400
11292,10883640314,10883640313,20.92,secondary,40.0,200
11293,10883640314,1165312783,9.13,secondary_link,35.0,150
11294,10883640320,10883640321,6.25,secondary_link,35.0,150
11295,10883640320,10883640311,73.89,secondary,40.0,200
11296,10883640321,10883640320,6.25,secondary_link,35.0,150
11297,10883640321,10883640314,132.54,secondary,40.0,200
11298,10883677654,245658427,15.55,secondary,40.0,200
11299,10883677654,245658494,174.44,secondary,40.0,200
11300,10883677660,245658494,4.99,tertiary,30.0,100
11301,10883677660,10883677654,173.76,secondary,40.0,200
11302,10883705290,493966574,10.31,secondary,40.0,200
11303,10883734226,245657049,10.87,secondary,40.0,200
11304,10883734226,10883734239,602.81,secondary,40.0,200
11305,10883734239,245657418,18.3,secondary,40.0,200
11306,10883734239,6574282572,8.24,secondary,40.0,200
11307,10885590276,458874747,46.62,secondary,40.0,200
11308,10885590276,245654845,29.04,secondary,40.0,200
11309,10885590281,458874747,6.89,secondary,40.0,200
11310,10885590281,10885590276,46.42,secondary,40.0,200
11311,10885590282,245654875,6.11,secondary,40.0,200
11312,10885590282,10885590281,93.32,secondary,40.0,200
11313,10885590287,245655166,8.31,tertiary,30.0,100
11314,10885590287,10885590282,576.78,tertiary,30.0,100
11315,10885590288,245655226,7.88,tertiary,30.0,100
11316,10885590288,10885590287,24.07,tertiary,30.0,100
11317,10885590289,459499511,7.6,tertiary,30.0,100
11318,10885590289,10885590288,18.68,tertiary,30.0,100
11319,10885603689,245654845,22.11,secondary,40.0,200
11320,10885603689,245654990,306.84,secondary,40.0,200
11321,10885603696,10885618323,5.79,secondary_link,35.0,150
11322,10885603696,245655288,194.62,secondary,40.0,200
11323,10885603698,10885618315,6.47,secondary_link,35.0,150
11324,10885603698,13905111268,138.11,secondary,40.0,200
11325,10885603703,13905111270,7.9,secondary_link,35.0,150
11326,10885603703,13905111272,110.32,secondary,40.0,200
11327,10885618307,12506352389,11.61,primary,50.0,300
11328,10885618307,13701145285,30.59,secondary,40.0,200
11329,10885618315,10885603698,6.47,secondary_link,35.0,150
11330,10885618315,13905111258,54.59,secondary,40.0,200
11331,10885618323,10885603696,5.79,secondary_link,35.0,150
11332,10885618323,10885618341,454.3,secondary,40.0,200
11333,10885618341,245654990,5.92,tertiary,30.0,100
11334,10885618341,245654461,1171.14,tertiary,30.0,100
11335,10885618341,10885603689,305.56,secondary,40.0,200
11336,10885684489,10885684490,24.66,secondary,40.0,200
11337,10885684490,460941437,14.09,tertiary,30.0,100
11338,10885684490,12411440897,216.59,secondary,40.0,200
11339,10885739622,13508229962,5.67,secondary,40.0,200
11340,10885739622,245656280,311.24,tertiary,30.0,100
11341,10885739623,6554614261,9.68,secondary,40.0,200
11342,10885739623,13905421975,30.52,secondary,40.0,200
11343,10885739626,13905421976,26.36,secondary,40.0,200
11344,10885739626,471972442,6.95,tertiary,30.0,100
11345,10885739626,13905428415,240.38,tertiary,30.0,100
11346,10885739627,7384062496,10.43,secondary,40.0,200
11347,10885739627,13905421974,38.67,secondary,40.0,200
11348,10885739628,10885739627,10.8,secondary,40.0,200
11349,10885739628,10277863436,19.04,secondary,40.0,200
11350,10885739629,10277863433,131.03,secondary,40.0,200
11351,10885739629,471972441,6.96,tertiary,30.0,100
11352,10885739629,356178506,203.34,tertiary,30.0,100
11353,10885746539,245655752,9.51,primary,50.0,300
11354,10885746540,10885746539,15.34,secondary,40.0,200
11355,10885746540,2442510061,249.11,primary,50.0,300
11356,10885746541,10885746540,39.41,secondary,40.0,200
11357,10885746541,245655800,8.22,secondary_link,35.0,150
11358,10885746545,245655876,8.04,secondary,40.0,200
11359,10885746545,13905111274,49.38,secondary,40.0,200
11360,10885746546,10885746545,14.3,secondary,40.0,200
11361,10885746546,2442510065,368.54,secondary,40.0,200
11362,10885757448,245656408,7.22,secondary,40.0,200
11363,10885757448,13904788477,58.62,secondary,40.0,200
11364,10885757450,561165513,7.16,secondary,40.0,200
11365,10885757450,13904788478,215.72,secondary,40.0,200
11366,10885774555,245656411,12.98,tertiary,30.0,100
11367,10885774555,13906038548,384.01,tertiary,30.0,100
11368,10885774555,245656412,155.33,secondary,40.0,200
11369,10885774557,10885774568,180.25,secondary,40.0,200
11370,10885774557,245656414,255.14,secondary,40.0,200
11371,10885774562,245656408,6.95,secondary,40.0,200
11372,10885774562,9201447745,253.42,secondary,40.0,200
11373,10885774562,245656283,124.26,secondary,40.0,200
11374,10885774568,245656412,10.66,tertiary,30.0,100
11375,10885774568,245656411,146.3,secondary,40.0,200
11376,10885775497,245656894,16.65,secondary,40.0,200
11377,10885775497,10877664327,398.52,secondary,40.0,200
11378,10885775500,245656894,9.44,secondary,40.0,200
11379,10885775500,10885775497,20.5,secondary,40.0,200
11380,10885775501,10885775500,8.46,secondary,40.0,200
11381,10885775501,10277829356,189.01,secondary,40.0,200
11382,10885780893,245655778,4.16,secondary,40.0,200
11383,10885780893,13904524534,33.11,secondary,40.0,200
11384,10885804557,714864884,20.49,secondary,40.0,200
11385,10885804880,561165526,4.86,secondary,40.0,200
11386,10885804881,245656961,13.51,secondary,40.0,200
11387,10885804881,10885804880,521.89,secondary,40.0,200
11388,10885845626,245655339,4.73,secondary,40.0,200
11389,10885845626,6552240725,27.25,secondary,40.0,200
11390,10885845628,245655412,8.98,secondary,40.0,200
11391,10885845628,10885845632,34.3,secondary,40.0,200
11392,10885845632,6552240725,4.94,secondary_link,35.0,150
11393,10885845632,10885845626,26.77,secondary,40.0,200
11394,10885845674,245656188,122.6,tertiary,30.0,100
11395,10885845674,10885845678,193.1,secondary,40.0,200
11396,10885845678,245656009,8.19,tertiary,30.0,100
11397,10885845678,11640005092,373.19,secondary,40.0,200
11398,10885845682,2176144837,43.58,primary,50.0,300
11399,10885845682,10885845683,12.87,secondary,40.0,200
11400,10885845683,245655908,7.44,primary,50.0,300
11401,10885994188,13702074457,124.75,tertiary,30.0,100
11402,10885994188,10885994195,12.31,tertiary,30.0,100
11403,10885994195,2241842966,14.29,tertiary,30.0,100
11404,10886054716,245653961,7.23,tertiary,30.0,100
11405,10886054716,10886054717,125.89,secondary,40.0,200
11406,10886054717,245653923,6.76,tertiary,30.0,100
11407,10886054717,7238373733,170.74,secondary,40.0,200
11408,10886054719,10886054720,17.26,secondary,40.0,200
11409,10886054719,2175129198,54.67,primary,50.0,300
11410,10886054720,245653820,9.3,primary,50.0,300
11411,10886054720,10886054721,31.02,tertiary,30.0,100
11412,10886054721,10886054725,476.24,tertiary,30.0,100
11413,10886054725,245653649,12.21,tertiary,30.0,100
11414,10886054725,245653671,190.49,tertiary,30.0,100
11415,10886066849,12350777519,5.25,tertiary,30.0,100
11416,10886066849,245653633,222.21,tertiary,30.0,100
11417,10886066851,245653464,17.43,tertiary,30.0,100
11418,10886066851,10886066849,610.03,tertiary,30.0,100
11419,10886129700,1078664681,5.83,tertiary,30.0,100
11420,10886129700,630707085,180.36,secondary,40.0,200
11421,10886147013,6802852073,6.72,secondary,40.0,200
11422,10886147013,12334328228,311.72,secondary,40.0,200
11423,10886147014,10886147013,10.28,secondary,40.0,200
11424,10886147014,10279457378,148.4,secondary,40.0,200
11425,10886175646,10260826686,210.38,secondary,40.0,200
11426,10886175646,10886175648,64.71,secondary,40.0,200
11427,10886175648,1388354194,12.89,secondary,40.0,200
11428,10886175648,10886175646,65.29,secondary,40.0,200
11429,10886182055,13580246899,134.46,secondary,40.0,200
11430,10886182055,10886182061,61.13,secondary,40.0,200
11431,10886182061,13580567016,245.85,secondary,40.0,200
11432,10886182061,10886182055,60.69,secondary,40.0,200
11433,10886182064,10886182067,5.21,secondary_link,35.0,150
11434,10886182064,10260826686,115.53,secondary,40.0,200
11435,10886182067,10886182064,5.21,secondary_link,35.0,150
11436,10886182067,1596008552,50.35,secondary,40.0,200
11437,10886219105,245672511,10.31,tertiary,30.0,100
11438,10886219106,10886219105,11.4,tertiary,30.0,100
11439,10886219106,10198760881,117.42,tertiary,30.0,100
11440,10886219517,1651404922,89.61,secondary,40.0,200
11441,10886219517,1643264361,30.2,secondary,40.0,200
11442,10886407640,1366794894,11.84,tertiary,30.0,100
11443,10888917521,10888917522,12.93,secondary,40.0,200
11444,10888917522,1271126541,15.41,primary,50.0,300
11445,10908118289,2244962171,10.4,tertiary_link,25.0,80
11446,10908118289,13703412793,168.36,tertiary,30.0,100
11447,10920909532,10173255201,295.09,secondary,40.0,200
11448,10920909532,2629945972,22.43,secondary,40.0,200
11449,10921183511,10921183512,14.46,tertiary,30.0,100
11450,10921183511,5470707489,225.19,primary,50.0,300
11451,10921183512,1451831897,8.28,primary,50.0,300
11452,10921183512,10921183535,643.83,tertiary,30.0,100
11453,10921183535,1451831897,646.97,tertiary,30.0,100
11454,10921183535,6583122230,103.08,tertiary,30.0,100
11455,10921440677,13896594157,18.43,tertiary,30.0,100
11456,10921440677,11941145761,831.94,trunk,60.0,400
11457,10923387492,2250825435,122.88,trunk,60.0,400
11458,10923446393,7396975453,136.9,tertiary,30.0,100
11459,10923446393,10882695006,9.14,tertiary,30.0,100
11460,10925691263,6616635522,8.63,primary_link,40.0,250
11461,10925691263,621287167,144.85,primary,50.0,300
11462,10926043604,10564469937,28.44,secondary,40.0,200
11463,10926043604,10926044209,37.21,trunk_link,50.0,350
11464,10926044209,13875496132,87.59,trunk_link,50.0,350
11465,10926044210,1178672927,32.63,trunk_link,50.0,350
11466,10926044210,10926044216,54.59,trunk_link,50.0,350
11467,10926044216,11953322544,143.38,secondary,40.0,200
11468,10926246153,13833629155,271.65,tertiary,30.0,100
11469,10926246153,1960735081,24.94,tertiary,30.0,100
11470,10927904424,13870822895,20.6,tertiary,30.0,100
11471,10927904424,10960996716,4.59,tertiary,30.0,100
11472,10927904427,13870822899,31.7,tertiary,30.0,100
11473,10927904427,10927904433,6.64,tertiary,30.0,100
11474,10927904430,13870620075,49.45,tertiary,30.0,100
11475,10927904430,10927904434,8.76,tertiary,30.0,100
11476,10927904433,10927904424,2.31,tertiary,30.0,100
11477,10927904434,10927904427,2.17,tertiary,30.0,100
11478,10927904436,10927904430,2.19,tertiary,30.0,100
11479,10936517722,4264781384,10.15,tertiary,30.0,100
11480,10936517722,13719142002,179.66,tertiary,30.0,100
11481,10936517723,10936517722,18.13,tertiary,30.0,100
11482,10936517723,1366054432,11.05,tertiary_link,25.0,80
11483,10936517726,1366054386,7.58,tertiary,30.0,100
11484,10936517726,10936517723,209.85,tertiary,30.0,100
11485,10936517727,10936517726,7.22,tertiary,30.0,100
11486,10936517727,13719798767,25.1,tertiary,30.0,100
11487,10936586333,10936586334,5.93,tertiary,30.0,100
11488,10936586333,9909376357,601.77,secondary,40.0,200
11489,10936586334,628998823,8.09,secondary,40.0,200
11490,10936586334,10936586340,537.36,tertiary,30.0,100
11491,10936586340,1375170792,13.38,tertiary,30.0,100
11492,10936586340,628998823,537.44,tertiary,30.0,100
11493,10936694574,7358348618,4.08,primary,50.0,300
11494,10936740241,7358348616,48.22,tertiary,30.0,100
11495,10936740241,245682264,364.93,tertiary,30.0,100
11496,10939000431,2929595509,9.99,secondary,40.0,200
11497,10939000431,13979936578,99.8,tertiary,30.0,100
11498,10939000436,7357700173,212.3,tertiary,30.0,100
11499,10939000436,2929595468,405.97,tertiary,30.0,100
11500,10939673573,6574294052,223.98,secondary,40.0,200
11501,10945682229,10277314313,91.68,tertiary,30.0,100
11502,10945682229,10277314310,12.3,secondary,40.0,200
11503,10945839589,13872509295,14.94,tertiary,30.0,100
11504,10945839589,12293476232,6.58,tertiary_link,25.0,80
11505,10956689089,13906401165,15.32,tertiary,30.0,100
11506,10956744325,10282000627,20.52,tertiary,30.0,100
11507,10956744325,7331358909,667.13,primary,50.0,300
11508,10956744326,629022103,10.7,tertiary,30.0,100
11509,10956744326,10956744325,8.95,primary,50.0,300
11510,10956744327,10956744326,20.58,tertiary,30.0,100
11511,10956744327,10282000622,480.58,primary,50.0,300
11512,10956744328,245681614,7.69,tertiary,30.0,100
11513,10956744328,10956744330,8.12,tertiary,30.0,100
11514,10956744329,13648926266,75.32,tertiary,30.0,100
11515,10956744329,10956744328,7.97,tertiary,30.0,100
11516,10956744330,10956744331,8.23,tertiary,30.0,100
11517,10956744331,7357726523,8.11,tertiary,30.0,100
11518,10956744331,10956744327,88.5,tertiary,30.0,100
11519,10956744332,10956744330,7.92,tertiary,30.0,100
11520,10956744332,245681614,8.43,tertiary,30.0,100
11521,10956744340,1351352355,7.17,tertiary,30.0,100
11522,10956744340,10956744329,281.75,tertiary,30.0,100
11523,10956744341,10956744340,6.9,tertiary,30.0,100
11524,10956744341,10956744340,272.73,tertiary,30.0,100
11525,10956744342,10956744341,6.99,tertiary,30.0,100
11526,10956744342,1351343339,314.0,tertiary,30.0,100
11527,10956744347,1351343339,9.6,tertiary,30.0,100
11528,10956744347,10956744341,314.03,tertiary,30.0,100
11529,10956744352,7377674097,7.3,primary,50.0,300
11530,10956744352,10956832469,435.65,tertiary,30.0,100
11531,10956744353,10956744352,7.06,tertiary,30.0,100
11532,10956744353,7377660276,226.35,primary,50.0,300
11533,10956832461,10956832462,5.64,tertiary,30.0,100
11534,10956832461,12429501782,397.34,secondary,40.0,200
11535,10956832462,10168211200,8.19,secondary,40.0,200
11536,10956832462,10956832468,550.39,tertiary,30.0,100
11537,10956832468,10956832469,7.74,tertiary,30.0,100
11538,10956832468,7377674097,438.69,tertiary,30.0,100
11539,10956832469,10956832474,10.23,tertiary,30.0,100
11540,10956832474,1351377036,7.88,tertiary,30.0,100
11541,10956832474,11927518736,182.34,tertiary,30.0,100
11542,10956905146,619169980,301.45,secondary,40.0,200
11543,10956905146,1178681137,974.46,secondary,40.0,200
11544,10956905147,7378915192,9.09,tertiary,30.0,100
11545,10956905147,1353464547,298.6,tertiary,30.0,100
11546,10956905147,10956905152,181.16,tertiary,30.0,100
11547,10956905152,13649033185,403.78,secondary,40.0,200
11548,10956905156,10956905157,5.43,tertiary,30.0,100
11549,10956905157,10956905159,8.97,tertiary,30.0,100
11550,10956905157,10956905147,127.48,tertiary,30.0,100
11551,10956905159,1096002709,5.54,tertiary,30.0,100
11552,10956905159,10110799432,338.06,tertiary,30.0,100
11553,10956910755,10956910756,11.15,tertiary,30.0,100
11554,10956910755,7377660280,365.24,primary,50.0,300
11555,10956910756,10956910757,6.63,primary,50.0,300
11556,10956910756,245681236,340.94,tertiary,30.0,100
11557,10956910757,10956910758,10.53,tertiary,30.0,100
11558,10956910757,1188654980,353.34,primary,50.0,300
11559,10956910758,10956910755,6.15,primary,50.0,300
11560,10960929797,4699029729,100.96,tertiary,30.0,100
11561,10960929797,10960929802,10.02,tertiary,30.0,100
11562,10960929800,1920266074,10.39,tertiary,30.0,100
11563,10960929800,10960929797,332.18,tertiary,30.0,100
11564,10960929801,10961014508,60.18,tertiary,30.0,100
11565,10960929801,1920266069,9.85,tertiary,30.0,100
11566,10960929802,10960929803,9.46,tertiary,30.0,100
11567,10960929802,13928264083,125.13,tertiary,30.0,100
11568,10960929803,10879477385,10.27,tertiary,30.0,100
11569,10960929803,13859966835,53.2,tertiary,30.0,100
11570,10960936599,3878492889,5.64,primary,50.0,300
11571,10960936600,10960936599,11.51,tertiary,30.0,100
11572,10960936600,13867831516,307.65,primary,50.0,300
11573,10960976267,1172407368,8.89,tertiary,30.0,100
11574,10960976267,1172407368,298.98,tertiary,30.0,100
11575,10960976274,13867818998,5.41,tertiary,30.0,100
11576,10960976274,13867831502,231.05,tertiary,30.0,100
11577,10960976280,1174942001,9.46,primary,50.0,300
11578,10960976280,13856215347,64.47,tertiary,30.0,100
11579,10960976281,10960976280,7.65,tertiary,30.0,100
11580,10960976281,13859362767,106.05,primary,50.0,300
11581,10960976284,13856215347,8.86,tertiary_link,25.0,80
11582,10960976284,1174942001,64.85,tertiary,30.0,100
11583,10960996705,13870620075,7.22,tertiary_link,25.0,80
11584,10960996705,10927904434,49.35,tertiary,30.0,100
11585,10960996709,10960976267,7.36,tertiary,30.0,100
11586,10960996709,13870620083,96.85,tertiary,30.0,100
11587,10960996710,13870620090,18.97,tertiary,30.0,100
11588,10960996710,10960996709,8.7,tertiary,30.0,100
11589,10960996712,1172405289,5.9,primary,50.0,300
11590,10960996712,10960996710,237.21,tertiary,30.0,100
11591,10960996713,10960996712,8.11,tertiary,30.0,100
11592,10960996713,1368753125,214.88,primary,50.0,300
11593,10960996716,1646685591,8.32,tertiary,30.0,100
11594,10961014507,1920266069,56.18,tertiary,30.0,100
11595,10961014507,10961014508,10.47,tertiary,30.0,100
11596,10961014508,10960929800,7.3,tertiary,30.0,100
11597,10961014508,10961014511,273.31,tertiary,30.0,100
11598,10961014511,7371419747,7.57,tertiary,30.0,100
11599,10961014511,12311841448,444.15,tertiary,30.0,100
11600,10961014511,10961014512,89.58,tertiary,30.0,100
11601,10961014512,1936499674,175.5,tertiary,30.0,100
11602,10961014512,7371419747,89.92,tertiary,30.0,100
11603,11012174108,1178623178,22.93,secondary,40.0,200
11604,11012174108,1180767121,48.49,tertiary,30.0,100
11605,11012174109,1178623178,55.52,tertiary,30.0,100
11606,11012174109,1180767121,16.01,tertiary,30.0,100
11607,11022370378,2897024595,225.83,secondary,40.0,200
11608,11022370378,10292442915,212.11,secondary,40.0,200
11609,11023548634,1650385414,232.32,primary,50.0,300
11610,11023548634,2442886101,25.07,primary,50.0,300
11611,11023557408,7416594673,10.63,secondary,40.0,200
11612,11023557408,13847213884,964.39,secondary,40.0,200
11613,11024186264,13525755780,21.08,tertiary,30.0,100
11614,11024186264,13525755779,9.43,tertiary_link,25.0,80
11615,11025401147,13597418381,19.0,tertiary,30.0,100
11616,11025401147,12946743498,31.65,tertiary_link,25.0,80
11617,11027079291,9694187775,238.33,secondary,40.0,200
11618,11027079291,5936572194,579.32,tertiary,30.0,100
11619,11028340735,3893167782,220.13,tertiary,30.0,100
11620,11028340735,1879817815,408.58,tertiary,30.0,100
11621,11031597010,10732416720,129.53,primary,50.0,300
11622,11031597011,11031597012,9.39,tertiary,30.0,100
11623,11031597011,245682251,230.69,tertiary,30.0,100
11624,11031597012,7361947984,8.09,tertiary,30.0,100
11625,11031597012,11031597010,279.72,tertiary,30.0,100
11626,11032187525,2929595542,15.53,secondary,40.0,200
11627,11032187525,9198613307,379.42,secondary,40.0,200
11628,11032187526,11032187525,12.97,secondary,40.0,200
11629,11033616597,245657543,569.32,tertiary,30.0,100
11630,11033657249,11012174109,9.67,tertiary,30.0,100
11631,11033657252,13748560587,69.57,tertiary,30.0,100
11632,11033657252,13733935624,11.72,tertiary,30.0,100
11633,11033657257,12296544497,481.15,tertiary,30.0,100
11634,11033657257,13723086703,12.44,tertiary,30.0,100
11635,11038814747,11038814750,13.53,secondary_link,35.0,150
11636,11038814747,2298251616,68.78,secondary,40.0,200
11637,11038814750,11038814747,13.53,secondary_link,35.0,150
11638,11038814750,457089700,753.66,secondary,40.0,200
11639,11041973035,6583122230,21.08,tertiary,30.0,100
11640,11041973035,11041973036,6.61,tertiary,30.0,100
11641,11041973036,11041973035,6.61,tertiary,30.0,100
11642,11043526513,245682619,6.75,secondary,40.0,200
11643,11043912919,245660549,18.2,tertiary,30.0,100
11644,11043951305,245660380,125.35,tertiary,30.0,100
11645,11043951305,245660549,146.48,tertiary,30.0,100
11646,11050902891,11050902892,10.53,secondary_link,35.0,150
11647,11050902891,6604321015,77.42,secondary,40.0,200
11648,11050902892,13569250108,85.39,secondary,40.0,200
11649,11050902892,11050902891,10.53,secondary_link,35.0,150
11650,11052195977,5488442681,12.64,secondary,40.0,200
11651,11052195977,13633876097,101.58,tertiary,30.0,100
11652,11052195979,11052195977,9.71,tertiary,30.0,100
11653,11052195979,1920242277,99.78,secondary,40.0,200
11654,11052576142,245653928,11.78,primary,50.0,300
11655,11052629982,245653830,15.45,secondary,40.0,200
11656,11052629982,12299724446,376.21,secondary,40.0,200
11657,11059281300,13733754820,366.66,secondary,40.0,200
11658,11059281300,9449324908,12.23,tertiary,30.0,100
11659,11061137673,10277239762,1141.28,tertiary,30.0,100
11660,11061137673,13677035095,47.86,tertiary,30.0,100
11661,11061174742,1366794682,4.88,tertiary,30.0,100
11662,11061174742,2559494248,2294.7,tertiary,30.0,100
11663,11061174742,13691092439,818.88,tertiary,30.0,100
11664,11061279701,13819013816,33.69,tertiary,30.0,100
11665,11061279701,1647016599,30.21,tertiary,30.0,100
11666,11064294513,13677237833,132.1,secondary,40.0,200
11667,11064294513,13677237837,8.41,secondary_link,35.0,150
11668,11064309452,13676889440,11.47,secondary_link,35.0,150
11669,11064309452,12295858288,172.59,secondary,40.0,200
11670,11068221213,700736527,13.56,tertiary,30.0,100
11671,11068221213,700736527,120.02,tertiary,30.0,100
11672,11068221213,11068221216,108.71,tertiary,30.0,100
11673,11068221216,11068221213,108.71,tertiary,30.0,100
11674,11068250153,7350614505,23.74,secondary,40.0,200
11675,11070737838,11070737839,16.31,primary_link,40.0,250
11676,11070737838,6583666745,493.99,primary,50.0,300
11677,11070737839,11070737838,16.31,primary_link,40.0,250
11678,11070737839,6569409223,203.51,primary,50.0,300
11679,11070903959,13797636937,52.41,secondary,40.0,200
11680,11070903959,6606994871,8.67,secondary_link,35.0,150
11681,11101008763,10882769272,10.28,secondary,40.0,200
11682,11104090264,11104090277,16.05,tertiary,30.0,100
11683,11104090271,11104090264,15.22,tertiary,30.0,100
11684,11104090271,11431904100,506.15,tertiary,30.0,100
11685,11104090277,10277314345,89.94,tertiary,30.0,100
11686,11104090277,7358502414,12.24,tertiary,30.0,100
11687,11105021579,11105021580,15.66,tertiary,30.0,100
11688,11105021579,10653548875,198.02,secondary,40.0,200
11689,11105021579,10267187204,208.39,tertiary,30.0,100
11690,11105021580,11105021579,15.66,tertiary,30.0,100
11691,11105021580,5130752071,33.27,secondary,40.0,200
11692,11133938684,10613389619,9.34,secondary_link,35.0,150
11693,11133938684,10883614938,17.26,secondary,40.0,200
11694,11140920278,11140920279,23.68,secondary,40.0,200
11695,11140920278,2399105035,176.89,primary_link,40.0,250
11696,11140920279,2399367035,9.05,primary_link,40.0,250
11697,11140920279,13467861325,445.27,secondary,40.0,200
11698,11143613408,8909137831,166.56,trunk_link,50.0,350
11699,11143613410,245665197,8.92,tertiary,30.0,100
11700,11143613410,10279771650,21.51,tertiary,30.0,100
11701,11143613411,7383907163,18.16,tertiary,30.0,100
11702,11143613411,11143613410,9.68,tertiary,30.0,100
11703,11143613412,7383907163,29.84,tertiary_link,25.0,80
11704,11143613412,11143613411,26.25,tertiary,30.0,100
11705,11143613413,13508455294,345.13,tertiary,30.0,100
11706,11192884549,11033657257,4.26,tertiary,30.0,100
11707,11201851936,12079658306,13.57,tertiary,30.0,100
11708,11201851936,245668398,106.37,tertiary,30.0,100
11709,11230573768,4625570781,8.73,tertiary,30.0,100
11710,11230573768,13580034551,41.43,primary_link,40.0,250
11711,11238094123,1188638929,8.64,secondary,40.0,200
11712,11254799221,1343002720,124.67,tertiary,30.0,100
11713,11254799221,1342988741,407.93,tertiary,30.0,100
11714,11271580571,10091403659,6.71,primary,50.0,300
11715,11271580571,13617067002,61.72,tertiary,30.0,100
11716,11273725381,11273725382,16.6,primary_link,40.0,250
11717,11273725381,13601941454,272.85,tertiary,30.0,100
11718,11273725382,13601941453,272.77,primary,50.0,300
11719,11273725382,11273725381,16.6,primary_link,40.0,250
11720,11274067553,4569925675,18.31,secondary,40.0,200
11721,11274067553,9679154877,80.93,secondary,40.0,200
11722,11329781476,11329781477,13.51,trunk_link,50.0,350
11723,11329781476,2929595648,700.57,tertiary,30.0,100
11724,11329781476,3273736210,850.54,tertiary,30.0,100
11725,11329781477,1179332232,303.55,trunk,60.0,400
11726,11372637545,2249163422,490.43,tertiary,30.0,100
11727,11372637545,13835530419,82.85,tertiary,30.0,100
11728,11372637545,13835530423,90.28,tertiary,30.0,100
11729,11384605400,13565939546,6.54,primary,50.0,300
11730,11384605400,13528851142,19.74,primary_link,40.0,250
11731,11384605402,11384605403,19.54,primary_link,40.0,250
11732,11384605402,471942852,106.13,primary,50.0,300
11733,11384605403,11384605402,19.54,primary_link,40.0,250
11734,11384605403,13528851142,51.81,primary,50.0,300
11735,11389889508,245683329,297.81,trunk_link,50.0,350
11736,11389889510,1511336027,34.77,tertiary,30.0,100
11737,11389889510,1511336025,10.52,tertiary,30.0,100
11738,11389889510,2249202000,275.27,trunk_link,50.0,350
11739,11396019487,11396019512,23.94,tertiary,30.0,100
11740,11396019487,1366028009,475.15,tertiary,30.0,100
11741,11396019492,11396019512,14.31,tertiary,30.0,100
11742,11396019492,11396019487,30.58,tertiary,30.0,100
11743,11396019494,11396019526,32.52,tertiary,30.0,100
11744,11396019494,11396019504,12.14,tertiary,30.0,100
11745,11396019500,11396019492,5.02,tertiary,30.0,100
11746,11396019504,11396019505,2.72,tertiary,30.0,100
11747,11396019505,11396019515,17.91,tertiary,30.0,100
11748,11396019505,11396019500,13.59,tertiary,30.0,100
11749,11396019512,11396019494,2.19,tertiary,30.0,100
11750,11396019515,5242502017,7.9,tertiary_link,25.0,80
11751,11396019515,11396019516,61.79,tertiary,30.0,100
11752,11396019516,13719082394,44.44,tertiary,30.0,100
11753,11396019516,13719082393,6.59,tertiary_link,25.0,80
11754,11396019517,4264781363,6.26,tertiary_link,25.0,80
11755,11396019517,13723740765,69.97,tertiary,30.0,100
11756,11396019526,11396019504,31.87,tertiary,30.0,100
11757,11396019526,1392485673,423.88,tertiary,30.0,100
11758,11400791206,11400791208,9.18,tertiary,30.0,100
11759,11400791206,11400791207,14.51,tertiary,30.0,100
11760,11400791207,11400791208,15.64,tertiary,30.0,100
11761,11400791207,1366096080,537.35,tertiary,30.0,100
11762,11400791208,1366054432,21.48,tertiary,30.0,100
11763,11400791208,10936517722,12.52,tertiary,30.0,100
11764,11419951308,2246661809,290.62,secondary,40.0,200
11765,11419951308,10279617327,288.83,secondary,40.0,200
11766,11431904100,7358502434,6.42,tertiary,30.0,100
11767,11431904100,11431904106,214.93,tertiary,30.0,100
11768,11431904106,10168211197,11.22,tertiary,30.0,100
11769,11431904106,245681963,172.79,secondary,40.0,200
11770,11461537126,245659852,32.95,secondary,40.0,200
11771,11461537126,5953038212,6.76,tertiary,30.0,100
11772,11461537126,245660329,764.59,tertiary,30.0,100
11773,11468832332,1643210496,14.79,secondary,40.0,200
11774,11468832332,11068250153,580.98,secondary,40.0,200
11775,11472722268,10882615923,7.22,secondary_link,35.0,150
11776,11472722268,10279564678,75.38,secondary,40.0,200
11777,11476100456,7394181671,8.7,secondary,40.0,200
11778,11476100456,1169481164,229.82,tertiary,30.0,100
11779,11497379659,2629418520,10.93,tertiary,30.0,100
11780,11497379659,10635534062,154.83,secondary,40.0,200
11781,11511143554,5921458166,10.41,secondary,40.0,200
11782,11603190365,1392485609,11.24,tertiary,30.0,100
11783,11603190365,10207331622,250.4,tertiary,30.0,100
11784,11640005091,11640005092,9.61,secondary_link,35.0,150
11785,11640005091,245656009,373.37,secondary,40.0,200
11786,11640005092,11640005091,9.61,secondary_link,35.0,150
11787,11640005092,10885845682,99.51,secondary,40.0,200
11788,11652543074,11652543075,12.75,tertiary_link,25.0,80
11789,11652543074,13882946987,497.36,tertiary,30.0,100
11790,11652543075,11652543074,12.75,tertiary_link,25.0,80
11791,11652543075,12432943167,38.46,tertiary,30.0,100
11792,11658941492,7340159712,8.66,tertiary,30.0,100
11793,11658941492,7340159712,1893.12,tertiary,30.0,100
11794,11658941492,7345105043,749.94,tertiary,30.0,100
11795,11710446828,4352377833,8.32,secondary_link,35.0,150
11796,11710446828,884254033,238.61,secondary,40.0,200
11797,11760802867,1960733382,29.07,trunk_link,50.0,350
11798,11760802867,1647016706,237.85,tertiary,30.0,100
11799,11760802867,11939384499,263.52,tertiary,30.0,100
11800,11762288198,1127774801,40.46,motorway,80.0,500
11801,11762288198,486327564,17.57,motorway_link,70.0,450
11802,11786980558,7345211352,55.29,secondary,40.0,200
11803,11786980558,3736953724,47.16,tertiary,30.0,100
11804,11786980559,1375170797,7.08,tertiary,30.0,100
11805,11786980559,629022103,297.11,tertiary,30.0,100
11806,11786980559,11786980563,466.19,tertiary,30.0,100
11807,11786980563,11786980564,6.54,tertiary,30.0,100
11808,11786980563,9115783843,282.54,tertiary,30.0,100
11809,11786980564,9903929402,7.74,tertiary,30.0,100
11810,11786980564,13649175894,48.74,tertiary,30.0,100
11811,11787007972,10282000612,62.58,tertiary,30.0,100
11812,11787007972,11787007974,47.0,tertiary,30.0,100
11813,11787007974,10282000612,44.03,primary,50.0,300
11814,11787007974,11787007975,15.53,tertiary,30.0,100
11815,11787007975,7377674132,8.27,primary,50.0,300
11816,11826800941,13778926633,38.24,tertiary,30.0,100
11817,11826800941,11826800942,7.77,tertiary_link,25.0,80
11818,11826800942,11826800941,7.77,tertiary_link,25.0,80
11819,11826800942,10108007322,322.36,tertiary,30.0,100
11820,11827175607,11827175608,6.08,tertiary,30.0,100
11821,11827175607,10277547726,93.89,tertiary,30.0,100
11822,11827175608,626539115,9.9,tertiary,30.0,100
11823,11827175608,11827175607,6.08,tertiary,30.0,100
11824,11919209525,10196782306,394.04,primary_link,40.0,250
11825,11919209525,10774729902,9.34,secondary,40.0,200
11826,11919249642,587976149,34.02,trunk,60.0,400
11827,11919249642,11919249646,61.43,trunk_link,50.0,350
11828,11919249646,587976149,46.12,tertiary,30.0,100
11829,11919249646,1365570187,180.28,tertiary,30.0,100
11830,11919249646,11919249649,65.58,trunk_link,50.0,350
11831,11919249649,5921458184,46.94,trunk,60.0,400
11832,11919460443,13856311302,8.76,primary_link,40.0,250
11833,11919460443,2629436075,62.18,primary,50.0,300
11834,11919771279,2249163520,14.3,tertiary,30.0,100
11835,11919771279,2249163570,285.62,trunk,60.0,400
11836,11919771279,11919771280,11.8,tertiary,30.0,100
11837,11919771280,3794378170,429.07,trunk,60.0,400
11838,11919771280,11919771279,11.8,tertiary,30.0,100
11839,11920002780,1644089890,82.45,tertiary,30.0,100
11840,11920002780,11920002781,27.01,trunk_link,50.0,350
11841,11920002781,2264152106,27.48,trunk,60.0,400
11842,11920002782,11920002783,27.28,trunk_link,50.0,350
11843,11920002782,1176874806,512.96,trunk,60.0,400
11844,11920002783,3747300131,488.25,tertiary,30.0,100
11845,11920002784,3747300132,1490.18,tertiary,30.0,100
11846,11920002785,11920002784,25.88,trunk_link,50.0,350
11847,11920002785,2264152102,1511.57,trunk,60.0,400
11848,11920002786,11920002787,25.5,trunk_link,50.0,350
11849,11920002786,10268111711,166.09,trunk,60.0,400
11850,11920002787,11920002786,25.5,trunk_link,50.0,350
11851,11920002787,6581097858,1059.15,tertiary,30.0,100
11852,11921265746,11921265747,19.19,trunk_link,50.0,350
11853,11921265747,5848131221,20.32,primary,50.0,300
11854,11921265747,1960732236,76.4,trunk_link,50.0,350
11855,11924862433,11925150432,9.02,tertiary_link,25.0,80
11856,11924862433,11925150431,134.46,tertiary,30.0,100
11857,11924898615,632310816,2878.81,tertiary,30.0,100
11858,11924898615,11925150435,56.13,tertiary,30.0,100
11859,11924898617,12082300376,758.4,tertiary,30.0,100
11860,11924898617,11924898618,17.81,tertiary,30.0,100
11861,11924898618,7375911811,20.03,tertiary,30.0,100
11862,11924898618,11925150428,560.55,tertiary,30.0,100
11863,11924900054,10277780855,24.51,tertiary,30.0,100
11864,11924905690,1936499564,7.67,primary,50.0,300
11865,11924909692,11924909693,25.96,tertiary_link,25.0,80
11866,11924909692,10277780854,174.21,tertiary,30.0,100
11867,11924909693,11924909692,25.96,tertiary_link,25.0,80
11868,11924909693,11924919810,375.63,tertiary,30.0,100
11869,11924914299,11924914300,14.19,tertiary_link,25.0,80
11870,11924914299,11924919809,182.89,tertiary,30.0,100
11871,11924914300,11924914299,14.19,tertiary_link,25.0,80
11872,11924914300,11924934792,162.8,tertiary,30.0,100
11873,11924919809,11924919810,19.02,tertiary_link,25.0,80
11874,11924919809,11924909692,368.25,tertiary,30.0,100
11875,11924919810,11924919809,19.02,tertiary_link,25.0,80
11876,11924919810,11924914300,191.82,tertiary,30.0,100
11877,11924934791,11924934792,15.18,tertiary_link,25.0,80
11878,11924934791,11924914299,160.45,tertiary,30.0,100
11879,11924934792,11924934794,48.48,tertiary,30.0,100
11880,11924934792,11924934791,15.18,tertiary_link,25.0,80
11881,11924934793,11924934794,13.48,tertiary_link,25.0,80
11882,11924934793,11924934791,48.89,tertiary,30.0,100
11883,11924934794,11924934793,13.48,tertiary_link,25.0,80
11884,11924934794,11925084680,85.23,tertiary,30.0,100
11885,11925084680,11925084681,13.95,tertiary_link,25.0,80
11886,11925084680,11925102340,148.97,tertiary,30.0,100
11887,11925084681,11925084680,13.95,tertiary_link,25.0,80
11888,11925084681,11924934793,84.12,tertiary,30.0,100
11889,11925102340,11925102341,8.92,tertiary,30.0,100
11890,11925102341,11925102342,16.64,tertiary,30.0,100
11891,11925102341,11924898617,46.24,tertiary,30.0,100
11892,11925102342,245660022,8.29,tertiary,30.0,100
11893,11925102342,11925102351,30.63,tertiary,30.0,100
11894,11925102350,245660022,25.18,tertiary,30.0,100
11895,11925102350,11925102351,6.2,tertiary_link,25.0,80
11896,11925102351,11925102350,6.2,tertiary_link,25.0,80
11897,11925102351,11925102353,76.41,tertiary,30.0,100
11898,11925102352,11925102350,75.64,tertiary,30.0,100
11899,11925102352,11925102353,6.79,tertiary_link,25.0,80
11900,11925102353,11925102355,182.64,tertiary,30.0,100
11901,11925102353,11925102352,6.79,tertiary_link,25.0,80
11902,11925102354,11925102352,183.42,tertiary,30.0,100
11903,11925102354,11925102355,8.18,tertiary_link,25.0,80
11904,11925102355,11925102354,8.18,tertiary_link,25.0,80
11905,11925102355,11925102357,167.18,tertiary,30.0,100
11906,11925102357,11925102358,7.24,tertiary_link,25.0,80
11907,11925102357,11925102366,171.5,tertiary,30.0,100
11908,11925102358,11925102357,7.24,tertiary_link,25.0,80
11909,11925102358,11925102354,171.01,tertiary,30.0,100
11910,11925102366,10277780863,130.57,tertiary,30.0,100
11911,11925102366,11925102358,171.38,tertiary,30.0,100
11912,11925150428,11925150429,18.87,tertiary_link,25.0,80
11913,11925150428,11925150430,114.4,tertiary,30.0,100
11914,11925150429,11925150428,18.87,tertiary_link,25.0,80
11915,11925150429,7375911811,563.64,tertiary,30.0,100
11916,11925150430,11925150431,18.01,tertiary_link,25.0,80
11917,11925150430,11925150432,133.0,tertiary,30.0,100
11918,11925150431,11925150430,18.01,tertiary_link,25.0,80
11919,11925150431,11925150429,112.94,tertiary,30.0,100
11920,11925150432,11924862433,9.02,tertiary_link,25.0,80
11921,11925150432,11925150434,64.76,tertiary,30.0,100
11922,11925150434,11925150435,9.22,tertiary_link,25.0,80
11923,11925150434,12376037609,581.88,tertiary,30.0,100
11924,11925150435,11925150434,9.22,tertiary_link,25.0,80
11925,11925150435,11924862433,67.29,tertiary,30.0,100
11926,11925224718,11925224720,42.16,tertiary,30.0,100
11927,11925224718,11925224719,18.95,tertiary_link,25.0,80
11928,11925224719,245659173,67.81,tertiary,30.0,100
11929,11925224719,11925224718,18.95,tertiary_link,25.0,80
11930,11925224720,11925224721,21.17,tertiary_link,25.0,80
11931,11925224720,11925224722,108.25,tertiary,30.0,100
11932,11925224721,11925224719,42.3,tertiary,30.0,100
11933,11925224721,11925224720,21.17,tertiary_link,25.0,80
11934,11925224722,11925224723,23.12,tertiary_link,25.0,80
11935,11925224722,9936198618,207.15,tertiary,30.0,100
11936,11925224723,11925224722,23.12,tertiary_link,25.0,80
11937,11925224723,11925224721,107.07,tertiary,30.0,100
11938,11925288309,11925288310,12.51,secondary_link,35.0,150
11939,11925288309,1960734187,64.88,secondary,40.0,200
11940,11925288310,11925288309,12.51,secondary_link,35.0,150
11941,11925288310,7398093905,285.2,secondary,40.0,200
11942,11925364172,13733782462,27.75,tertiary,30.0,100
11943,11925364172,2228291339,309.85,tertiary,30.0,100
11944,11925463722,1855295830,7.04,secondary_link,35.0,150
11945,11925463723,11925463722,11.97,secondary_link,35.0,150
11946,11925463723,13143942407,247.0,secondary,40.0,200
11947,11925463738,6017562079,11.45,secondary_link,35.0,150
11948,11925463738,1960734699,47.26,secondary,40.0,200
11949,11925633443,296353470,10.73,secondary,40.0,200
11950,11925633443,11461537126,165.23,secondary,40.0,200
11951,11925633446,11925633443,18.65,secondary,40.0,200
11952,11925633452,245659891,12.48,primary,50.0,300
11953,11925633452,13828513301,195.28,secondary,40.0,200
11954,11925633453,11925633452,17.23,secondary,40.0,200
11955,11925633453,13951766226,431.86,primary,50.0,300
11956,11925643819,11925643820,22.38,primary_link,40.0,250
11957,11925643819,2294395058,235.53,primary,50.0,300
11958,11925643820,11925643819,22.38,primary_link,40.0,250
11959,11925643820,12377696902,69.76,primary,50.0,300
11960,11925643821,13277421360,664.35,primary,50.0,300
11961,11925643821,11925643822,23.14,primary_link,40.0,250
11962,11925643822,768599593,28.33,primary,50.0,300
11963,11925643822,11925643821,23.14,primary_link,40.0,250
11964,11925677529,2216534453,196.44,tertiary,30.0,100
11965,11925677529,6197216783,206.49,secondary,40.0,200
11966,11925677530,2216534449,7.21,secondary,40.0,200
11967,11925677531,444753540,4.74,secondary,40.0,200
11968,11925677531,11925677534,36.18,secondary,40.0,200
11969,11925677533,471941466,7.43,primary,50.0,300
11970,11925677533,13802289406,36.49,secondary,40.0,200
11971,11925677534,11925677533,16.35,secondary,40.0,200
11972,11925677534,658571181,360.66,primary,50.0,300
11973,11925687118,2216534449,7.41,secondary_link,35.0,150
11974,11925687118,11925677529,8.46,secondary,40.0,200
11975,11927518733,11927518749,205.65,tertiary,30.0,100
11976,11927518733,10168211197,340.99,tertiary,30.0,100
11977,11927518735,11927518736,9.51,tertiary,30.0,100
11978,11927518735,1351377036,182.41,tertiary,30.0,100
11979,11927518736,10956744347,4.3,tertiary,30.0,100
11980,11927518736,11927518741,370.67,tertiary,30.0,100
11981,11927518741,11927518742,23.96,tertiary,30.0,100
11982,11927518741,10279869766,493.24,secondary,40.0,200
11983,11927518742,6204119877,8.0,secondary,40.0,200
11984,11927518742,245681405,83.25,tertiary,30.0,100
11985,11927518748,11927518749,4.38,tertiary_link,25.0,80
11986,11927518748,11927518733,205.24,tertiary,30.0,100
11987,11927518749,11927518735,20.78,tertiary,30.0,100
11988,11927518749,11927518748,4.38,tertiary_link,25.0,80
11989,11927565921,10613423002,375.22,tertiary,30.0,100
11990,11927565923,5848596597,17.46,trunk,60.0,400
11991,11927565923,11927565924,25.34,tertiary,30.0,100
11992,11927565923,11927565921,26.5,tertiary,30.0,100
11993,11927565924,11927565923,25.34,tertiary,30.0,100
11994,11927565924,10282040378,438.89,trunk,60.0,400
11995,11927565925,11927565921,28.18,tertiary,30.0,100
11996,11927565925,5848596602,282.16,secondary,40.0,200
11997,11927565926,9684698236,12.49,trunk,60.0,400
11998,11927565926,11927565927,26.07,trunk_link,50.0,350
11999,11927565927,11927565926,26.07,trunk_link,50.0,350
12000,11927565927,2258304421,158.33,trunk,60.0,400
12001,11927594954,10282040406,6.87,secondary,40.0,200
12002,11927594954,7374507910,808.48,secondary,40.0,200
12003,11927594954,13673973149,713.04,secondary,40.0,200
12004,11929904068,2176144842,23.41,primary,50.0,300
12005,11929904068,11929919469,13.72,primary_link,40.0,250
12006,11929911054,11929911055,13.69,primary_link,40.0,250
12007,11929911054,2176144839,297.44,primary,50.0,300
12008,11929911055,11929904068,40.24,primary,50.0,300
12009,11929911055,11929911054,13.69,primary_link,40.0,250
12010,11929912785,11929912786,6.94,primary_link,40.0,250
12011,11929912785,245658213,99.25,primary,50.0,300
12012,11929912786,11929912785,6.94,primary_link,40.0,250
12013,11929912786,7379493811,468.9,primary,50.0,300
12014,11929919469,11929911054,41.37,primary,50.0,300
12015,11929919469,11929904068,13.72,primary_link,40.0,250
12016,11929937326,245658362,7.56,tertiary,30.0,100
12017,11929937326,7379493802,265.44,primary,50.0,300
12018,11929993564,11929993565,21.17,trunk_link,50.0,350
12019,11929993564,10809175117,437.32,tertiary,30.0,100
12020,11929993565,1232644762,26.72,trunk_link,50.0,350
12021,11929993565,11929993564,21.17,trunk_link,50.0,350
12022,11930457663,2248465012,230.93,tertiary,30.0,100
12023,11930457663,6117660551,38.11,tertiary_link,25.0,80
12024,11938951570,414727656,10.35,tertiary,30.0,100
12025,11938951570,6802495517,289.58,primary,50.0,300
12026,11938975525,1960734426,362.47,primary,50.0,300
12027,11939157084,11939157085,33.72,trunk_link,50.0,350
12028,11939157084,1960734408,396.64,trunk_link,50.0,350
12029,11939157085,11939157084,33.72,trunk_link,50.0,350
12030,11939157085,1960734457,121.29,trunk_link,50.0,350
12031,11939157086,13551379980,9.5,trunk_link,50.0,350
12032,11939157086,1960734457,46.21,trunk,60.0,400
12033,11939157087,11939157086,14.51,trunk_link,50.0,350
12034,11939157087,5868392390,31.3,trunk,60.0,400
12035,11939223212,13892971095,112.67,tertiary,30.0,100
12036,11939223212,11939223213,15.7,trunk_link,50.0,350
12037,11939223212,5923939966,289.08,tertiary,30.0,100
12038,11939223213,13892971096,112.62,trunk,60.0,400
12039,11939223213,11939223212,15.7,trunk_link,50.0,350
12040,11939282084,11939282086,79.87,trunk,60.0,400
12041,11939282084,11939282087,12.37,trunk_link,50.0,350
12042,11939282085,11939282087,79.78,trunk,60.0,400
12043,11939282085,11939282086,13.03,trunk_link,50.0,350
12044,11939282086,10251547866,354.51,trunk,60.0,400
12045,11939282086,11939282085,13.03,trunk_link,50.0,350
12046,11939282087,11939282084,12.37,trunk_link,50.0,350
12047,11939282087,1960734983,156.07,trunk,60.0,400
12048,11939384499,11939384500,19.26,trunk_link,50.0,350
12049,11939384499,11760802867,263.52,tertiary,30.0,100
12050,11939384499,9348015285,195.19,tertiary,30.0,100
12051,11939384500,11939384499,19.26,trunk_link,50.0,350
12052,11939384500,7736315011,193.74,trunk_link,50.0,350
12053,11939473399,1960732364,18.08,tertiary,30.0,100
12054,11939473399,13896594157,20.94,tertiary,30.0,100
12055,11939473408,1960732352,78.07,trunk,60.0,400
12056,11939473408,1960732364,198.94,tertiary,30.0,100
12057,11941145761,1960732315,20.25,trunk,60.0,400
12058,11953087504,11953087505,14.55,primary,50.0,300
12059,11953087504,5923862802,44.6,secondary,40.0,200
12060,11953087505,1184130778,48.95,primary,50.0,300
12061,11953322544,11953322545,12.59,secondary_link,35.0,150
12062,11953322544,619169992,453.0,secondary,40.0,200
12063,11953322545,11953322544,12.59,secondary_link,35.0,150
12064,11953322545,10926043604,145.87,secondary,40.0,200
12065,11953521025,13802299617,536.17,primary,50.0,300
12066,11953521026,13949601853,222.04,primary,50.0,300
12067,11953521026,658571181,916.47,primary,50.0,300
12068,11953569095,11953569096,10.23,secondary_link,35.0,150
12069,11953569095,6078180496,279.19,secondary,40.0,200
12070,11953569096,11953569095,10.23,secondary_link,35.0,150
12071,11953569096,245654440,194.99,secondary,40.0,200
12072,11953719108,7353844854,433.33,tertiary,30.0,100
12073,11953719108,9800986543,23.12,tertiary,30.0,100
12074,11954164166,8360469288,3563.43,motorway,80.0,500
12075,11954176569,11954176572,712.62,motorway,80.0,500
12076,11954176569,9936198617,1306.17,motorway_link,70.0,450
12077,11954176572,9860683103,2497.61,motorway,80.0,500
12078,11954176575,6136332298,24.73,tertiary_link,25.0,80
12079,11954176575,12376037607,115.79,tertiary,30.0,100
12080,11954241771,7279521036,300.44,tertiary,30.0,100
12081,11954241771,1651338402,188.03,tertiary,30.0,100
12082,11954269591,3405453665,190.33,motorway_link,70.0,450
12083,11954269591,3455073157,102.55,motorway_link,70.0,450
12084,11954333366,12361260646,7.25,tertiary_link,25.0,80
12085,11954333366,13528689954,87.77,tertiary,30.0,100
12086,11955399699,11023557408,9.64,secondary,40.0,200
12087,11955399699,7416644625,315.95,secondary_link,35.0,150
12088,11976374939,245666426,36.9,tertiary,30.0,100
12089,11976374939,2897024740,307.42,tertiary,30.0,100
12090,11991486843,10277547721,12.48,tertiary_link,25.0,80
12091,11991486843,1185818941,352.54,tertiary,30.0,100
12092,12014245217,12014245218,12.44,primary,50.0,300
12093,12014245218,2929595613,16.81,secondary,40.0,200
12094,12014245218,13980218954,53.43,primary,50.0,300
12095,12070990506,245657123,12.67,secondary,40.0,200
12096,12070990506,13093331306,38.58,motorway_link,70.0,450
12097,12071185686,631489561,106.28,tertiary,30.0,100
12098,12071185686,12071185687,27.07,tertiary,30.0,100
12099,12071185687,631489579,9.22,tertiary,30.0,100
12100,12072887608,12072887609,30.09,trunk_link,50.0,350
12101,12072887608,4415746717,35.69,trunk,60.0,400
12102,12072887609,12072887608,30.09,trunk_link,50.0,350
12103,12072887609,622060376,198.57,trunk,60.0,400
12104,12079658306,11201851936,13.57,tertiary,30.0,100
12105,12079658306,10081148287,278.4,tertiary,30.0,100
12106,12079741513,2897024615,17.64,secondary,40.0,200
12107,12079741513,6552594957,398.68,primary,50.0,300
12108,12080057697,12080057698,16.33,primary_link,40.0,250
12109,12080057697,6167881714,104.71,primary,50.0,300
12110,12080057698,12080057697,16.33,primary_link,40.0,250
12111,12080057698,10877664325,919.14,primary,50.0,300
12112,12082300376,631480519,274.29,tertiary,30.0,100
12113,12082300376,11924898618,738.56,tertiary,30.0,100
12114,12082381194,12082381201,20.79,tertiary,30.0,100
12115,12082381194,245656594,393.88,tertiary,30.0,100
12116,12082381201,10277786606,310.53,tertiary,30.0,100
12117,12082381201,12082381194,20.79,tertiary,30.0,100
12118,12082381201,2442809536,108.62,tertiary,30.0,100
12119,12082858144,10274112167,27.94,tertiary,30.0,100
12120,12082858144,12082858148,37.19,tertiary_link,25.0,80
12121,12082858148,482266865,492.14,tertiary,30.0,100
12122,12084454212,9469495781,9.2,secondary,40.0,200
12123,12084454212,2897024676,114.58,tertiary,30.0,100
12124,12084455926,7345826551,23.33,secondary,40.0,200
12125,12084455926,12084455928,18.0,secondary,40.0,200
12126,12084455927,12084455926,7.38,secondary,40.0,200
12127,12084455927,564765453,9.0,secondary,40.0,200
12128,12084455928,564764334,7.49,secondary,40.0,200
12129,12084455928,10880265732,347.75,secondary,40.0,200
12130,12086495836,12086495837,9.75,tertiary,30.0,100
12131,12086495836,13922163690,478.54,primary,50.0,300
12132,12086495837,12395671875,8.31,primary,50.0,300
12133,12086495837,10107630362,246.78,tertiary,30.0,100
12134,12087090698,1178672931,40.83,tertiary,30.0,100
12135,12087090698,12087090701,45.31,trunk_link,50.0,350
12136,12087090701,245681461,284.62,trunk_link,50.0,350
12137,12088314611,528644180,20.05,tertiary,30.0,100
12138,12088314613,245653788,115.33,tertiary,30.0,100
12139,12088314613,12088314611,17.05,tertiary,30.0,100
12140,12088684363,493925820,11.09,tertiary,30.0,100
12141,12088684363,245658099,203.74,tertiary,30.0,100
12142,12088824444,13262801027,11.02,primary,50.0,300
12143,12088824444,1647016706,594.92,tertiary,30.0,100
12144,12088824447,13329699585,41.1,trunk_link,50.0,350
12145,12088824447,12088824451,47.29,trunk_link,50.0,350
12146,12088824451,9929331421,332.88,trunk_link,50.0,350
12147,12088824456,7736314484,30.42,trunk_link,50.0,350
12148,12088824456,12088824462,39.76,trunk_link,50.0,350
12149,12088824462,1960733013,313.36,trunk_link,50.0,350
12150,12088834960,3215559553,6.89,tertiary,30.0,100
12151,12088834960,12088863669,339.86,tertiary,30.0,100
12152,12088834962,3981413816,7.26,trunk_link,50.0,350
12153,12088834962,12088834960,165.61,tertiary,30.0,100
12154,12088863669,3215559553,340.13,tertiary,30.0,100
12155,12088863669,1366795254,317.32,tertiary,30.0,100
12156,12093130023,10199556121,10.72,tertiary,30.0,100
12157,12093130023,10199556125,8.52,primary,50.0,300
12158,12093130023,12093130024,14.51,tertiary,30.0,100
12159,12093130024,7361772690,249.18,tertiary,30.0,100
12160,12096487900,13598108137,35.38,tertiary,30.0,100
12161,12096487900,1647015495,8.54,tertiary,30.0,100
12162,12121814713,245654765,49.41,primary,50.0,300
12163,12123666436,10926044210,7.71,trunk_link,50.0,350
12164,12123666451,12123666452,13.62,trunk_link,50.0,350
12165,12123666451,12123666436,591.11,tertiary,30.0,100
12166,12123666452,12123666451,13.62,trunk_link,50.0,350
12167,12123666452,2249268513,307.28,trunk,60.0,400
12168,12124288546,6430906958,758.19,secondary,40.0,200
12169,12124288562,12124288546,527.91,secondary,40.0,200
12170,12124288562,1194136040,256.98,secondary,40.0,200
12171,12124288583,1194135953,179.09,secondary,40.0,200
12172,12124288583,245678572,528.63,secondary,40.0,200
12173,12124306136,7358417238,685.29,tertiary,30.0,100
12174,12124306136,7416574444,462.34,secondary,40.0,200
12175,12124306136,1184122435,129.31,secondary,40.0,200
12176,12125883925,1154214582,27.13,primary,50.0,300
12177,12125883926,1345329173,131.39,tertiary,30.0,100
12178,12125883926,13922390231,626.53,primary,50.0,300
12179,12126383538,1166186819,334.49,primary_link,40.0,250
12180,12135264137,1366857014,106.73,trunk,60.0,400
12181,12135264138,1366857089,415.27,trunk,60.0,400
12182,12135264138,1634250062,454.23,trunk_link,50.0,350
12183,12159350790,768595239,11.09,secondary,40.0,200
12184,12159350790,13802299622,664.66,primary,50.0,300
12185,12243225438,10265662175,226.66,trunk,60.0,400
12186,12258145308,2163539022,9.17,secondary,40.0,200
12187,12258145308,245654379,92.06,primary,50.0,300
12188,12258228970,4759328602,6.56,tertiary,30.0,100
12189,12258228970,7345603896,255.32,tertiary,30.0,100
12190,12258308248,2249326345,47.51,tertiary,30.0,100
12191,12258308248,13732758315,303.9,tertiary,30.0,100
12192,12258308249,6431441210,8.3,tertiary,30.0,100
12193,12260708836,5122630382,6.43,tertiary,30.0,100
12194,12260708836,1645886293,167.31,primary,50.0,300
12195,12260732292,4759328761,24.68,secondary,40.0,200
12196,12260767709,12260767710,7.75,secondary,40.0,200
12197,12260767709,12260732292,11.55,secondary,40.0,200
12198,12260767710,1366901329,9.72,tertiary,30.0,100
12199,12260767710,6574605040,194.16,secondary,40.0,200
12200,12260849097,245669557,245.27,tertiary,30.0,100
12201,12260849097,1913053572,190.98,tertiary,30.0,100
12202,12260849097,482278859,712.67,tertiary,30.0,100
12203,12260876962,10882965954,16.5,secondary,40.0,200
12204,12260876963,12260876962,8.2,secondary,40.0,200
12205,12260876963,1643134459,35.36,secondary,40.0,200
12206,12260986156,6601941185,15.92,primary,50.0,300
12207,12262773872,13895559633,24.1,tertiary,30.0,100
12208,12262773872,12262773873,7.77,tertiary_link,25.0,80
12209,12262773873,12262773872,7.77,tertiary_link,25.0,80
12210,12262773873,10279539049,43.22,tertiary,30.0,100
12211,12262773874,13895559631,16.24,tertiary,30.0,100
12212,12262773874,12262773875,6.1,tertiary_link,25.0,80
12213,12262773875,12262773874,6.1,tertiary_link,25.0,80
12214,12262773875,13895559634,46.15,tertiary,30.0,100
12215,12272825786,12272825787,12.09,primary_link,40.0,250
12216,12272825786,5639804517,1003.3,primary,50.0,300
12217,12272825787,12272825786,12.09,primary_link,40.0,250
12218,12272825787,13848883939,29.1,primary,50.0,300
12219,12273094475,12273450629,164.8,tertiary,30.0,100
12220,12273094475,1184071562,9.56,tertiary_link,25.0,80
12221,12273450628,12273450629,6.95,tertiary_link,25.0,80
12222,12273450628,1184071562,164.74,tertiary,30.0,100
12223,12273450629,7388408789,66.89,tertiary,30.0,100
12224,12273450629,12273450628,6.95,tertiary_link,25.0,80
12225,12293379928,9201441656,243.81,primary,50.0,300
12226,12293414015,1936627943,26.11,secondary_link,35.0,150
12227,12293414015,1936627981,58.35,secondary,40.0,200
12228,12293476231,12293476237,9.03,tertiary,30.0,100
12229,12293476231,621287160,258.93,primary,50.0,300
12230,12293476232,12637978224,86.92,tertiary,30.0,100
12231,12293476232,10945839589,6.58,tertiary_link,25.0,80
12232,12293476237,1936499722,9.15,primary,50.0,300
12233,12293476237,13872509294,164.1,tertiary,30.0,100
12234,12293587690,4513730336,7.32,secondary_link,35.0,150
12235,12293587690,13904906004,146.81,secondary,40.0,200
12236,12294664504,6431009346,1209.83,primary,50.0,300
12237,12294664504,6572386240,1219.8,tertiary,30.0,100
12238,12294664506,12294664510,10.17,primary,50.0,300
12239,12294664506,12294664504,70.33,primary,50.0,300
12240,12294664510,12294664506,10.17,primary,50.0,300
12241,12294664510,9903536150,8.44,primary,50.0,300
12242,12294664510,245662564,731.22,tertiary,30.0,100
12243,12295858287,12295858288,9.11,secondary_link,35.0,150
12244,12295858287,13676889440,171.84,secondary,40.0,200
12245,12295858288,12295858287,9.11,secondary_link,35.0,150
12246,12295858288,10244260002,147.78,secondary,40.0,200
12247,12295929919,1375170790,167.58,tertiary,30.0,100
12248,12295929919,7345377635,300.1,tertiary,30.0,100
12249,12295929919,9115783837,345.3,tertiary,30.0,100
12250,12296084705,12296084706,12.03,secondary_link,35.0,150
12251,12296084705,245670987,416.05,secondary,40.0,200
12252,12296084706,12296084705,12.03,secondary_link,35.0,150
12253,12296084706,10264617831,173.15,secondary,40.0,200
12254,12296544481,1180784803,6.28,tertiary,30.0,100
12255,12296544490,1180812204,7.79,tertiary,30.0,100
12256,12296544490,1180806522,363.09,tertiary,30.0,100
12257,12296544490,12296544494,314.12,tertiary,30.0,100
12258,12296544493,12296544481,9.94,tertiary,30.0,100
12259,12296544493,13723058975,132.54,tertiary,30.0,100
12260,12296544494,3105782022,9.5,tertiary,30.0,100
12261,12296544494,1180806522,691.95,tertiary,30.0,100
12262,12296544494,12296544498,142.63,tertiary,30.0,100
12263,12296544497,1180784779,9.01,tertiary,30.0,100
12264,12296544497,12296544493,394.82,tertiary,30.0,100
12265,12296544498,13723086703,481.66,tertiary,30.0,100
12266,12296544498,12296544497,14.57,tertiary,30.0,100
12267,12298766509,10277749856,178.54,tertiary,30.0,100
12268,12298775319,12298775320,8.33,secondary_link,35.0,150
12269,12298775319,13661562603,95.08,secondary,40.0,200
12270,12298775320,12298775319,8.33,secondary_link,35.0,150
12271,12298775320,10282040392,87.82,secondary,40.0,200
12272,12298931038,12298931039,8.56,tertiary_link,25.0,80
12273,12298931038,6627598671,128.97,tertiary,30.0,100
12274,12298931039,12298931038,8.56,tertiary_link,25.0,80
12275,12298931039,12298931040,98.0,tertiary,30.0,100
12276,12298931040,7358292791,8.92,tertiary_link,25.0,80
12277,12298931040,7358292787,276.74,tertiary,30.0,100
12278,12299001628,10732120463,626.9,tertiary,30.0,100
12279,12299001628,12299001629,16.5,tertiary,30.0,100
12280,12299001629,7374800282,8.24,tertiary,30.0,100
12281,12299001629,10277700948,365.1,tertiary,30.0,100
12282,12299724446,4244274463,8.16,tertiary,30.0,100
12283,12299724446,6618316498,184.11,secondary,40.0,200
12284,12307698463,1644086520,11.23,tertiary,30.0,100
12285,12310289349,864964235,16.71,tertiary,30.0,100
12286,12310289349,12310289350,21.69,primary_link,40.0,250
12287,12310289349,864940623,191.65,tertiary,30.0,100
12288,12310289350,12343305253,122.93,primary,50.0,300
12289,12311733719,1454672565,9.88,tertiary,30.0,100
12290,12311733719,1454672565,347.2,tertiary,30.0,100
12291,12311766936,2897024667,12.64,tertiary,30.0,100
12292,12311766936,476489029,610.05,tertiary,30.0,100
12293,12311776131,1454672572,203.17,tertiary,30.0,100
12294,12311776131,13719012985,32.96,tertiary,30.0,100
12295,12311833488,7378436363,336.63,secondary,40.0,200
12296,12311841439,1936499649,18.38,tertiary,30.0,100
12297,12311841439,13858361518,173.04,tertiary,30.0,100
12298,12311841448,1920266039,8.11,tertiary,30.0,100
12299,12311841448,13859362735,30.63,tertiary,30.0,100
12300,12311841448,10961014511,444.15,tertiary,30.0,100
12301,12317731290,884429975,10.08,tertiary,30.0,100
12302,12317731290,10245973641,132.07,tertiary,30.0,100
12303,12320173511,10879528609,91.12,tertiary,30.0,100
12304,12320173511,12320173512,7.94,tertiary_link,25.0,80
12305,12320173512,12320173511,7.94,tertiary_link,25.0,80
12306,12320173512,13857111109,143.44,tertiary,30.0,100
12307,12320398360,245672805,5.9,secondary,40.0,200
12308,12320398366,8878074693,5.71,tertiary,30.0,100
12309,12320398366,13877892977,324.61,tertiary,30.0,100
12310,12320398368,12320398360,8.1,tertiary,30.0,100
12311,12320398368,13877892980,84.72,secondary,40.0,200
12312,12322937974,6580768160,11.9,primary_link,40.0,250
12313,12322937974,12322961991,44.63,primary,50.0,300
12314,12322961991,12322961992,11.62,primary_link,40.0,250
12315,12322961991,6580768154,446.62,primary,50.0,300
12316,12322961992,6580768160,44.2,primary,50.0,300
12317,12322961992,12322961991,11.62,primary_link,40.0,250
12318,12325306928,12325306929,11.43,tertiary,30.0,100
12319,12325306928,13747643734,82.1,secondary,40.0,200
12320,12325306928,4323078802,118.28,tertiary,30.0,100
12321,12325306929,12325306928,11.43,tertiary,30.0,100
12322,12325306929,245671328,518.85,secondary,40.0,200
12323,12330279493,630298099,5.52,secondary,40.0,200
12324,12330293703,1184471965,7.34,tertiary,30.0,100
12325,12330293703,1184498924,531.91,tertiary,30.0,100
12326,12330293703,12330279493,184.11,tertiary,30.0,100
12327,12334170884,12334170885,9.15,primary_link,40.0,250
12328,12334170884,13711232880,78.56,primary,50.0,300
12329,12334170885,12334170884,9.15,primary_link,40.0,250
12330,12334170885,5758624138,127.87,primary,50.0,300
12331,12334328227,12334328228,6.58,secondary_link,35.0,150
12332,12334328227,6802852073,313.81,secondary,40.0,200
12333,12334328228,12334328227,6.58,secondary_link,35.0,150
12334,12334328228,10886129700,229.53,secondary,40.0,200
12335,12334925193,5470238123,112.59,trunk,60.0,400
12336,12334925204,10265648784,1893.26,trunk,60.0,400
12337,12334925204,12334925193,324.22,trunk_link,50.0,350
12338,12342878714,12342878715,7.19,secondary_link,35.0,150
12339,12342878714,7397055946,47.5,secondary,40.0,200
12340,12342878715,12342878714,7.19,secondary_link,35.0,150
12341,12342878715,13845998582,51.38,secondary,40.0,200
12342,12343188110,12343188111,13.5,primary_link,40.0,250
12343,12343188110,3708878506,854.8,primary,50.0,300
12344,12343188111,12343188110,13.5,primary_link,40.0,250
12345,12343188111,6569979210,461.91,primary,50.0,300
12346,12343305253,864964242,12.94,primary,50.0,300
12347,12343305254,12343305253,12.95,tertiary,30.0,100
12348,12343305254,864905412,132.06,primary,50.0,300
12349,12347814313,7206407305,7.14,secondary,40.0,200
12350,12347814313,13528689952,57.11,tertiary,30.0,100
12351,12347814314,12347814313,7.12,secondary,40.0,200
12352,12350391111,12350391112,8.29,tertiary_link,25.0,80
12353,12350391111,10696472335,258.82,tertiary,30.0,100
12354,12350391112,12350391111,8.29,tertiary_link,25.0,80
12355,12350391112,13617040683,153.88,tertiary,30.0,100
12356,12350446596,12350446597,7.21,tertiary_link,25.0,80
12357,12350446596,13621901230,54.21,tertiary,30.0,100
12358,12350446597,12350446596,7.21,tertiary_link,25.0,80
12359,12350446597,13621901233,51.22,tertiary,30.0,100
12360,12350470029,10279539064,34.18,tertiary,30.0,100
12361,12350470029,10279539040,9.53,tertiary_link,25.0,80
12362,12350777518,245653559,5.55,tertiary,30.0,100
12363,12350777519,12350777518,5.79,tertiary,30.0,100
12364,12350777519,4328236683,236.29,tertiary,30.0,100
12365,12350793007,2178056750,10.22,tertiary,30.0,100
12366,12350793007,245653671,199.73,tertiary,30.0,100
12367,12350931355,2897024749,9.82,tertiary,30.0,100
12368,12350931355,11976374939,238.75,tertiary,30.0,100
12369,12350931356,12350931355,8.27,tertiary,30.0,100
12370,12350931358,631507995,124.44,tertiary,30.0,100
12371,12350931358,2897024783,10.78,tertiary,30.0,100
12372,12354106781,12354106792,5.97,tertiary,30.0,100
12373,12354106781,7374437674,403.27,secondary,40.0,200
12374,12354106790,1147531713,3.92,tertiary,30.0,100
12375,12354106790,12354106791,5.15,tertiary,30.0,100
12376,12354106790,1147531720,379.62,tertiary,30.0,100
12377,12354106791,1147531713,5.46,tertiary,30.0,100
12378,12354106791,1147531736,173.26,tertiary,30.0,100
12379,12354106792,7374443607,4.88,secondary,40.0,200
12380,12354106792,12354106790,287.89,tertiary,30.0,100
12381,12357329131,7389365086,4.09,tertiary,30.0,100
12382,12357329131,12718160988,416.16,tertiary,30.0,100
12383,12357329131,12357426716,116.97,tertiary,30.0,100
12384,12357426716,12357426717,4.88,tertiary_link,25.0,80
12385,12357426716,12357451227,73.86,tertiary,30.0,100
12386,12357426717,12357426716,4.88,tertiary_link,25.0,80
12387,12357426717,7389365086,114.58,tertiary,30.0,100
12388,12357451227,12357451228,5.6,tertiary_link,25.0,80
12389,12357451227,1646703206,225.68,tertiary,30.0,100
12390,12357451228,12357426717,74.21,tertiary,30.0,100
12391,12357451228,12357451227,5.6,tertiary_link,25.0,80
12392,12357694283,12393653663,34.62,tertiary,30.0,100
12393,12357862111,12357862112,16.12,primary_link,40.0,250
12394,12357862111,13766247798,672.65,primary,50.0,300
12395,12357862112,12357862111,16.12,primary_link,40.0,250
12396,12357862112,13766247798,671.04,tertiary,30.0,100
12397,12361260646,11954333366,7.25,tertiary_link,25.0,80
12398,12361260646,6430382337,96.87,tertiary,30.0,100
12399,12364141370,1651338416,25.75,tertiary,30.0,100
12400,12364141370,12364141372,48.03,tertiary,30.0,100
12401,12364141372,1651338402,267.07,tertiary,30.0,100
12402,12364141372,1651338413,19.9,tertiary,30.0,100
12403,12364813939,5923940460,98.6,tertiary,30.0,100
12404,12364813939,13780408164,211.84,tertiary,30.0,100
12405,12367062102,12367062103,15.22,motorway_link,70.0,450
12406,12367062103,12367062102,15.22,motorway_link,70.0,450
12407,12367062103,9936198632,572.17,motorway_link,70.0,450
12408,12373610321,1157176384,572.07,tertiary,30.0,100
12409,12373610321,5938773153,96.11,tertiary,30.0,100
12410,12376037607,11924898615,535.65,tertiary,30.0,100
12411,12376037607,6136332320,496.17,motorway_link,70.0,450
12412,12376037609,6136332298,121.53,tertiary,30.0,100
12413,12377696902,459148572,7.38,primary,50.0,300
12414,12377711424,12377711425,10.9,tertiary_link,25.0,80
12415,12377711424,13068556818,122.89,tertiary,30.0,100
12416,12377711425,12377711424,10.9,tertiary_link,25.0,80
12417,12377711425,12377726336,194.21,tertiary,30.0,100
12418,12377726335,12377726336,7.53,tertiary_link,25.0,80
12419,12377726335,12377711424,198.85,tertiary,30.0,100
12420,12377726336,12377726335,7.53,tertiary_link,25.0,80
12421,12377726336,8878171598,73.73,tertiary,30.0,100
12422,12377733465,8878171598,12.41,tertiary_link,25.0,80
12423,12377733465,12377726335,70.62,tertiary,30.0,100
12424,12378144234,12378144235,13.0,tertiary_link,25.0,80
12425,12378144234,4050193893,88.48,tertiary,30.0,100
12426,12378144235,12378144234,13.0,tertiary_link,25.0,80
12427,12378144235,9313067506,148.02,tertiary,30.0,100
12428,12378228208,245673173,896.87,trunk,60.0,400
12429,12378228208,12378228209,20.64,trunk_link,50.0,350
12430,12378228209,12378228208,20.64,trunk_link,50.0,350
12431,12378228209,1644081956,895.0,tertiary,30.0,100
12432,12378228210,12378228211,17.68,trunk_link,50.0,350
12433,12378228210,245671660,182.47,trunk,60.0,400
12434,12378228211,12378228210,17.68,trunk_link,50.0,350
12435,12378228211,5848131211,354.61,tertiary,30.0,100
12436,12381358491,12381358492,9.37,primary_link,40.0,250
12437,12381358491,13719082390,285.06,primary,50.0,300
12438,12381358492,12381358491,9.37,primary_link,40.0,250
12439,12381358492,6583169979,150.87,primary,50.0,300
12440,12384008295,12384008296,8.62,secondary_link,35.0,150
12441,12384008295,12430432419,156.04,secondary,40.0,200
12442,12384008296,12384008295,8.62,secondary_link,35.0,150
12443,12384008296,13787809092,119.71,secondary,40.0,200
12444,12384046732,12384046733,14.42,secondary_link,35.0,150
12445,12384046732,10279835718,646.18,secondary,40.0,200
12446,12384046733,12384046732,14.42,secondary_link,35.0,150
12447,12384046733,13677416154,175.07,secondary,40.0,200
12448,12384157466,623885624,17.89,primary_link,40.0,250
12449,12384157466,7097850903,368.58,primary,50.0,300
12450,12389780671,486327564,686.44,secondary,40.0,200
12451,12389780671,1127774801,702.9,primary,50.0,300
12452,12390185637,1389428569,577.78,tertiary,30.0,100
12453,12390185637,1389428534,26.46,tertiary,30.0,100
12454,12393000612,1389428854,6.97,tertiary,30.0,100
12455,12393000612,7271727260,129.09,tertiary,30.0,100
12456,12393000612,1389428867,373.18,tertiary,30.0,100
12457,12393472130,245668466,10.87,primary,50.0,300
12458,12393568322,5348834827,178.67,primary,50.0,300
12459,12393568322,2250825507,746.15,motorway_link,70.0,450
12460,12393568324,12393568325,16.43,primary,50.0,300
12461,12393568324,593119792,758.5,tertiary,30.0,100
12462,12393568325,12393568324,16.43,primary,50.0,300
12463,12393568325,13619693606,777.55,motorway,80.0,500
12464,12393653660,245658898,14.11,tertiary,30.0,100
12465,12393653660,13277090064,23.21,tertiary,30.0,100
12466,12393653663,13277090065,34.04,tertiary,30.0,100
12467,12393653663,12393653660,39.07,tertiary,30.0,100
12468,12395295568,13093331310,13.07,secondary,40.0,200
12469,12395671875,884379411,10.06,tertiary,30.0,100
12470,12395671875,884364577,583.6,primary,50.0,300
12471,12397602526,12397602527,10.48,secondary_link,35.0,150
12472,12397602527,12397602526,10.48,secondary_link,35.0,150
12473,12397602527,7379630117,130.09,secondary,40.0,200
12474,12400147208,12400147209,6.29,primary_link,40.0,250
12475,12400147208,10598322636,81.41,primary,50.0,300
12476,12400147209,12400147208,6.29,primary_link,40.0,250
12477,12400147209,2163539007,277.55,primary,50.0,300
12478,12401445371,1185553720,169.34,tertiary,30.0,100
12479,12401445371,1185553719,9.48,tertiary,30.0,100
12480,12406085638,10384248275,2.73,trunk,60.0,400
12481,12406104882,12406104883,275.76,trunk,60.0,400
12482,12406104882,10772904746,1475.12,trunk,60.0,400
12483,12406104883,12406104884,28.17,trunk_link,50.0,350
12484,12406104883,10384248274,258.46,trunk,60.0,400
12485,12406104884,12406104883,28.17,trunk_link,50.0,350
12486,12406104884,245667803,483.15,trunk,60.0,400
12487,12408501791,3708879297,21.47,secondary,40.0,200
12488,12408501791,10882674716,207.25,secondary,40.0,200
12489,12408501791,3708879285,243.71,primary,50.0,300
12490,12408545955,489793165,25.41,secondary,40.0,200
12491,12408545955,12408545956,10.54,secondary_link,35.0,150
12492,12408545956,245655956,20.72,secondary,40.0,200
12493,12408545956,12408545955,10.54,secondary_link,35.0,150
12494,12408665370,12408665372,22.47,tertiary,30.0,100
12495,12408665370,1342988741,241.21,tertiary,30.0,100
12496,12408665370,245678918,220.93,primary,50.0,300
12497,12408665371,12408665372,42.25,tertiary,30.0,100
12498,12408665371,10277547713,247.09,tertiary,30.0,100
12499,12408665372,12408665370,22.47,tertiary,30.0,100
12500,12408665372,12408665371,42.25,tertiary,30.0,100
12501,12408665372,6204119845,280.51,primary,50.0,300
12502,12411440897,5879197464,10.73,tertiary,30.0,100
12503,12411440897,2453954667,8.77,secondary,40.0,200
12504,12414405105,12414405106,15.33,secondary_link,35.0,150
12505,12414405105,4307040305,522.06,secondary,40.0,200
12506,12414405106,4244274459,845.73,secondary,40.0,200
12507,12415277159,12415277160,13.51,tertiary_link,25.0,80
12508,12415277159,245653855,89.72,tertiary,30.0,100
12509,12415277160,12415277159,13.51,tertiary_link,25.0,80
12510,12415277160,12415277159,196.77,tertiary,30.0,100
12511,12429501779,12429501782,7.93,tertiary,30.0,100
12512,12429501779,10956832462,397.44,secondary,40.0,200
12513,12429501782,245681970,5.81,secondary,40.0,200
12514,12429501782,12434877254,119.91,tertiary,30.0,100
12515,12429998491,13867818992,129.52,tertiary,30.0,100
12516,12429998491,1174893177,8.09,tertiary,30.0,100
12517,12430188033,12430188034,26.55,trunk_link,50.0,350
12518,12430188033,10629352244,153.89,trunk_link,50.0,350
12519,12430188034,12430188033,26.55,trunk_link,50.0,350
12520,12430188034,245668003,88.97,trunk_link,50.0,350
12521,12430193495,12430193496,9.72,trunk_link,50.0,350
12522,12430193495,2246472307,254.22,tertiary,30.0,100
12523,12430193496,12430193495,9.72,trunk_link,50.0,350
12524,12430193496,2804450687,618.84,trunk,60.0,400
12525,12430432419,12430432420,9.43,secondary_link,35.0,150
12526,12430432419,414595057,117.52,secondary,40.0,200
12527,12430432420,12430432419,9.43,secondary_link,35.0,150
12528,12430432420,12384008296,163.27,secondary,40.0,200
12529,12430657329,5880236188,11.18,secondary,40.0,200
12530,12430657329,456188455,112.19,primary,50.0,300
12531,12432928829,7416417264,8.67,tertiary_link,25.0,80
12532,12432928829,12432943166,96.16,tertiary,30.0,100
12533,12432943166,12432943167,12.76,tertiary_link,25.0,80
12534,12432943166,11652543074,37.39,tertiary,30.0,100
12535,12432943167,12432943166,12.76,tertiary_link,25.0,80
12536,12432943167,7416417264,97.12,tertiary,30.0,100
12537,12432945773,13734361087,261.48,tertiary,30.0,100
12538,12432945774,12432945773,20.94,trunk_link,50.0,350
12539,12432945774,13734361088,268.43,trunk,60.0,400
12540,12432945775,12558495603,118.57,tertiary,30.0,100
12541,12434877253,7366127469,5.2,tertiary,30.0,100
12542,12434877253,10277314340,103.28,tertiary,30.0,100
12543,12434877254,12434877253,10.27,tertiary,30.0,100
12544,12434892774,245682025,599.11,secondary,40.0,200
12545,12434892778,13817629811,10.31,secondary,40.0,200
12546,12434892778,13817629810,8.96,secondary,40.0,200
12547,12434892778,12434892774,17.62,secondary,40.0,200
12548,12435185075,1154003522,649.69,motorway,80.0,500
12549,12435185075,1647344945,226.83,motorway_link,70.0,450
12550,12435559676,2439202907,246.92,tertiary,30.0,100
12551,12435559676,12435621971,110.75,tertiary,30.0,100
12552,12435621971,12435621972,5.73,tertiary,30.0,100
12553,12435621972,5912237928,8.47,tertiary,30.0,100
12554,12435621972,5912237928,214.76,tertiary,30.0,100
12555,12438442938,1352227902,3.71,secondary,40.0,200
12556,12438442939,12438442938,5.89,tertiary,30.0,100
12557,12438442939,10839469177,86.4,secondary,40.0,200
12558,12443061284,13947471591,512.95,primary,50.0,300
12559,12443061287,10271314344,20.1,secondary,40.0,200
12560,12443061287,10277765351,14.51,secondary,40.0,200
12561,12443076529,11925643820,504.8,primary,50.0,300
12562,12447084172,12447084177,9.38,primary,50.0,300
12563,12447084172,10877637591,10.9,secondary,40.0,200
12564,12447084174,12447084176,14.45,primary,50.0,300
12565,12447084174,11953569095,241.54,secondary,40.0,200
12566,12447084176,12447084172,7.11,secondary,40.0,200
12567,12447084176,12447084177,7.13,primary,50.0,300
12568,12447084177,1643160180,49.12,primary,50.0,300
12569,12447084183,10282056990,55.71,primary_link,40.0,250
12570,12447084183,6078180284,46.07,primary,50.0,300
12571,12448362114,10061003741,358.74,secondary,40.0,200
12572,12483956811,1960736051,35.62,trunk,60.0,400
12573,12483956811,12483956813,59.47,trunk_link,50.0,350
12574,12483956813,12797384559,205.91,primary,50.0,300
12575,12486614582,6428811261,4.7,tertiary,30.0,100
12576,12486614582,12486614588,58.02,tertiary,30.0,100
12577,12486614583,12486614589,40.67,tertiary,30.0,100
12578,12486614583,245665218,499.2,tertiary,30.0,100
12579,12486614587,12486614588,8.75,tertiary_link,25.0,80
12580,12486614587,12486614582,56.75,tertiary,30.0,100
12581,12486614588,12486614587,8.75,tertiary_link,25.0,80
12582,12486614588,12486614590,100.04,tertiary,30.0,100
12583,12486614589,12486614590,9.3,tertiary_link,25.0,80
12584,12486614589,12486614587,99.07,tertiary,30.0,100
12585,12486614590,12486614589,9.3,tertiary_link,25.0,80
12586,12486614590,12486614583,42.52,tertiary,30.0,100
12587,12506352385,12506352386,14.05,tertiary,30.0,100
12588,12506352385,13338040638,35.14,primary,50.0,300
12589,12506352386,12506352385,14.05,tertiary,30.0,100
12590,12506352386,486390343,128.76,primary,50.0,300
12591,12506352388,10885618307,10.75,primary,50.0,300
12592,12506352388,245655771,238.71,primary,50.0,300
12593,12506352389,1236410178,11.1,primary,50.0,300
12594,12527288712,12434892774,9.89,primary_link,40.0,250
12595,12527288712,619166256,56.59,primary,50.0,300
12596,12553660967,1070377934,280.21,primary,50.0,300
12597,12553660967,12553660973,976.97,primary_link,40.0,250
12598,12553660973,1070841436,25.85,primary,50.0,300
12599,12553660977,648865086,248.24,primary,50.0,300
12600,12553660977,12553660989,975.47,primary_link,40.0,250
12601,12553660989,1147531751,51.37,primary,50.0,300
12602,12555901906,13093331267,3696.93,motorway,80.0,500
12603,12557971223,2258304319,15.61,secondary,40.0,200
12604,12557971223,12557971229,27.75,primary_link,40.0,250
12605,12557971229,620382315,257.81,primary,50.0,300
12606,12557973951,245654042,25.74,tertiary,30.0,100
12607,12557973951,13701955566,42.75,tertiary,30.0,100
12608,12558219497,2250655557,37.04,trunk,60.0,400
12609,12558219497,1960734545,109.97,trunk,60.0,400
12610,12558334192,13732603779,306.27,trunk,60.0,400
12611,12558343922,12558343926,8.47,secondary,40.0,200
12612,12558343922,10583826072,533.66,secondary,40.0,200
12613,12558343926,12558343927,17.79,secondary,40.0,200
12614,12558343927,10583826082,238.21,secondary,40.0,200
12615,12558343927,4292873308,9.75,secondary,40.0,200
12616,12558408931,13092400808,2228.5,motorway,80.0,500
12617,12558408936,5907166061,553.72,motorway,80.0,500
12618,12558408942,12558408946,518.93,motorway_link,70.0,450
12619,12558408942,2299255940,579.89,motorway_link,70.0,450
12620,12558408946,2299255950,227.2,primary,50.0,300
12621,12558495602,245673706,48.73,tertiary,30.0,100
12622,12558495602,296871088,145.52,tertiary,30.0,100
12623,12558495603,245673706,23.94,tertiary,30.0,100
12624,12558495603,12558495606,31.27,tertiary_link,25.0,80
12625,12558495606,245673706,21.06,tertiary,30.0,100
12626,12558495606,13055592453,137.04,tertiary,30.0,100
12627,12558663179,12558663180,9.7,secondary_link,35.0,150
12628,12558663179,7466006862,128.65,secondary,40.0,200
12629,12558663180,12558663179,9.7,secondary_link,35.0,150
12630,12558663180,459600709,139.51,secondary,40.0,200
12631,12560606618,2246472380,11.0,tertiary,30.0,100
12632,12560606618,10653480123,656.99,tertiary,30.0,100
12633,12566268246,1179221116,9.48,trunk,60.0,400
12634,12566268246,10883614931,584.1,tertiary,30.0,100
12635,12577857046,13284943792,34.43,tertiary,30.0,100
12636,12577857047,13284943779,158.79,tertiary,30.0,100
12637,12577857047,12577857046,21.67,tertiary,30.0,100
12638,12587158362,1643105824,12.54,secondary,40.0,200
12639,12587158362,6601867497,388.67,secondary,40.0,200
12640,12587158364,6608759216,38.51,secondary,40.0,200
12641,12587158364,7462923338,89.17,secondary,40.0,200
12642,12637978224,1169479362,7.02,tertiary,30.0,100
12643,12637978224,1169479362,105.18,tertiary,30.0,100
12644,12637993101,12637993102,25.49,tertiary,30.0,100
12645,12637993101,12697993400,163.55,motorway_link,70.0,450
12646,12637993102,2966349066,10.66,motorway_link,70.0,450
12647,12637993102,12637993105,59.52,tertiary,30.0,100
12648,12637993105,1366795134,10.56,tertiary,30.0,100
12649,12637993105,13673603149,90.39,tertiary,30.0,100
12650,12639940739,245657105,9.37,tertiary,30.0,100
12651,12639940739,10580688537,136.94,primary,50.0,300
12652,12697993400,12697997201,10.35,motorway_link,70.0,450
12653,12697993400,9860341831,4.53,secondary,40.0,200
12654,12697997201,12882834614,27.62,secondary,40.0,200
12655,12697997201,12697997207,261.66,trunk_link,50.0,350
12656,12697997207,6583578109,13.49,trunk,60.0,400
12657,12698155337,12125883926,10.14,primary,50.0,300
12658,12698412249,245657049,8.9,secondary,40.0,200
12659,12698412249,12698412250,10.37,primary,50.0,300
12660,12698412249,245656414,583.98,secondary,40.0,200
12661,12698412250,12698412251,9.08,tertiary,30.0,100
12662,12698412250,245657095,238.8,primary,50.0,300
12663,12698412251,245657049,12.18,primary,50.0,300
12664,12698412251,11033616597,55.76,tertiary,30.0,100
12665,12698657164,12993876261,379.74,trunk,60.0,400
12666,12698657165,2702435814,55.07,tertiary,30.0,100
12667,12698657165,12698657164,38.69,trunk_link,50.0,350
12668,12718160988,12718160989,9.37,tertiary,30.0,100
12669,12718160988,12357329131,416.16,tertiary,30.0,100
12670,12718160988,1532750864,98.4,tertiary,30.0,100
12671,12718160989,12718160988,9.37,tertiary,30.0,100
12672,12718160989,619166257,20.87,tertiary,30.0,100
12673,12718160994,1532750864,15.76,primary,50.0,300
12674,12718160994,12718160989,88.19,tertiary,30.0,100
12675,12718160995,12718160994,36.53,tertiary,30.0,100
12676,12718160995,13089014213,75.38,primary,50.0,300
12677,12721918106,7374320616,5.12,secondary,40.0,200
12678,12721918106,6572386235,282.74,tertiary,30.0,100
12679,12721918107,12721918106,16.28,tertiary,30.0,100
12680,12721918107,6262416893,352.93,tertiary,30.0,100
12681,12721928614,13508229965,477.77,tertiary,30.0,100
12682,12753983986,6167841744,128.29,secondary,40.0,200
12683,12753983986,13806587095,255.65,secondary,40.0,200
12684,12756706885,13601847548,36.28,tertiary,30.0,100
12685,12756706885,3796685898,26.66,tertiary_link,25.0,80
12686,12756716797,12756716798,22.89,secondary_link,35.0,150
12687,12756716797,3796685899,84.1,secondary,40.0,200
12688,12756716798,12756716797,22.89,secondary_link,35.0,150
12689,12756716798,564764371,462.93,secondary,40.0,200
12690,12774725661,7389083468,7.59,tertiary,30.0,100
12691,12777714547,3736885986,9.96,tertiary,30.0,100
12692,12777714547,3736885986,22.01,tertiary,30.0,100
12693,12778141745,619169992,9.66,tertiary,30.0,100
12694,12778141745,11953322545,453.09,secondary,40.0,200
12695,12778141745,969893684,347.25,tertiary,30.0,100
12696,12778567539,3217430317,50.2,primary_link,40.0,250
12697,12793994507,5355360602,458.95,trunk,60.0,400
12698,12793994507,13799510468,169.69,trunk_link,50.0,350
12699,12794003686,9904682627,7.68,tertiary,30.0,100
12700,12794003686,12794003689,18.73,secondary,40.0,200
12701,12794003688,12794003689,7.28,tertiary,30.0,100
12702,12794003688,9904682627,18.55,secondary,40.0,200
12703,12794003689,10251547847,8.69,secondary,40.0,200
12704,12794348742,12794348743,28.91,trunk_link,50.0,350
12705,12794348742,2264152051,59.1,trunk,60.0,400
12706,12794348743,6583122231,546.29,tertiary,30.0,100
12707,12797377987,245683329,347.56,trunk,60.0,400
12708,12797384557,1960735935,165.34,primary,50.0,300
12709,12797384557,7324784805,170.44,primary_link,40.0,250
12710,12797384559,1960735935,16.04,primary_link,40.0,250
12711,12797384559,1960735678,1783.16,primary,50.0,300
12712,12816071781,245660083,324.83,secondary,40.0,200
12713,12816071781,10883072800,20.58,secondary,40.0,200
12714,12816816391,6135274276,34.52,tertiary,30.0,100
12715,12816816391,10281800034,826.21,tertiary,30.0,100
12716,12836695797,4362728164,214.11,trunk,60.0,400
12717,12836824093,12836824094,8.62,secondary_link,35.0,150
12718,12836824093,245659811,299.35,secondary,40.0,200
12719,12836824094,12836824093,8.62,secondary_link,35.0,150
12720,12836824094,6165302166,467.55,secondary,40.0,200
12721,12852430697,9925314969,104.34,secondary,40.0,200
12722,12852430699,2230881915,225.7,tertiary,30.0,100
12723,12852430699,12852430697,80.67,secondary_link,35.0,150
12724,12852439459,7374011329,20.87,tertiary,30.0,100
12725,12852439459,564764420,413.77,primary,50.0,300
12726,12852441402,12852430697,112.19,secondary,40.0,200
12727,12852441402,12852430699,38.4,secondary_link,35.0,150
12728,12852654805,12852654806,42.01,trunk_link,50.0,350
12729,12852654805,9916313765,156.65,trunk,60.0,400
12730,12852654806,12852654805,42.01,trunk_link,50.0,350
12731,12852654806,4342420724,97.08,trunk,60.0,400
12732,12882834605,12697997207,28.04,trunk,60.0,400
12733,12882834605,12882834614,256.64,motorway_link,70.0,450
12734,12882834614,12882834615,8.09,motorway_link,70.0,450
12735,12882834614,13673961543,155.03,secondary,40.0,200
12736,12882834615,12697993400,30.09,secondary,40.0,200
12737,12882834615,12637993102,175.35,motorway_link,70.0,450
12738,12882834634,1188784758,804.9,tertiary,30.0,100
12739,12894222344,1651530989,402.05,primary,50.0,300
12740,12901659995,12901659996,13.13,primary_link,40.0,250
12741,12901659995,7374459516,220.61,tertiary,30.0,100
12742,12901659996,245660369,209.37,primary,50.0,300
12743,12901659999,12901660000,7.22,tertiary,30.0,100
12744,12901659999,7374507903,7.49,tertiary,30.0,100
12745,12901659999,6431266164,717.93,primary,50.0,300
12746,12901660000,7374507918,9.34,tertiary,30.0,100
12747,12901660000,12901659999,7.22,tertiary,30.0,100
12748,12901660000,12901659996,21.77,primary,50.0,300
12749,12905592102,1366938254,20.62,trunk_link,50.0,350
12750,12905637200,2629418497,82.35,tertiary,30.0,100
12751,12905637200,10878501990,30.38,tertiary,30.0,100
12752,12926034665,12926034666,19.89,secondary_link,35.0,150
12753,12926034666,12926034665,19.89,secondary_link,35.0,150
12754,12926034666,347176149,182.92,secondary,40.0,200
12755,12946743498,3796685916,207.3,tertiary,30.0,100
12756,12946743498,11025401147,31.65,tertiary_link,25.0,80
12757,12949047420,12949047421,17.82,primary_link,40.0,250
12758,12949047420,7374507889,298.98,primary,50.0,300
12759,12949047421,7374507889,285.02,tertiary,30.0,100
12760,12949047422,7374507910,96.81,tertiary,30.0,100
12761,12949047422,12949047423,6.95,primary_link,40.0,250
12762,12949047423,245659680,96.05,primary,50.0,300
12763,12949047423,12949047422,6.95,primary_link,40.0,250
12764,12974666366,346611239,39.87,tertiary,30.0,100
12765,12974666366,12974666367,16.53,tertiary_link,25.0,80
12766,12974666367,346611554,421.74,tertiary,30.0,100
12767,12981542842,13846099201,44.71,tertiary,30.0,100
12768,12981542842,13552147206,59.73,tertiary,30.0,100
12769,12991026971,3796685898,40.14,tertiary,30.0,100
12770,12991026971,13601847548,25.46,tertiary_link,25.0,80
12771,12992261092,12992261093,10.73,primary_link,40.0,250
12772,12992261092,1960733396,66.72,primary,50.0,300
12773,12992261093,12992261092,10.73,primary_link,40.0,250
12774,12992261093,6802412609,237.62,primary,50.0,300
12775,12992328381,2299255940,1164.28,primary,50.0,300
12776,12992328381,5907165669,583.71,motorway_link,70.0,450
12777,12999147227,2489336312,41.28,primary,50.0,300
12778,12999147227,12999147228,16.16,primary_link,40.0,250
12779,12999147228,12999147227,16.16,primary_link,40.0,250
12780,12999147228,2489283694,98.02,tertiary,30.0,100
12781,12999147228,2489283688,473.07,tertiary,30.0,100
12782,13009284660,13009284661,6.11,secondary_link,35.0,150
12783,13009284660,10603240106,62.04,secondary,40.0,200
12784,13009284661,13009284660,6.11,secondary_link,35.0,150
12785,13009284661,9681688974,160.96,secondary,40.0,200
12786,13015085526,7358734433,7.89,secondary_link,35.0,150
12787,13015085526,13770424284,22.69,secondary,40.0,200
12788,13015085528,13755049619,87.65,secondary,40.0,200
12789,13015085528,7357688946,228.9,secondary,40.0,200
12790,13015085531,7112996981,12.66,secondary,40.0,200
12791,13015085531,13800763876,106.94,secondary,40.0,200
12792,13015390769,1643007858,94.85,tertiary,30.0,100
12793,13015390769,5907166289,23.04,tertiary,30.0,100
12794,13015390784,5907166295,13.32,tertiary,30.0,100
12795,13015390784,13702074449,75.73,tertiary,30.0,100
12796,13015390786,10277881704,303.33,tertiary,30.0,100
12797,13015390786,10885994188,23.51,tertiary,30.0,100
12798,13015390800,13015390786,12.91,tertiary,30.0,100
12799,13015483301,13702074448,68.53,tertiary,30.0,100
12800,13015483301,13015390800,13.69,tertiary,30.0,100
12801,13016998371,13016998372,10.63,primary_link,40.0,250
12802,13016998371,10099005667,621.96,tertiary,30.0,100
12803,13016998372,13016998371,10.63,primary_link,40.0,250
12804,13016998372,2493682475,441.68,primary,50.0,300
12805,13031507246,245663877,11.62,trunk,60.0,400
12806,13033946546,5727308497,10.7,primary,50.0,300
12807,13033946548,13033946549,7.12,primary,50.0,300
12808,13033946549,2298251539,295.39,secondary,40.0,200
12809,13033946549,13033946546,11.84,primary,50.0,300
12810,13051997260,12894222344,10.57,secondary,40.0,200
12811,13051997260,9130240907,21.4,secondary,40.0,200
12812,13055485593,13055485598,533.3,tertiary,30.0,100
12813,13055485593,469941496,223.34,tertiary,30.0,100
12814,13055485598,1913053586,17.21,tertiary,30.0,100
12815,13055485598,13055485593,533.63,tertiary,30.0,100
12816,13055592453,12558495606,137.04,tertiary,30.0,100
12817,13055592453,13055592472,159.73,tertiary,30.0,100
12818,13055592472,1184438147,7.74,tertiary,30.0,100
12819,13055592472,13055592479,384.31,tertiary,30.0,100
12820,13055592472,13439601785,113.61,tertiary,30.0,100
12821,13055592479,1651800483,7.28,tertiary_link,25.0,80
12822,13055592479,12330293703,70.87,tertiary,30.0,100
12823,13055620353,9447798820,15.51,tertiary,30.0,100
12824,13055620353,1182335016,196.14,tertiary,30.0,100
12825,13055928897,1643351870,227.41,tertiary,30.0,100
12826,13055928897,10216570896,18.12,trunk_link,50.0,350
12827,13055928897,10207397918,1011.76,tertiary,30.0,100
12828,13055930254,1184122855,238.24,secondary,40.0,200
12829,13055930254,1960733293,40.9,secondary,40.0,200
12830,13056058604,631476241,10.87,tertiary,30.0,100
12831,13056058604,13056058619,151.72,tertiary,30.0,100
12832,13056058612,13056058604,10.05,tertiary,30.0,100
12833,13056058616,13056058612,10.04,tertiary,30.0,100
12834,13056058616,13056058622,84.28,tertiary,30.0,100
12835,13056058617,631476243,11.82,primary,50.0,300
12836,13056058619,13056058617,15.99,tertiary,30.0,100
12837,13056058619,6117576026,912.45,primary,50.0,300
12838,13056058622,1643263967,716.87,tertiary,30.0,100
12839,13056058622,13056058612,77.57,tertiary,30.0,100
12840,13068016153,2176144722,10.99,secondary,40.0,200
12841,13068016153,6601808736,483.32,primary,50.0,300
12842,13068556818,10653810932,11.65,tertiary,30.0,100
12843,13068556818,2246662462,190.73,tertiary,30.0,100
12844,13073741404,245659769,32.99,secondary,40.0,200
12845,13073741404,10277746010,28.76,primary,50.0,300
12846,13073741404,10277746013,28.19,secondary,40.0,200
12847,13073741407,13073741408,9.3,primary,50.0,300
12848,13073741407,13802299623,105.25,primary,50.0,300
12849,13073741408,768595339,7.15,primary,50.0,300
12850,13073741409,13073741407,8.83,primary,50.0,300
12851,13073741409,13802299621,35.11,primary,50.0,300
12852,13077461203,13900429946,22.82,motorway,80.0,500
12853,13088861527,3234280490,13.25,tertiary,30.0,100
12854,13088861527,13088861530,116.45,primary,50.0,300
12855,13088861530,13088861531,14.67,primary,50.0,300
12856,13088861530,13718113584,58.0,primary,50.0,300
12857,13088861531,10878020685,13.94,primary,50.0,300
12858,13089014212,12718160994,41.59,primary,50.0,300
12859,13089014212,13089014213,47.83,primary_link,40.0,250
12860,13089014213,13089014212,47.83,primary_link,40.0,250
12861,13089014213,2249201919,275.37,primary,50.0,300
12862,13092340178,13092341010,364.3,motorway_link,70.0,450
12863,13092340850,13092386536,308.2,motorway_link,70.0,450
12864,13092340910,13092400906,626.37,motorway_link,70.0,450
12865,13092340910,13092401002,646.95,motorway_link,70.0,450
12866,13092341001,6167532221,359.28,primary,50.0,300
12867,13092341001,13092341007,40.08,primary_link,40.0,250
12868,13092341010,13092341019,137.3,primary,50.0,300
12869,13092341010,13092340178,364.3,motorway_link,70.0,450
12870,13092341019,13092341001,76.21,primary,50.0,300
12871,13092341028,13092341010,571.6,primary,50.0,300
12872,13092341028,13092400906,1024.14,motorway_link,70.0,450
12873,13092386536,6167841748,58.75,primary,50.0,300
12874,13092400808,13092400907,180.72,motorway_link,70.0,450
12875,13092400808,13092400979,1518.74,motorway,80.0,500
12876,13092400877,5907165648,2125.17,motorway,80.0,500
12877,13092400906,13092400877,203.12,motorway_link,70.0,450
12878,13092400907,13092341019,627.54,motorway_link,70.0,450
12879,13092400907,13092340850,607.72,motorway_link,70.0,450
12880,13092400932,13092340850,1019.0,motorway_link,70.0,450
12881,13092400932,13092340178,769.11,motorway_link,70.0,450
12882,13092400937,13092400877,1426.11,motorway,80.0,500
12883,13092400937,13092400932,312.53,motorway_link,70.0,450
12884,13092400979,13093331172,115.18,motorway,80.0,500
12885,13092401002,13092400979,283.67,motorway_link,70.0,450
12886,13093331172,13093331191,310.01,motorway,80.0,500
12887,13093331172,13093331191,310.26,motorway_link,70.0,450
12888,13093331191,13093331210,317.73,motorway,80.0,500
12889,13093331210,13093331263,298.34,motorway,80.0,500
12890,13093331210,13093331263,298.32,motorway_link,70.0,450
12891,13093331230,13092400937,690.65,motorway,80.0,500
12892,13093331249,13093331292,327.3,motorway_link,70.0,450
12893,13093331249,13093331284,470.27,motorway,80.0,500
12894,13093331263,13093331249,53.59,motorway,80.0,500
12895,13093331267,13093331230,746.99,motorway,80.0,500
12896,13093331267,13093331292,1015.93,motorway_link,70.0,450
12897,13093331284,11762288198,3811.54,motorway,80.0,500
12898,13093331289,13093331284,376.28,motorway_link,70.0,450
12899,13093331289,13093331230,1127.54,motorway_link,70.0,450
12900,13093331292,13093331307,33.92,motorway_link,70.0,450
12901,13093331306,13093331289,31.7,motorway_link,70.0,450
12902,13093331307,245657123,40.71,motorway_link,70.0,450
12903,13093331307,13093331341,137.64,motorway_link,70.0,450
12904,13093331310,12070990506,12.84,motorway_link,70.0,450
12905,13093331310,1148581217,300.55,secondary,40.0,200
12906,13093331336,12070990506,90.72,secondary,40.0,200
12907,13093331336,13093331306,115.75,motorway_link,70.0,450
12908,13093331341,13908512725,219.83,secondary,40.0,200
12909,13095713714,866807384,13.1,tertiary,30.0,100
12910,13095713714,7158617889,32.18,secondary,40.0,200
12911,13103357040,9201441624,317.99,secondary,40.0,200
12912,13103357040,1936294786,34.26,secondary,40.0,200
12913,13103368075,13658707416,19.58,motorway_link,70.0,450
12914,13103368075,528785949,24.29,trunk,60.0,400
12915,13130856586,2439615338,330.8,secondary,40.0,200
12916,13130856586,866807402,13.38,primary,50.0,300
12917,13143942407,1960734610,8.68,secondary,40.0,200
12918,13143942407,12794003688,718.62,tertiary,30.0,100
12919,13143942408,13143942407,12.11,tertiary,30.0,100
12920,13143942408,11925463722,252.44,secondary,40.0,200
12921,13164727360,13164727361,19.92,trunk_link,50.0,350
12922,13164727360,7736315018,277.55,trunk_link,50.0,350
12923,13164727361,10168886526,211.06,tertiary,30.0,100
12924,13164727361,9348015286,498.09,tertiary,30.0,100
12925,13185481798,13185481799,7.74,tertiary,30.0,100
12926,13185481798,7394181656,246.78,secondary,40.0,200
12927,13185481799,7394181663,4.06,secondary,40.0,200
12928,13185481799,13185495402,292.08,tertiary,30.0,100
12929,13185495402,2233650285,3.57,secondary,40.0,200
12930,13185495402,13185495404,62.58,tertiary,30.0,100
12931,13185495404,1172443519,5.38,secondary,40.0,200
12932,13185495404,10927904436,72.29,tertiary,30.0,100
12933,13261023788,13593361282,872.93,tertiary,30.0,100
12934,13261023788,13261023790,5.16,secondary,40.0,200
12935,13261023789,7305880340,10.32,secondary,40.0,200
12936,13261023790,5421715134,185.13,secondary,40.0,200
12937,13261023790,13261023789,8.26,secondary,40.0,200
12938,13262290336,13262290337,12.87,primary_link,40.0,250
12939,13262290336,1960732675,480.34,primary,50.0,300
12940,13262290337,13262290336,12.87,primary_link,40.0,250
12941,13262290337,414605526,39.08,primary,50.0,300
12942,13262290340,414605526,17.25,tertiary,30.0,100
12943,13262290340,1647016706,1062.98,tertiary,30.0,100
12944,13262290340,2237026865,271.51,tertiary,30.0,100
12945,13262801027,7736314483,11.79,primary,50.0,300
12946,13262801027,13262801028,24.12,primary_link,40.0,250
12947,13262801028,1960732748,11.82,primary,50.0,300
12948,13262801029,7736314481,9.65,primary,50.0,300
12949,13262801029,13262801030,16.48,primary_link,40.0,250
12950,13262801030,5861033680,17.77,primary,50.0,300
12951,13277057154,10732120466,4.85,secondary,40.0,200
12952,13277057154,13277057159,278.3,tertiary,30.0,100
12953,13277057155,13277057154,7.43,tertiary,30.0,100
12954,13277057155,631483027,170.81,secondary,40.0,200
12955,13277057158,13277057159,5.37,tertiary_link,25.0,80
12956,13277057158,10732120466,277.7,tertiary,30.0,100
12957,13277057159,13277057158,5.37,tertiary_link,25.0,80
12958,13277057159,7372455153,51.96,tertiary,30.0,100
12959,13277090064,13277090065,26.97,tertiary,30.0,100
12960,13277090064,13277090071,49.36,tertiary_link,25.0,80
12961,13277090065,13277090071,31.16,tertiary,30.0,100
12962,13277090065,13277090066,13.39,tertiary,30.0,100
12963,13277090066,13277090067,33.41,tertiary,30.0,100
12964,13277090067,12393653663,14.75,tertiary,30.0,100
12965,13277090067,11925224723,351.1,tertiary,30.0,100
12966,13277090071,2216800803,495.02,tertiary,30.0,100
12967,13277421360,13092386536,1075.84,primary,50.0,300
12968,13277421360,13092340910,674.62,motorway_link,70.0,450
12969,13279030993,13856220431,197.93,tertiary,30.0,100
12970,13279030993,13857139729,56.67,tertiary,30.0,100
12971,13279321841,986518075,21.92,trunk_link,50.0,350
12972,13279321841,13877132376,218.5,secondary,40.0,200
12973,13284860022,7280044352,12.03,tertiary,30.0,100
12974,13284860022,6117579489,74.8,primary,50.0,300
12975,13284877505,8637519667,433.22,tertiary,30.0,100
12976,13284877505,13284877507,26.98,tertiary,30.0,100
12977,13284877507,13284877508,9.4,tertiary,30.0,100
12978,13284877507,619143463,67.82,secondary,40.0,200
12979,13284877508,13820696753,7.83,secondary,40.0,200
12980,13284943779,13284961602,17.51,tertiary_link,25.0,80
12981,13284943779,9955110405,182.79,tertiary,30.0,100
12982,13284943785,12577857047,13.0,tertiary,30.0,100
12983,13284943792,13284943785,12.91,tertiary,30.0,100
12984,13284943792,8628297887,141.77,tertiary,30.0,100
12985,13284961602,13284943779,17.51,tertiary_link,25.0,80
12986,13284961602,12577857046,165.66,tertiary,30.0,100
12987,13296041488,10279704563,15.78,tertiary,30.0,100
12988,13296041488,4759328743,9.19,secondary,40.0,200
12989,13301331433,9348015286,317.63,secondary,40.0,200
12990,13301331434,13787921050,650.56,tertiary,30.0,100
12991,13301331434,13301331433,8.68,secondary,40.0,200
12992,13303028460,6925978242,345.17,secondary,40.0,200
12993,13303028466,13303028471,18.92,tertiary,30.0,100
12994,13303028466,245657649,497.51,tertiary,30.0,100
12995,13303028466,13303028460,55.59,tertiary_link,25.0,80
12996,13303028467,4294951473,20.65,secondary,40.0,200
12997,13303028467,13303028471,13.36,secondary_link,35.0,150
12998,13303028471,13303028466,18.92,tertiary,30.0,100
12999,13303028471,4294951473,17.61,tertiary,30.0,100
13000,13327911420,13654019770,37.88,tertiary_link,25.0,80
13001,13328310238,10277746010,14.37,primary_link,40.0,250
13002,13328310238,245659769,58.86,primary,50.0,300
13003,13329699581,7736314482,4.32,trunk_link,50.0,350
13004,13329699581,5861036485,37.62,secondary,40.0,200
13005,13329699584,13329699585,37.49,secondary,40.0,200
13006,13329699584,12088824451,37.58,trunk_link,50.0,350
13007,13329699585,13329699581,6.73,trunk_link,50.0,350
13008,13329699587,13329699584,21.05,secondary,40.0,200
13009,13329699587,9929331422,358.95,tertiary,30.0,100
13010,13329840455,13329840483,8.61,tertiary,30.0,100
13011,13329840456,13329840484,1.17,tertiary,30.0,100
13012,13329840459,13796109052,21.96,tertiary,30.0,100
13013,13329840459,13796109051,4.08,tertiary_link,25.0,80
13014,13329840466,13329867501,31.05,tertiary,30.0,100
13015,13329840466,13329867502,2.93,tertiary_link,25.0,80
13016,13329840480,1366028055,9.65,tertiary,30.0,100
13017,13329840480,13796109035,25.91,tertiary,30.0,100
13018,13329840483,13329840485,8.6,tertiary,30.0,100
13019,13329840483,13796109032,133.54,tertiary,30.0,100
13020,13329840484,7401192400,224.4,tertiary,30.0,100
13021,13329840484,13329840455,9.23,tertiary,30.0,100
13022,13329840485,7401188984,1.72,tertiary,30.0,100
13023,13329867501,9171437948,3.13,tertiary_link,25.0,80
13024,13329867501,13329840459,149.43,tertiary,30.0,100
13025,13329867502,13329840466,2.93,tertiary_link,25.0,80
13026,13329867502,13796109047,194.66,tertiary,30.0,100
13027,13335873376,2163935132,90.87,tertiary,30.0,100
13028,13335873376,13335873377,13.65,tertiary_link,25.0,80
13029,13335873377,13335873376,13.65,tertiary_link,25.0,80
13030,13335873377,4264598329,322.64,tertiary,30.0,100
13031,13338040638,12121814713,278.78,primary,50.0,300
13032,13338040638,12555901906,382.02,motorway,80.0,500
13033,13351135363,13799160904,50.52,secondary,40.0,200
13034,13351135368,2804481645,34.96,trunk,60.0,400
13035,13351135368,13351135363,72.89,trunk_link,50.0,350
13036,13351175830,5969985432,572.14,tertiary,30.0,100
13037,13351175830,13895559629,44.01,tertiary,30.0,100
13038,13351175830,6259267281,43.58,tertiary,30.0,100
13039,13361178767,13584286085,16.88,tertiary,30.0,100
13040,13361178767,13361178768,7.78,tertiary_link,25.0,80
13041,13361178768,13584286084,33.21,tertiary,30.0,100
13042,13361178768,13361178767,7.78,tertiary_link,25.0,80
13043,13362959829,13362959830,13.54,tertiary,30.0,100
13044,13362959829,7366287334,465.46,tertiary,30.0,100
13045,13362959830,7334296263,12.94,tertiary,30.0,100
13046,13362959830,13821218767,130.55,tertiary,30.0,100
13047,13362959834,9379261058,979.21,tertiary,30.0,100
13048,13362959834,13821218768,68.87,tertiary,30.0,100
13049,13363059233,5868392396,448.89,tertiary,30.0,100
13050,13363059233,13799510472,157.63,tertiary,30.0,100
13051,13363196616,13363196617,6.11,secondary_link,35.0,150
13052,13363196616,5969985405,14.06,secondary,40.0,200
13053,13363196617,5969985427,476.24,secondary,40.0,200
13054,13363196617,9326413671,171.28,secondary_link,35.0,150
13055,13363217260,13363217261,35.64,trunk_link,50.0,350
13056,13363217260,6259256961,267.96,tertiary,30.0,100
13057,13363217261,11939473408,161.18,trunk,60.0,400
13058,13363231882,13677035096,81.38,primary,50.0,300
13059,13363231882,6118577149,715.9,primary,50.0,300
13060,13363231893,12553660967,211.39,primary,50.0,300
13061,13366281220,296849526,9.64,tertiary,30.0,100
13062,13366281220,296849532,110.23,secondary,40.0,200
13063,13366357984,13366357985,9.32,secondary_link,35.0,150
13064,13366357984,6165604842,269.84,secondary,40.0,200
13065,13366357985,13366357984,9.32,secondary_link,35.0,150
13066,13366357985,7416644609,441.92,secondary,40.0,200
13067,13366490024,5921458122,8.0,tertiary_link,25.0,80
13068,13366490024,1966835473,260.55,tertiary,30.0,100
13069,13366768784,2647295173,573.65,motorway,80.0,500
13070,13369398580,13617732052,612.59,primary,50.0,300
13071,13369398581,13617732047,1036.15,tertiary,30.0,100
13072,13369398581,13369398580,29.81,tertiary,30.0,100
13073,13375816939,296346668,47.16,tertiary,30.0,100
13074,13375816939,13959321566,182.54,tertiary,30.0,100
13075,13375816952,13375816953,9.94,tertiary,30.0,100
13076,13375816952,13947587141,103.18,primary,50.0,300
13077,13375816953,296346668,22.05,primary,50.0,300
13078,13375816953,13375816939,40.54,tertiary,30.0,100
13079,13382931781,3708879345,339.07,primary,50.0,300
13080,13382931781,13382931785,43.9,secondary_link,35.0,150
13081,13382931785,13382931781,43.9,secondary_link,35.0,150
13082,13383090148,8485170335,17.85,tertiary_link,25.0,80
13083,13383090148,7340258735,137.79,tertiary,30.0,100
13084,13390248493,13390248494,14.63,tertiary,30.0,100
13085,13390248493,245673439,1036.96,primary,50.0,300
13086,13390248494,1645931721,7.73,primary,50.0,300
13087,13390248494,13390248498,9.63,tertiary,30.0,100
13088,13390248496,13390304802,5.22,tertiary,30.0,100
13089,13390248496,245672405,132.3,tertiary,30.0,100
13090,13390248498,1879817382,7.7,tertiary,30.0,100
13091,13390248498,13947325078,207.11,tertiary,30.0,100
13092,13390248499,1645931715,5.39,tertiary,30.0,100
13093,13390248499,1645931715,10.09,tertiary,30.0,100
13094,13390248500,245672405,9.54,tertiary,30.0,100
13095,13390248500,1960732198,171.73,tertiary,30.0,100
13096,13390248500,13390304802,134.24,tertiary,30.0,100
13097,13390304802,13390248499,8.6,tertiary,30.0,100
13098,13397634730,9800986552,42.95,tertiary,30.0,100
13099,13397634730,9800986546,228.21,tertiary,30.0,100
13100,13397634730,2248782010,55.51,tertiary_link,25.0,80
13101,13398075180,13615156514,94.7,tertiary,30.0,100
13102,13398075180,13398075181,14.55,tertiary_link,25.0,80
13103,13398075181,13398075180,14.55,tertiary_link,25.0,80
13104,13398075181,13615156517,225.3,tertiary,30.0,100
13105,13408665371,10277786603,5.63,secondary,40.0,200
13106,13408665371,493966602,27.11,secondary,40.0,200
13107,13415105367,2489283691,81.77,primary,50.0,300
13108,13415105367,13415105368,27.81,primary_link,40.0,250
13109,13415105368,13415105367,27.81,primary_link,40.0,250
13110,13415105368,2489283687,154.71,primary,50.0,300
13111,13416028709,2250655573,15.09,tertiary_link,25.0,80
13112,13416028709,7366008441,84.95,tertiary,30.0,100
13113,13432421501,13848112232,26.44,tertiary,30.0,100
13114,13432421501,13848112238,22.14,tertiary,30.0,100
13115,13432421502,13848112232,22.61,tertiary_link,25.0,80
13116,13434117133,564782071,7.08,secondary,40.0,200
13117,13434117133,2244793235,762.29,secondary,40.0,200
13118,13437517358,13437517362,41.2,primary,50.0,300
13119,13437517358,10879528613,35.59,primary_link,40.0,250
13120,13437517362,5346620503,15.39,primary,50.0,300
13121,13437517362,10879528613,40.26,tertiary,30.0,100
13122,13437517363,1936499595,463.41,primary,50.0,300
13123,13437517363,6117461538,27.71,primary_link,40.0,250
13124,13437559868,1646746610,7.74,primary,50.0,300
13125,13437559868,13437559877,64.04,tertiary,30.0,100
13126,13437559873,13437559875,4.82,tertiary_link,25.0,80
13127,13437559873,13437559876,52.9,tertiary,30.0,100
13128,13437559874,13437559873,79.01,tertiary,30.0,100
13129,13437559874,10277590753,1143.12,tertiary,30.0,100
13130,13437559875,13437559873,4.82,tertiary_link,25.0,80
13131,13437559875,13437559874,79.32,tertiary,30.0,100
13132,13437559876,1646746610,62.59,tertiary,30.0,100
13133,13437559876,13437559877,5.43,tertiary_link,25.0,80
13134,13437559877,13437559876,5.43,tertiary_link,25.0,80
13135,13437559877,13437559875,53.35,tertiary,30.0,100
13136,13437636803,13437636804,66.06,tertiary,30.0,100
13137,13437636803,6117461549,55.04,tertiary,30.0,100
13138,13437636804,10879528547,195.46,tertiary,30.0,100
13139,13437636804,13437636803,66.83,tertiary,30.0,100
13140,13437636809,13437636810,8.53,tertiary,30.0,100
13141,13437636810,6117461543,4.04,tertiary,30.0,100
13142,13437636810,13437636809,8.53,tertiary,30.0,100
13143,13437636810,13437636832,51.81,tertiary,30.0,100
13144,13437636817,1936499595,132.38,tertiary,30.0,100
13145,13437636817,13437636820,49.28,tertiary,30.0,100
13146,13437636820,13437636821,7.52,tertiary_link,25.0,80
13147,13437636820,13437636822,44.59,tertiary,30.0,100
13148,13437636821,13437636820,7.52,tertiary_link,25.0,80
13149,13437636821,13437636817,49.59,tertiary,30.0,100
13150,13437636822,13437636823,7.24,tertiary_link,25.0,80
13151,13437636822,5909698700,29.41,tertiary,30.0,100
13152,13437636823,13437636822,7.24,tertiary_link,25.0,80
13153,13437636823,13437636821,43.77,tertiary,30.0,100
13154,13437636828,5909698700,33.73,tertiary,30.0,100
13155,13437636828,13437636829,26.45,tertiary,30.0,100
13156,13437636829,13437636830,7.63,tertiary_link,25.0,80
13157,13437636829,13437636831,34.49,tertiary,30.0,100
13158,13437636830,13437636829,7.63,tertiary_link,25.0,80
13159,13437636830,13437636828,25.81,tertiary,30.0,100
13160,13437636831,13437636809,42.93,tertiary,30.0,100
13161,13437636831,13437636832,7.59,tertiary_link,25.0,80
13162,13437636832,13437636831,7.59,tertiary_link,25.0,80
13163,13437636832,13437636830,34.73,tertiary,30.0,100
13164,13439115378,10245973641,229.17,tertiary,30.0,100
13165,13439115378,884430078,86.84,tertiary,30.0,100
13166,13439601785,6490900899,83.61,tertiary,30.0,100
13167,13439601785,13055592472,113.61,tertiary,30.0,100
13168,13439601787,1651800567,455.13,tertiary,30.0,100
13169,13439601787,6490900890,127.52,tertiary,30.0,100
13170,13441759162,6576059830,22.67,trunk_link,50.0,350
13171,13441759162,13441759165,32.08,tertiary,30.0,100
13172,13441759164,5865538271,9.06,tertiary,30.0,100
13173,13441759164,4465528799,20.35,tertiary,30.0,100
13174,13441759165,13441759164,4.97,tertiary,30.0,100
13175,13441759165,10750563816,17.04,trunk_link,50.0,350
13176,13452488221,1646703206,257.96,tertiary,30.0,100
13177,13452488221,13452488221,683.74,tertiary,30.0,100
13178,13454773067,13454773068,8.22,tertiary_link,25.0,80
13179,13454773067,10880324974,275.8,tertiary,30.0,100
13180,13454773068,13454773067,8.22,tertiary_link,25.0,80
13181,13454773068,1646690888,32.97,tertiary,30.0,100
13182,13460028978,10277277855,36.87,primary,50.0,300
13183,13460028978,1646690973,137.6,trunk_link,50.0,350
13184,13466585240,13468719523,39.6,tertiary,30.0,100
13185,13466585240,13466585241,9.11,tertiary_link,25.0,80
13186,13466585241,13466585240,9.11,tertiary_link,25.0,80
13187,13466585241,10277311792,163.16,tertiary,30.0,100
13188,13467861325,13467861326,10.0,secondary_link,35.0,150
13189,13467861325,245682714,342.77,secondary,40.0,200
13190,13467861326,13467861325,10.0,secondary_link,35.0,150
13191,13467861326,2399367035,444.11,secondary,40.0,200
13192,13467902226,13467902227,12.52,secondary_link,35.0,150
13193,13467902226,10877132885,193.89,secondary,40.0,200
13194,13467902227,13467902226,12.52,secondary_link,35.0,150
13195,13467902227,10277277840,116.61,secondary,40.0,200
13196,13468719523,13468719524,8.83,tertiary_link,25.0,80
13197,13468719523,10880461003,109.47,tertiary,30.0,100
13198,13468719524,13468719523,8.83,tertiary_link,25.0,80
13199,13468719524,13466585241,39.36,tertiary,30.0,100
13200,13470000967,1511336027,9.91,tertiary,30.0,100
13201,13470000967,1646703693,536.88,tertiary,30.0,100
13202,13470000967,6608841334,223.2,tertiary,30.0,100
13203,13470000967,6602367954,626.43,tertiary,30.0,100
13204,13470000968,6608841334,16.27,trunk_link,50.0,350
13205,13470000968,1511336027,208.53,trunk_link,50.0,350
13206,13470129545,3762234397,29.53,secondary_link,35.0,150
13207,13470129545,486024085,24.73,secondary,40.0,200
13208,13470449796,1916634196,36.16,tertiary,30.0,100
13209,13470449796,296848617,77.58,tertiary,30.0,100
13210,13470449799,296848617,6.07,tertiary,30.0,100
13211,13470449799,13472876902,99.48,tertiary,30.0,100
13212,13470449799,13470449796,77.69,tertiary,30.0,100
13213,13472816379,13610790390,387.2,primary,50.0,300
13214,13472872187,1916634248,287.1,tertiary,30.0,100
13215,13472872187,13472872193,42.93,tertiary,30.0,100
13216,13472872189,296849532,242.46,tertiary,30.0,100
13217,13472872189,13472872193,144.71,tertiary,30.0,100
13218,13472872193,13472872189,142.88,tertiary,30.0,100
13219,13472872193,13472872187,42.93,tertiary,30.0,100
13220,13472872200,884467232,214.42,tertiary,30.0,100
13221,13472872200,1916634248,150.68,tertiary,30.0,100
13222,13472876902,4590912466,11.29,tertiary,30.0,100
13223,13472876902,7358788703,113.09,tertiary,30.0,100
13224,13472876902,13470449799,99.48,tertiary,30.0,100
13225,13473672032,5936572214,13.89,tertiary_link,25.0,80
13226,13473672032,10277913367,329.84,tertiary,30.0,100
13227,13474169905,13474169906,12.53,primary_link,40.0,250
13228,13474169905,10279333677,359.73,primary,50.0,300
13229,13474169906,866806795,96.89,primary,50.0,300
13230,13474169906,13474169905,12.53,primary_link,40.0,250
13231,13475435262,13475435269,42.42,tertiary,30.0,100
13232,13475435262,13475435268,45.05,tertiary,30.0,100
13233,13475435268,13475435269,5.55,tertiary_link,25.0,80
13234,13475435268,13475435271,49.82,tertiary,30.0,100
13235,13475435268,13475435262,45.05,tertiary,30.0,100
13236,13475435269,13475435268,5.55,tertiary_link,25.0,80
13237,13475435269,13475435271,47.27,tertiary,30.0,100
13238,13475435271,1154214585,236.19,tertiary,30.0,100
13239,13475435271,13475435268,49.82,tertiary,30.0,100
13240,13476803593,13476803594,6.94,tertiary_link,25.0,80
13241,13476803593,13476803595,55.63,tertiary,30.0,100
13242,13476803594,10026289257,16.08,tertiary,30.0,100
13243,13476803594,13476803593,6.94,tertiary_link,25.0,80
13244,13476803595,13476803596,8.91,tertiary_link,25.0,80
13245,13476803595,13476803597,20.78,tertiary,30.0,100
13246,13476803596,13476803595,8.91,tertiary_link,25.0,80
13247,13476803596,13476803594,51.6,tertiary,30.0,100
13248,13476803597,13476803598,8.84,tertiary_link,25.0,80
13249,13476803597,10026289247,121.41,tertiary,30.0,100
13250,13476803598,13476803597,8.84,tertiary_link,25.0,80
13251,13476803598,13476803596,20.22,tertiary,30.0,100
13252,13479795775,2622177292,58.38,primary,50.0,300
13253,13503275918,13503275934,7.36,primary,50.0,300
13254,13503275918,13503275932,11.49,tertiary,30.0,100
13255,13503275919,13503275918,12.11,tertiary,30.0,100
13256,13503275919,13523554741,312.21,primary,50.0,300
13257,13503275924,245667850,6.61,tertiary,30.0,100
13258,13503275924,357798629,510.06,tertiary,30.0,100
13259,13503275924,13503275919,190.39,tertiary,30.0,100
13260,13503275930,245667862,65.43,tertiary,30.0,100
13261,13503275930,13503275924,228.41,tertiary,30.0,100
13262,13503275932,13503275934,10.64,tertiary,30.0,100
13263,13503275932,2629418529,336.53,tertiary,30.0,100
13264,13503275933,13503275919,7.01,primary,50.0,300
13265,13503275933,245667850,190.9,tertiary,30.0,100
13266,13503275934,13503275933,11.7,tertiary,30.0,100
13267,13503275934,245668175,353.73,primary,50.0,300
13268,13503549885,10635534062,123.77,secondary,40.0,200
13269,13503549885,13516051353,781.48,secondary,40.0,200
13270,13504496392,13504496393,6.34,secondary_link,35.0,150
13271,13504496392,13504496394,55.73,secondary,40.0,200
13272,13504496393,13504496392,6.34,secondary_link,35.0,150
13273,13504496393,9866047005,117.05,secondary,40.0,200
13274,13504496394,13504496395,6.46,secondary_link,35.0,150
13275,13504496394,13845998576,193.19,secondary,40.0,200
13276,13504496395,13504496394,6.46,secondary_link,35.0,150
13277,13504496395,13504496393,55.47,secondary,40.0,200
13278,13508185845,1184130764,279.67,secondary,40.0,200
13279,13508185845,9352141084,11.02,secondary,40.0,200
13280,13508229960,13508229965,1.74,secondary,40.0,200
13281,13508229960,245656387,16.7,secondary,40.0,200
13282,13508229962,245656387,12.57,secondary,40.0,200
13283,13508229962,13508229960,6.52,secondary,40.0,200
13284,13508229965,13508229960,1.74,secondary,40.0,200
13285,13508229965,2178293626,404.53,secondary,40.0,200
13286,13508424661,10882768312,7.81,secondary_link,35.0,150
13287,13508424661,13508424663,27.94,secondary,40.0,200
13288,13508424662,10882768312,27.9,secondary,40.0,200
13289,13508424662,13508424663,8.07,secondary_link,35.0,150
13290,13508424663,13508424665,47.82,secondary,40.0,200
13291,13508424663,13508424662,8.07,secondary_link,35.0,150
13292,13508424664,13508424662,48.19,secondary,40.0,200
13293,13508424664,13508424665,8.5,secondary_link,35.0,150
13294,13508424665,13508424664,8.5,secondary_link,35.0,150
13295,13508424665,6430382336,253.04,secondary,40.0,200
13296,13508455294,1654348910,248.24,tertiary,30.0,100
13297,13508455294,11143613412,338.28,tertiary,30.0,100
13298,13508522906,13508522908,29.98,secondary,40.0,200
13299,13508522906,13508522907,8.65,secondary_link,35.0,150
13300,13508522907,13508522906,8.65,secondary_link,35.0,150
13301,13508522907,10089667079,29.13,secondary,40.0,200
13302,13508522908,13508522909,8.13,secondary_link,35.0,150
13303,13508522908,12347814314,441.47,secondary,40.0,200
13304,13508522909,13508522908,8.13,secondary_link,35.0,150
13305,13508522909,13508522907,29.54,secondary,40.0,200
13306,13508776955,3796685893,675.08,secondary,40.0,200
13307,13509287420,13509287422,13.17,tertiary,30.0,100
13308,13509287420,13509287421,10.53,secondary,40.0,200
13309,13509287421,6167841731,7.14,secondary,40.0,200
13310,13509287421,13806587096,161.75,secondary,40.0,200
13311,13509287422,245658111,408.19,tertiary,30.0,100
13312,13509287422,13509287421,22.91,tertiary,30.0,100
13313,13509433334,13509433342,13.14,secondary,40.0,200
13314,13509433338,13509433334,16.78,secondary,40.0,200
13315,13509433338,13803698433,135.25,secondary,40.0,200
13316,13509433342,8592800200,13.14,secondary,40.0,200
13317,13509433342,5913743697,491.92,secondary,40.0,200
13318,13510287966,245675138,10.87,secondary,40.0,200
13319,13510287966,884244616,353.31,secondary,40.0,200
13320,13514297393,13514297394,8.0,secondary_link,35.0,150
13321,13514297393,10657225552,94.24,secondary,40.0,200
13322,13514297394,10089667078,8.08,secondary,40.0,200
13323,13514297394,13514297393,8.0,secondary_link,35.0,150
13324,13514568910,13514568911,6.75,secondary_link,35.0,150
13325,13514568910,10882727459,32.55,secondary,40.0,200
13326,13514568911,13520933662,20.2,secondary,40.0,200
13327,13514568911,13514568910,6.75,secondary_link,35.0,150
13328,13514783244,7320265241,8.09,tertiary_link,25.0,80
13329,13514783244,10603240106,14.39,tertiary,30.0,100
13330,13516051353,10882696217,19.76,secondary,40.0,200
13331,13516051353,13516051357,24.74,secondary_link,35.0,150
13332,13516051357,347195204,260.03,tertiary,30.0,100
13333,13516051357,10882696217,22.3,tertiary,30.0,100
13334,13516051357,13516051353,24.74,secondary_link,35.0,150
13335,13516967378,7206407299,8.06,secondary_link,35.0,150
13336,13516967378,7206394769,110.67,secondary,40.0,200
13337,13516967379,13516967380,9.9,secondary_link,35.0,150
13338,13516967379,346644272,196.16,secondary,40.0,200
13339,13516967380,13516967379,9.9,secondary_link,35.0,150
13340,13516967380,7206407296,99.54,secondary,40.0,200
13341,13520099253,13520933669,76.77,secondary,40.0,200
13342,13520099253,13520099254,6.2,secondary_link,35.0,150
13343,13520099254,13520099256,10.27,secondary,40.0,200
13344,13520099254,13520099253,6.2,secondary_link,35.0,150
13345,13520099255,13520099253,10.15,secondary,40.0,200
13346,13520099255,13520099256,6.18,secondary_link,35.0,150
13347,13520099256,4328035970,44.02,secondary,40.0,200
13348,13520099256,13520099255,6.18,secondary_link,35.0,150
13349,13520933659,13520933661,11.1,secondary,40.0,200
13350,13520933659,13520933660,6.74,secondary_link,35.0,150
13351,13520933660,13520933659,6.74,secondary_link,35.0,150
13352,13520933660,13520933664,82.78,secondary,40.0,200
13353,13520933661,13514568910,20.02,secondary,40.0,200
13354,13520933661,13520933662,6.74,secondary_link,35.0,150
13355,13520933662,13520933660,11.09,secondary,40.0,200
13356,13520933662,13520933661,6.74,secondary_link,35.0,150
13357,13520933663,13520933664,6.7,secondary_link,35.0,150
13358,13520933663,13520933659,82.93,secondary,40.0,200
13359,13520933664,13520933663,6.7,secondary_link,35.0,150
13360,13520933664,13520933668,58.07,secondary,40.0,200
13361,13520933667,13520933668,6.6,secondary_link,35.0,150
13362,13520933667,13520933663,58.01,secondary,40.0,200
13363,13520933668,471581476,27.63,secondary,40.0,200
13364,13520933668,13520933667,6.6,secondary_link,35.0,150
13365,13520933669,13520933670,6.34,secondary_link,35.0,150
13366,13520933669,10882727463,118.74,secondary,40.0,200
13367,13520933670,13520099254,76.93,secondary,40.0,200
13368,13520933670,13520933669,6.34,secondary_link,35.0,150
13369,13521149002,13521149003,9.8,secondary_link,35.0,150
13370,13521149002,245667551,901.96,secondary,40.0,200
13371,13521149003,13521149002,9.8,secondary_link,35.0,150
13372,13521149003,347116059,451.35,secondary,40.0,200
13373,13521149004,8323355831,7.68,secondary_link,35.0,150
13374,13521149004,13522455351,79.88,secondary,40.0,200
13375,13521149005,13521149006,7.43,secondary_link,35.0,150
13376,13521149005,6271834098,345.01,secondary,40.0,200
13377,13521149006,13521149005,7.43,secondary_link,35.0,150
13378,13521149006,13521149004,35.02,secondary,40.0,200
13379,13522436650,245669284,9.19,secondary_link,35.0,150
13380,13522436650,6431289415,782.59,secondary,40.0,200
13381,13522455350,13522455351,7.15,secondary_link,35.0,150
13382,13522455350,8323355831,80.52,secondary,40.0,200
13383,13522455351,13522455350,7.15,secondary_link,35.0,150
13384,13522455351,10082236370,133.13,secondary,40.0,200
13385,13522606638,245668764,87.65,secondary,40.0,200
13386,13522606638,13522606639,9.26,secondary_link,35.0,150
13387,13522606639,13522606638,9.26,secondary_link,35.0,150
13388,13522606639,13526887022,219.14,secondary,40.0,200
13389,13523465874,13523465875,10.41,tertiary_link,25.0,80
13390,13523465874,6431289416,586.58,tertiary,30.0,100
13391,13523465875,245668828,47.47,tertiary,30.0,100
13392,13523465875,13523465874,10.41,tertiary_link,25.0,80
13393,13523465876,13523465877,8.91,tertiary_link,25.0,80
13394,13523465876,13523465877,78.94,tertiary,30.0,100
13395,13523465877,245669298,64.88,tertiary,30.0,100
13396,13523465877,13523465876,8.91,tertiary_link,25.0,80
13397,13523465891,4335012908,26.24,secondary,40.0,200
13398,13523465891,13523465892,9.49,secondary_link,35.0,150
13399,13523465892,13523465891,9.49,secondary_link,35.0,150
13400,13523465892,13523465895,148.87,secondary,40.0,200
13401,13523465894,13523465895,10.51,secondary_link,35.0,150
13402,13523465894,13523465891,149.08,secondary,40.0,200
13403,13523465895,13523465897,28.3,secondary,40.0,200
13404,13523465895,13523465894,10.51,secondary_link,35.0,150
13405,13523465896,13523465897,10.05,secondary_link,35.0,150
13406,13523465896,13523465894,28.83,secondary,40.0,200
13407,13523465897,13523465896,10.05,secondary_link,35.0,150
13408,13523465897,2629418531,452.66,secondary,40.0,200
13409,13523554733,7043548004,4.4,primary_link,40.0,250
13410,13523554733,5265559170,86.56,primary,50.0,300
13411,13523554740,13523554741,10.89,primary_link,40.0,250
13412,13523554740,13503275918,312.15,primary,50.0,300
13413,13523554741,1936355394,106.15,primary,50.0,300
13414,13523554741,13523554740,10.89,primary_link,40.0,250
13415,13523657582,13523657583,7.51,primary_link,40.0,250
13416,13523657582,6598130893,146.96,primary,50.0,300
13417,13523657583,13523657582,7.51,primary_link,40.0,250
13418,13523657583,1936355487,65.34,primary,50.0,300
13419,13525755779,13525755781,21.34,tertiary,30.0,100
13420,13525755779,11024186264,9.43,tertiary_link,25.0,80
13421,13525755780,13525755781,9.6,tertiary_link,25.0,80
13422,13525755780,13525755791,54.72,tertiary,30.0,100
13423,13525755781,13525755792,54.58,tertiary,30.0,100
13424,13525755781,13525755780,9.6,tertiary_link,25.0,80
13425,13525755791,13525755792,10.05,tertiary_link,25.0,80
13426,13525755791,1936355441,165.44,tertiary,30.0,100
13427,13525755792,13525755791,10.05,tertiary_link,25.0,80
13428,13525755792,10001764598,164.36,tertiary,30.0,100
13429,13525948591,13525948592,7.04,primary_link,40.0,250
13430,13525948591,9985506406,56.65,primary,50.0,300
13431,13525948592,13525948591,7.04,primary_link,40.0,250
13432,13525948592,9985506415,84.82,primary,50.0,300
13433,13526887022,13526887023,8.31,secondary_link,35.0,150
13434,13526887022,9740934234,47.58,secondary,40.0,200
13435,13526887023,13526887022,8.31,secondary_link,35.0,150
13436,13526887023,13522606638,218.98,secondary,40.0,200
13437,13528270894,3796394579,161.8,tertiary,30.0,100
13438,13528689952,2247989176,6.68,tertiary_link,25.0,80
13439,13528689952,13528689953,23.93,tertiary,30.0,100
13440,13528689953,13528689954,7.01,tertiary_link,25.0,80
13441,13528689953,12361260646,90.07,tertiary,30.0,100
13442,13528689954,13528689953,7.01,tertiary_link,25.0,80
13443,13528689954,2247989176,23.28,tertiary,30.0,100
13444,13528689955,13528689956,13.64,primary_link,40.0,250
13445,13528689955,619227661,320.23,primary,50.0,300
13446,13528689956,13528689955,13.64,primary_link,40.0,250
13447,13528689956,9739950372,54.22,primary,50.0,300
13448,13528851142,11384605400,19.74,primary_link,40.0,250
13449,13528851142,1645876418,273.42,primary,50.0,300
13450,13528895060,13686797151,215.54,tertiary,30.0,100
13451,13528895060,10207278292,53.31,tertiary,30.0,100
13452,13535811790,10277717591,218.46,secondary,40.0,200
13453,13535811790,2442886081,20.08,secondary,40.0,200
13454,13537225634,6271834098,6.21,secondary_link,35.0,150
13455,13537225634,13521149006,337.22,secondary,40.0,200
13456,13537225635,6271834100,6.46,secondary_link,35.0,150
13457,13537225635,7298841985,47.43,secondary,40.0,200
13458,13537225636,7298842002,6.58,secondary_link,35.0,150
13459,13537225636,13537225638,84.45,secondary,40.0,200
13460,13537225637,13537225638,6.18,secondary_link,35.0,150
13461,13537225637,7298842002,83.52,secondary,40.0,200
13462,13537225638,13537225637,6.18,secondary_link,35.0,150
13463,13537225638,10882696219,48.1,secondary,40.0,200
13464,13539744628,2178293608,17.62,secondary,40.0,200
13465,13539744628,13539744632,47.52,secondary_link,35.0,150
13466,13539744632,2178293618,13.93,secondary,40.0,200
13467,13542582014,245662295,366.19,primary,50.0,300
13468,13542582014,13542582011,16.31,primary_link,40.0,250
13469,13543285308,2442886101,11.34,primary,50.0,300
13470,13543285308,11023548634,21.27,primary,50.0,300
13471,13543285311,13543285308,11.77,primary,50.0,300
13472,13543285311,245660818,79.72,primary,50.0,300
13473,13545135272,2441666125,285.95,primary,50.0,300
13474,13545135272,13545135274,17.19,primary,50.0,300
13475,13545135274,13545135281,7.46,primary,50.0,300
13476,13545135274,1650385417,12.41,tertiary,30.0,100
13477,13545135281,13545135282,4.9,tertiary,30.0,100
13478,13545135281,1650385414,17.71,primary,50.0,300
13479,13545135282,245660938,7.4,primary,50.0,300
13480,13546976659,13546976660,30.48,tertiary,30.0,100
13481,13546976659,10277719231,35.39,secondary_link,35.0,150
13482,13546976660,10277719231,22.9,secondary,40.0,200
13483,13546976660,13546976661,9.72,tertiary,30.0,100
13484,13546976661,245663085,9.39,secondary,40.0,200
13485,13550913785,13550913789,33.81,secondary,40.0,200
13486,13550913785,13550913790,35.83,secondary,40.0,200
13487,13550913788,7394094903,57.56,secondary,40.0,200
13488,13550913789,13550913788,35.36,secondary,40.0,200
13489,13550913789,13550913790,5.2,secondary_link,35.0,150
13490,13550913790,13550913789,5.2,secondary_link,35.0,150
13491,13550913790,13550913788,37.59,secondary,40.0,200
13492,13551379973,2250655557,162.57,trunk,60.0,400
13493,13551379973,13551379980,201.5,trunk_link,50.0,350
13494,13551379980,11939157084,119.67,trunk_link,50.0,350
13495,13552147203,245662850,141.9,tertiary,30.0,100
13496,13552147203,13571727010,20.33,tertiary,30.0,100
13497,13552147206,12981542842,59.73,tertiary,30.0,100
13498,13552147206,245662834,20.77,tertiary,30.0,100
13499,13552203684,13552203685,9.32,secondary_link,35.0,150
13500,13552203684,6165604830,55.78,secondary,40.0,200
13501,13552203685,13552203684,9.32,secondary_link,35.0,150
13502,13552203685,245662851,209.26,secondary,40.0,200
13503,13552218468,6428893717,8.23,secondary,40.0,200
13504,13552218468,245662128,334.69,secondary,40.0,200
13505,13552218469,13552218468,8.41,secondary,40.0,200
13506,13552218469,10629624864,151.79,tertiary,30.0,100
13507,13552218470,7459352414,4.93,secondary,40.0,200
13508,13552218470,13552218469,9.75,secondary,40.0,200
13509,13552218473,5271602112,339.03,secondary,40.0,200
13510,13552218473,10629587074,29.53,secondary,40.0,200
13511,13552218476,10629587074,7.22,secondary,40.0,200
13512,13552218476,13552218473,30.77,secondary,40.0,200
13513,13552431988,7394094897,180.55,tertiary,30.0,100
13514,13552431988,1348056645,18.29,tertiary,30.0,100
13515,13555600532,2230881545,9.38,secondary,40.0,200
13516,13555600532,13555600534,41.63,tertiary,30.0,100
13517,13555600533,13555600532,13.73,tertiary,30.0,100
13518,13555600533,1855304304,239.33,secondary,40.0,200
13519,13555600534,5923940476,142.0,tertiary,30.0,100
13520,13555600534,2230881545,44.15,tertiary,30.0,100
13521,13555600538,13555600533,9.73,secondary,40.0,200
13522,13564356163,13564356164,9.84,secondary_link,35.0,150
13523,13564356163,6165604835,162.25,secondary,40.0,200
13524,13564356164,13564356166,60.19,secondary,40.0,200
13525,13564356164,13564356163,9.84,secondary_link,35.0,150
13526,13564356165,13564356166,9.7,secondary_link,35.0,150
13527,13564356165,13564356163,60.05,secondary,40.0,200
13528,13564356166,13564356165,9.7,secondary_link,35.0,150
13529,13564356166,6604321014,315.49,secondary,40.0,200
13530,13565885390,1645876429,7.91,primary,50.0,300
13531,13565885390,13565885391,7.79,primary_link,40.0,250
13532,13565885391,13565929610,114.36,primary,50.0,300
13533,13565885391,13565885390,7.79,primary_link,40.0,250
13534,13565929609,13565929610,14.85,primary_link,40.0,250
13535,13565929609,13565885390,115.13,primary,50.0,300
13536,13565929610,1645876426,46.0,primary,50.0,300
13537,13565929610,13565929609,14.85,primary_link,40.0,250
13538,13565939546,11384605402,42.21,primary,50.0,300
13539,13569059851,1644082017,13.64,secondary,40.0,200
13540,13569059851,4632210328,1241.97,secondary,40.0,200
13541,13569250101,13569250102,10.26,secondary_link,35.0,150
13542,13569250101,13569250103,35.92,secondary,40.0,200
13543,13569250102,13569250101,10.26,secondary_link,35.0,150
13544,13569250102,245661595,346.74,secondary,40.0,200
13545,13569250103,13569250105,33.07,secondary,40.0,200
13546,13569250103,13569250104,10.25,secondary_link,35.0,150
13547,13569250104,13569250102,35.41,secondary,40.0,200
13548,13569250104,13569250103,10.25,secondary_link,35.0,150
13549,13569250105,13569250107,25.85,secondary,40.0,200
13550,13569250105,13569250106,10.32,secondary_link,35.0,150
13551,13569250106,13569250105,10.32,secondary_link,35.0,150
13552,13569250106,13569250104,32.77,secondary,40.0,200
13553,13569250107,11050902891,86.15,secondary,40.0,200
13554,13569250107,13569250108,10.37,secondary_link,35.0,150
13555,13569250108,13569250106,26.62,secondary,40.0,200
13556,13569250108,13569250107,10.37,secondary_link,35.0,150
13557,13569884694,13569884695,7.73,tertiary_link,25.0,80
13558,13569884694,1182558489,486.72,tertiary,30.0,100
13559,13569884695,13569884694,7.73,tertiary_link,25.0,80
13560,13569884695,10279540080,123.41,tertiary,30.0,100
13561,13569884696,1386641179,19.27,primary,50.0,300
13562,13569884696,13569884700,18.08,primary_link,40.0,250
13563,13569884700,13569898502,96.06,tertiary,30.0,100
13564,13569898501,13569898502,7.32,tertiary_link,25.0,80
13565,13569898501,7285424910,128.14,tertiary,30.0,100
13566,13569898502,13569898501,7.32,tertiary_link,25.0,80
13567,13569898502,7285424904,244.68,tertiary,30.0,100
13568,13571656507,6165604834,46.22,secondary,40.0,200
13569,13571656507,13571656508,9.6,secondary_link,35.0,150
13570,13571656508,13571656510,53.43,secondary,40.0,200
13571,13571656508,13571656507,9.6,secondary_link,35.0,150
13572,13571656509,13571656507,53.69,secondary,40.0,200
13573,13571656509,13571656510,9.61,secondary_link,35.0,150
13574,13571656510,13571656509,9.61,secondary_link,35.0,150
13575,13571656510,13571656512,120.87,secondary,40.0,200
13576,13571656511,13571656512,9.22,secondary_link,35.0,150
13577,13571656511,13571656509,120.12,secondary,40.0,200
13578,13571656512,245662630,54.3,secondary,40.0,200
13579,13571656512,13571656511,9.22,secondary_link,35.0,150
13580,13571727010,245662834,7.71,tertiary,30.0,100
13581,13571727010,13552147206,14.26,tertiary,30.0,100
13582,13572591173,13572591174,25.88,primary_link,40.0,250
13583,13572591173,6204119850,487.0,primary,50.0,300
13584,13572591174,13572591173,25.88,primary_link,40.0,250
13585,13572591174,245679943,341.43,primary,50.0,300
13586,13575257248,13580246892,940.63,tertiary,30.0,100
13587,13575257248,5924612075,31.49,tertiary,30.0,100
13588,13575257250,13575257256,12.88,tertiary,30.0,100
13589,13575257250,5924612075,8.09,primary,50.0,300
13590,13575257251,13575257250,12.56,tertiary,30.0,100
13591,13575257251,13569884696,256.06,primary,50.0,300
13592,13575257252,13575257250,16.81,primary,50.0,300
13593,13575257252,13575257256,20.93,primary_link,40.0,250
13594,13575257256,13575257248,15.89,tertiary,30.0,100
13595,13575257257,1388354152,371.53,tertiary,30.0,100
13596,13575257257,13575257261,107.77,tertiary,30.0,100
13597,13575257260,13575257261,12.28,tertiary_link,25.0,80
13598,13575257260,13575257257,105.51,tertiary,30.0,100
13599,13575257261,10243941088,27.62,tertiary,30.0,100
13600,13575257261,13575257260,12.28,tertiary_link,25.0,80
13601,13575284303,13575284309,4.39,tertiary_link,25.0,80
13602,13575284303,13575284305,38.22,tertiary,30.0,100
13603,13575284305,630689984,959.03,tertiary,30.0,100
13604,13575284305,13575284309,38.07,tertiary,30.0,100
13605,13575284307,13575284308,4.65,tertiary_link,25.0,80
13606,13575284307,4368992602,22.06,tertiary,30.0,100
13607,13575284308,13575284303,5.04,tertiary,30.0,100
13608,13575284308,13575284307,4.65,tertiary_link,25.0,80
13609,13575284309,13575284303,4.39,tertiary_link,25.0,80
13610,13575284309,13575284307,5.06,tertiary,30.0,100
13611,13576183746,5841547818,71.3,primary,50.0,300
13612,13576183746,13576183747,12.61,primary_link,40.0,250
13613,13576183747,13576183746,12.61,primary_link,40.0,250
13614,13576183747,4365981540,342.64,primary,50.0,300
13615,13577420327,4367646530,46.55,tertiary,30.0,100
13616,13577420327,13577420328,13.15,tertiary_link,25.0,80
13617,13577420328,13577420330,49.67,tertiary,30.0,100
13618,13577420328,13577420327,13.15,tertiary_link,25.0,80
13619,13577420329,13577420327,50.64,tertiary,30.0,100
13620,13577420329,13577420330,14.89,tertiary_link,25.0,80
13621,13577420330,13577420329,14.89,tertiary_link,25.0,80
13622,13577420330,1644085190,63.06,tertiary,30.0,100
13623,13577420331,13577420332,14.17,tertiary_link,25.0,80
13624,13577420331,1644085208,75.65,tertiary,30.0,100
13625,13577420332,13577420331,14.17,tertiary_link,25.0,80
13626,13577420332,7288676450,125.72,tertiary,30.0,100
13627,13577446666,5924612081,19.9,primary,50.0,300
13628,13577446666,13577446669,23.34,primary_link,40.0,250
13629,13577446669,13569884694,110.04,tertiary,30.0,100
13630,13577446670,13577446671,13.08,primary_link,40.0,250
13631,13577446670,10279540081,810.23,primary,50.0,300
13632,13577446671,13577446670,13.08,primary_link,40.0,250
13633,13577446671,5924612037,105.57,primary,50.0,300
13634,13579860190,5924611756,9.07,secondary,40.0,200
13635,13579860191,13579860190,31.98,secondary,40.0,200
13636,13579860191,5924612046,8.93,primary,50.0,300
13637,13579860192,13579860191,14.59,secondary,40.0,200
13638,13579860192,5924612073,654.21,primary,50.0,300
13639,13579932298,245654369,7.3,primary,50.0,300
13640,13579932298,13579932299,8.3,tertiary,30.0,100
13641,13579932299,245654369,8.39,tertiary,30.0,100
13642,13579932299,662429758,178.49,tertiary,30.0,100
13643,13580034518,5924612057,21.12,secondary,40.0,200
13644,13580034518,10260826682,450.39,secondary,40.0,200
13645,13580034518,13580034524,24.88,primary_link,40.0,250
13646,13580034521,5924612057,18.87,primary,50.0,300
13647,13580034521,13580034518,30.75,primary_link,40.0,250
13648,13580034524,5924612055,32.79,primary,50.0,300
13649,13580034525,10245111440,31.02,tertiary,30.0,100
13650,13580034525,6246728893,25.0,tertiary,30.0,100
13651,13580034527,13580034530,25.2,tertiary,30.0,100
13652,13580034527,13580034529,5.83,tertiary,30.0,100
13653,13580034529,6246728893,9.27,tertiary,30.0,100
13654,13580034529,13580034525,25.64,tertiary,30.0,100
13655,13580034530,13580034531,5.43,tertiary_link,25.0,80
13656,13580034530,13580034533,71.56,tertiary,30.0,100
13657,13580034531,13580034529,25.6,tertiary,30.0,100
13658,13580034531,13580034530,5.43,tertiary_link,25.0,80
13659,13580034532,13580034533,7.17,tertiary_link,25.0,80
13660,13580034532,13580034531,85.47,tertiary,30.0,100
13661,13580034533,13580034535,34.25,tertiary,30.0,100
13662,13580034533,13580034532,7.17,tertiary_link,25.0,80
13663,13580034534,13580034535,7.54,tertiary_link,25.0,80
13664,13580034534,13580034532,34.36,tertiary,30.0,100
13665,13580034535,13580034537,44.24,tertiary,30.0,100
13666,13580034535,13580034534,7.54,tertiary_link,25.0,80
13667,13580034536,13580034534,44.42,tertiary,30.0,100
13668,13580034536,13580034537,8.01,tertiary_link,25.0,80
13669,13580034537,13580034539,47.44,tertiary,30.0,100
13670,13580034537,13580034536,8.01,tertiary_link,25.0,80
13671,13580034538,13580034536,47.4,tertiary,30.0,100
13672,13580034538,13580034539,8.5,tertiary_link,25.0,80
13673,13580034539,13580034540,54.31,tertiary,30.0,100
13674,13580034539,13580034538,8.5,tertiary_link,25.0,80
13675,13580034540,13580034543,9.31,tertiary,30.0,100
13676,13580034540,13580034541,9.09,tertiary_link,25.0,80
13677,13580034541,13580034538,54.56,tertiary,30.0,100
13678,13580034541,13580034540,9.09,tertiary_link,25.0,80
13679,13580034542,13580034541,9.18,tertiary,30.0,100
13680,13580034542,13580034543,9.18,tertiary_link,25.0,80
13681,13580034543,5968928400,64.71,tertiary,30.0,100
13682,13580034543,13580034542,9.18,tertiary_link,25.0,80
13683,13580034544,1386641054,248.0,tertiary,30.0,100
13684,13580034544,4625570786,29.42,tertiary,30.0,100
13685,13580034547,13580034548,12.02,tertiary,30.0,100
13686,13580034547,7103987019,273.47,primary,50.0,300
13687,13580034548,4625570786,7.48,primary,50.0,300
13688,13580034548,13580034544,29.26,tertiary,30.0,100
13689,13580034551,4625570785,76.36,primary,50.0,300
13690,13580147219,13580147222,17.67,tertiary,30.0,100
13691,13580147219,13580147220,5.53,tertiary_link,25.0,80
13692,13580147220,13580147219,5.53,tertiary_link,25.0,80
13693,13580147220,4366004642,34.32,tertiary,30.0,100
13694,13580147221,13580147220,17.89,tertiary,30.0,100
13695,13580147221,13580147222,5.47,tertiary_link,25.0,80
13696,13580147222,13580147223,25.4,tertiary,30.0,100
13697,13580147222,13580147221,5.47,tertiary_link,25.0,80
13698,13580147223,13580147226,27.83,tertiary,30.0,100
13699,13580147223,13580147224,5.47,tertiary_link,25.0,80
13700,13580147224,13580147223,5.47,tertiary_link,25.0,80
13701,13580147224,13580147221,25.55,tertiary,30.0,100
13702,13580147225,13580147224,27.85,tertiary,30.0,100
13703,13580147225,13580147226,5.31,tertiary_link,25.0,80
13704,13580147226,13580147225,5.31,tertiary_link,25.0,80
13705,13580147226,13580147227,93.72,tertiary,30.0,100
13706,13580147227,13580147230,58.36,tertiary,30.0,100
13707,13580147227,13580147228,5.53,tertiary_link,25.0,80
13708,13580147228,13580147227,5.53,tertiary_link,25.0,80
13709,13580147228,13580147225,93.64,tertiary,30.0,100
13710,13580147229,13580147230,5.85,tertiary_link,25.0,80
13711,13580147229,13580147228,58.25,tertiary,30.0,100
13712,13580147230,13580147232,30.67,tertiary,30.0,100
13713,13580147230,13580147229,5.85,tertiary_link,25.0,80
13714,13580147231,13580147232,6.02,tertiary_link,25.0,80
13715,13580147231,13580147229,30.8,tertiary,30.0,100
13716,13580147232,13580147234,27.43,tertiary,30.0,100
13717,13580147232,13580147231,6.02,tertiary_link,25.0,80
13718,13580147233,13580147231,27.02,tertiary,30.0,100
13719,13580147233,13580147234,6.18,tertiary_link,25.0,80
13720,13580147234,6246728887,34.24,tertiary,30.0,100
13721,13580147234,13580147233,6.18,tertiary_link,25.0,80
13722,13580147235,1388354104,533.51,tertiary,30.0,100
13723,13580147235,13580147243,30.05,tertiary,30.0,100
13724,13580147236,13580147238,1.74,tertiary,30.0,100
13725,13580147236,1388354091,152.47,tertiary,30.0,100
13726,13580147237,10243941083,449.98,tertiary,30.0,100
13727,13580147237,13580147242,14.76,tertiary,30.0,100
13728,13580147238,13580147242,6.88,tertiary,30.0,100
13729,13580147238,13580147237,16.85,tertiary,30.0,100
13730,13580147242,13580147249,3.44,tertiary,30.0,100
13731,13580147243,13580147236,15.59,tertiary,30.0,100
13732,13580147249,13580147243,5.16,tertiary,30.0,100
13733,13580147249,13580147235,30.84,tertiary,30.0,100
13734,13580246891,13580246897,7.35,tertiary,30.0,100
13735,13580246891,1388354152,487.86,tertiary,30.0,100
13736,13580246892,13575257248,940.63,tertiary,30.0,100
13737,13580246892,13580246899,38.98,tertiary,30.0,100
13738,13580246894,13580247302,10.33,tertiary,30.0,100
13739,13580246894,1388354157,384.56,secondary,40.0,200
13740,13580246894,13580246891,33.94,tertiary,30.0,100
13741,13580246894,13580246899,6.35,secondary,40.0,200
13742,13580246897,13580247302,18.98,tertiary,30.0,100
13743,13580246897,13580247301,17.35,tertiary_link,25.0,80
13744,13580246899,13580246894,6.35,secondary,40.0,200
13745,13580246899,13580247309,28.85,tertiary,30.0,100
13746,13580247301,13580246892,8.8,tertiary,30.0,100
13747,13580247302,13580246899,7.53,tertiary,30.0,100
13748,13580247302,13580247301,23.97,tertiary,30.0,100
13749,13580247309,1388354194,76.83,tertiary,30.0,100
13750,13580247309,13580246894,28.61,tertiary,30.0,100
13751,13580310167,1388354194,8.45,tertiary,30.0,100
13752,13580310167,13580310169,55.66,tertiary,30.0,100
13753,13580310169,1386641222,727.78,tertiary,30.0,100
13754,13580310169,13580310167,55.18,tertiary,30.0,100
13755,13580388004,10260888816,17.79,tertiary,30.0,100
13756,13580388004,13906656980,121.04,primary,50.0,300
13757,13580388008,10260888816,18.43,primary,50.0,300
13758,13580388008,10260888815,27.27,primary_link,40.0,250
13759,13580388009,13580388010,8.14,secondary_link,35.0,150
13760,13580388009,630678284,74.61,secondary,40.0,200
13761,13580388010,13580388009,8.14,secondary_link,35.0,150
13762,13580388010,13899209070,161.85,secondary,40.0,200
13763,13580388012,13580388013,8.99,secondary_link,35.0,150
13764,13580388012,13580388016,184.47,secondary,40.0,200
13765,13580388013,13580388012,8.99,secondary_link,35.0,150
13766,13580388013,10023271204,54.96,secondary,40.0,200
13767,13580388015,13580388016,9.86,secondary_link,35.0,150
13768,13580388015,13580388013,182.86,secondary,40.0,200
13769,13580388016,13580388018,55.97,secondary,40.0,200
13770,13580388016,13580388015,9.86,secondary_link,35.0,150
13771,13580388017,13580388015,56.34,secondary,40.0,200
13772,13580388017,13580388018,10.72,secondary_link,35.0,150
13773,13580388018,5969984647,70.14,secondary,40.0,200
13774,13580388018,13580388017,10.72,secondary_link,35.0,150
13775,13580405623,13580405630,26.82,tertiary,30.0,100
13776,13580405623,1665625665,9.38,tertiary_link,25.0,80
13777,13580405628,630700081,6.25,tertiary,30.0,100
13778,13580405628,13580405623,273.71,tertiary,30.0,100
13779,13580405630,13580405631,8.19,tertiary_link,25.0,80
13780,13580405630,1665625694,201.14,tertiary,30.0,100
13781,13580405631,1665625665,27.51,tertiary,30.0,100
13782,13580405631,13580405630,8.19,tertiary_link,25.0,80
13783,13580567012,10275495182,6.24,secondary,40.0,200
13784,13580567013,13580567012,5.62,secondary,40.0,200
13785,13580567013,10275495179,84.64,secondary,40.0,200
13786,13580567016,13580567013,27.39,secondary,40.0,200
13787,13580567016,10886182061,245.85,secondary,40.0,200
13788,13584156081,3455073183,137.21,tertiary,30.0,100
13789,13584156081,1643263967,18.2,tertiary,30.0,100
13790,13584203873,13584203888,4.63,secondary_link,35.0,150
13791,13584203873,3793874875,20.24,secondary,40.0,200
13792,13584203878,629023979,80.22,secondary,40.0,200
13793,13584203878,10310857477,6.48,secondary_link,35.0,150
13794,13584203881,13584203873,5.35,secondary_link,35.0,150
13795,13584203884,13584203894,227.37,secondary,40.0,200
13796,13584203884,13584203881,5.35,secondary_link,35.0,150
13797,13584203888,13584203878,2.86,secondary_link,35.0,150
13798,13584203893,13584203894,23.11,tertiary,30.0,100
13799,13584203893,8695912820,382.82,tertiary,30.0,100
13800,13584203893,10310857472,83.08,tertiary,30.0,100
13801,13584203894,13584203893,23.11,tertiary,30.0,100
13802,13584203894,1647556137,7.77,tertiary,30.0,100
13803,13584203894,10310857472,85.08,secondary,40.0,200
13804,13584286079,13584286080,8.23,tertiary_link,25.0,80
13805,13584286079,13584286081,20.36,tertiary,30.0,100
13806,13584286080,13584286079,8.23,tertiary_link,25.0,80
13807,13584286080,10244218140,132.3,tertiary,30.0,100
13808,13584286081,13584286083,32.7,tertiary,30.0,100
13809,13584286081,13584286082,8.23,tertiary_link,25.0,80
13810,13584286082,13584286080,19.84,tertiary,30.0,100
13811,13584286082,13584286081,8.23,tertiary_link,25.0,80
13812,13584286083,13361178767,33.54,tertiary,30.0,100
13813,13584286083,13584286084,7.93,tertiary_link,25.0,80
13814,13584286084,13584286082,33.25,tertiary,30.0,100
13815,13584286084,13584286083,7.93,tertiary_link,25.0,80
13816,13584286085,13584286087,27.53,tertiary,30.0,100
13817,13584286085,13584286086,7.72,tertiary_link,25.0,80
13818,13584286086,13361178768,17.58,tertiary,30.0,100
13819,13584286086,13584286085,7.72,tertiary_link,25.0,80
13820,13584286087,11230573768,30.38,tertiary,30.0,100
13821,13584286087,13584286088,7.86,tertiary_link,25.0,80
13822,13584286088,13584286086,26.91,tertiary,30.0,100
13823,13584286088,13584286087,7.86,tertiary_link,25.0,80
13824,13584306188,13584306189,6.12,tertiary,30.0,100
13825,13584306188,10877132840,184.8,secondary,40.0,200
13826,13584306189,10877132888,12.28,secondary,40.0,200
13827,13584470505,6429005902,20.85,primary,50.0,300
13828,13584470505,13584470506,15.78,primary_link,40.0,250
13829,13584470506,13584470505,15.78,primary_link,40.0,250
13830,13584470506,1645876420,495.84,primary,50.0,300
13831,13584566778,13584566779,20.78,secondary,40.0,200
13832,13584566778,629022674,321.08,primary,50.0,300
13833,13584566779,7331439002,11.02,primary,50.0,300
13834,13584566779,10310857481,363.58,secondary,40.0,200
13835,13584658160,6615924775,7.18,tertiary,30.0,100
13836,13584658160,245682685,285.86,tertiary,30.0,100
13837,13590816940,13590816949,7.07,secondary_link,35.0,150
13838,13590816940,7309530516,418.91,secondary,40.0,200
13839,13590816949,13590816940,7.07,secondary_link,35.0,150
13840,13590816949,13859476645,399.35,secondary,40.0,200
13841,13592000219,13592000220,6.78,tertiary_link,25.0,80
13842,13592000219,9910448046,33.44,tertiary,30.0,100
13843,13592000220,13592000219,6.78,tertiary_link,25.0,80
13844,13592000220,10245111440,35.48,tertiary,30.0,100
13845,13592081230,13592081237,7.2,tertiary_link,25.0,80
13846,13592081230,7280051310,16.73,tertiary,30.0,100
13847,13592081233,13592081235,7.48,tertiary_link,25.0,80
13848,13592081233,13592081234,139.74,tertiary,30.0,100
13849,13592081234,4233563027,229.55,tertiary,30.0,100
13850,13592081234,13592081235,139.56,tertiary,30.0,100
13851,13592081235,13592081233,7.48,tertiary_link,25.0,80
13852,13592081235,13592081230,14.97,tertiary,30.0,100
13853,13592081237,13592081230,7.2,tertiary_link,25.0,80
13854,13592081237,13592081233,13.22,tertiary,30.0,100
13855,13592081245,7280051310,6.68,tertiary_link,25.0,80
13856,13592081245,13592081237,15.53,tertiary,30.0,100
13857,13592081247,13592081248,6.54,tertiary_link,25.0,80
13858,13592081247,13592081250,11.79,tertiary,30.0,100
13859,13592081248,13592081247,6.54,tertiary_link,25.0,80
13860,13592081248,13592081245,23.1,tertiary,30.0,100
13861,13592081250,13592081248,12.58,tertiary,30.0,100
13862,13592081250,6117579489,37.88,tertiary,30.0,100
13863,13592894694,13592894698,54.25,tertiary,30.0,100
13864,13592894694,13592894695,13.26,tertiary_link,25.0,80
13865,13592894695,13592894699,54.95,tertiary,30.0,100
13866,13592894695,13592894694,13.26,tertiary_link,25.0,80
13867,13592894696,13592894697,13.52,tertiary_link,25.0,80
13868,13592894696,13592894694,67.0,tertiary,30.0,100
13869,13592894697,13592894695,65.98,tertiary,30.0,100
13870,13592894697,13592894696,13.52,tertiary_link,25.0,80
13871,13592894698,13592894699,12.97,tertiary_link,25.0,80
13872,13592894698,6601803826,52.0,tertiary,30.0,100
13873,13592894699,13592894698,12.97,tertiary_link,25.0,80
13874,13592894699,9871495788,59.83,tertiary,30.0,100
13875,13593361281,13593361282,14.49,tertiary,30.0,100
13876,13593361281,13593409669,200.12,tertiary,30.0,100
13877,13593361282,13261023788,872.93,tertiary,30.0,100
13878,13593361282,13593361283,8.15,tertiary,30.0,100
13879,13593361283,9130272953,207.72,tertiary,30.0,100
13880,13593361283,13593361281,8.25,tertiary,30.0,100
13881,13593409669,13593361281,200.12,tertiary,30.0,100
13882,13593409669,2242577574,18.3,tertiary,30.0,100
13883,13593483023,13593483024,23.59,tertiary,30.0,100
13884,13593483023,1651531023,39.82,tertiary,30.0,100
13885,13593483024,13593483023,23.59,tertiary,30.0,100
13886,13593483024,13593483025,19.34,tertiary,30.0,100
13887,13593483025,9130272941,223.91,tertiary,30.0,100
13888,13593483025,1651522076,9.38,tertiary,30.0,100
13889,13594346863,9925315038,68.11,secondary_link,35.0,150
13890,13594346863,1184044034,32.94,secondary,40.0,200
13891,13597200150,969754525,8.13,tertiary,30.0,100
13892,13597200150,13609142489,90.5,tertiary,30.0,100
13893,13597418381,7374085978,80.23,tertiary,30.0,100
13894,13597418381,3796685914,31.27,tertiary_link,25.0,80
13895,13597495215,245670344,8.94,tertiary,30.0,100
13896,13597495215,10279704583,451.63,tertiary,30.0,100
13897,13597495215,13882918911,460.99,primary,50.0,300
13898,13597681621,9023192700,13.35,secondary,40.0,200
13899,13597681621,13773981730,128.12,secondary,40.0,200
13900,13598108134,13598108135,8.64,tertiary_link,25.0,80
13901,13598108134,13598108138,75.04,tertiary,30.0,100
13902,13598108135,13598108134,8.64,tertiary_link,25.0,80
13903,13598108135,10279539060,15.6,tertiary,30.0,100
13904,13598108136,1647015495,36.39,tertiary,30.0,100
13905,13598108136,13598108137,9.42,tertiary_link,25.0,80
13906,13598108137,13598108136,9.42,tertiary_link,25.0,80
13907,13598108137,13598108139,20.78,tertiary,30.0,100
13908,13598108138,13598108136,20.58,tertiary,30.0,100
13909,13598108138,13598108139,10.11,tertiary_link,25.0,80
13910,13598108139,13598108138,10.11,tertiary_link,25.0,80
13911,13598108139,13598108135,74.62,tertiary,30.0,100
13912,13598108140,10279539059,35.62,tertiary,30.0,100
13913,13598108140,13598108141,8.71,tertiary_link,25.0,80
13914,13598108141,13598108140,8.71,tertiary_link,25.0,80
13915,13598108141,12350470029,24.5,tertiary,30.0,100
13916,13598655825,1147514644,470.12,secondary,40.0,200
13917,13598655825,13598655827,25.26,secondary,40.0,200
13918,13598655827,10277245410,235.61,secondary,40.0,200
13919,13598655827,13598655825,15.21,secondary,40.0,200
13920,13598655843,1651537108,10.83,secondary,40.0,200
13921,13598655843,10277245410,42.81,secondary,40.0,200
13922,13598885114,4357151383,7.51,primary_link,40.0,250
13923,13598885114,7157873783,777.9,primary,50.0,300
13924,13598885116,13598885120,8.58,secondary,40.0,200
13925,13598885116,10723311426,163.72,secondary,40.0,200
13926,13598885120,7340067044,10.99,secondary,40.0,200
13927,13598885120,3526719584,167.46,secondary,40.0,200
13928,13601847548,12991026971,141.29,tertiary,30.0,100
13929,13601847548,12991026971,25.46,tertiary_link,25.0,80
13930,13601941448,13601941449,17.2,primary_link,40.0,250
13931,13601941448,10279331289,768.63,primary,50.0,300
13932,13601941449,13601941448,17.2,primary_link,40.0,250
13933,13601941449,13601941459,818.5,tertiary,30.0,100
13934,13601941449,10279331290,767.16,tertiary,30.0,100
13935,13601941451,13601941452,20.56,primary_link,40.0,250
13936,13601941451,11273725381,210.79,tertiary,30.0,100
13937,13601941452,13601941451,20.56,primary_link,40.0,250
13938,13601941452,13602227119,98.43,primary,50.0,300
13939,13601941453,12357862111,402.04,primary,50.0,300
13940,13601941453,13601941454,16.61,primary_link,40.0,250
13941,13601941454,13601941453,16.61,primary_link,40.0,250
13942,13601941454,12357862112,401.15,tertiary,30.0,100
13943,13601941458,13601941459,27.49,primary_link,40.0,250
13944,13601941458,13769982821,443.36,primary,50.0,300
13945,13601941459,13602227120,243.12,tertiary,30.0,100
13946,13601941459,13601941449,818.5,tertiary,30.0,100
13947,13602227119,13771102895,63.05,primary,50.0,300
13948,13602227119,13602227121,14.47,primary_link,40.0,250
13949,13602227120,13771102894,50.71,tertiary,30.0,100
13950,13602227120,13602227121,16.54,primary_link,40.0,250
13951,13602227120,13601941459,243.12,tertiary,30.0,100
13952,13602227121,13602227120,16.54,primary_link,40.0,250
13953,13602227121,13602227119,14.47,primary_link,40.0,250
13954,13602227121,13769982832,188.54,primary,50.0,300
13955,13602548090,6016244862,9.22,tertiary,30.0,100
13956,13602548090,10279331290,370.11,tertiary,30.0,100
13957,13602548090,13602548093,152.25,tertiary,30.0,100
13958,13602548091,1960735610,9.49,primary,50.0,300
13959,13602548091,13602548090,14.19,tertiary,30.0,100
13960,13602548092,13602548091,18.06,tertiary,30.0,100
13961,13602548092,13472816379,398.61,primary,50.0,300
13962,13602548093,6016244862,151.33,tertiary,30.0,100
13963,13602548093,8592007389,107.24,tertiary,30.0,100
13964,13603529485,1147514635,202.69,tertiary,30.0,100
13965,13603529485,7374443626,20.21,tertiary,30.0,100
13966,13605326441,13605326442,16.47,tertiary_link,25.0,80
13967,13605326441,13605326446,257.58,tertiary,30.0,100
13968,13605326442,13605326441,16.47,tertiary_link,25.0,80
13969,13605326442,8592007389,151.51,tertiary,30.0,100
13970,13605326446,13605326448,47.27,tertiary,30.0,100
13971,13605326447,13605326442,261.83,tertiary,30.0,100
13972,13605326447,13605326446,12.2,tertiary,30.0,100
13973,13605326448,13605326447,10.88,tertiary,30.0,100
13974,13605326448,13803281545,27.73,tertiary,30.0,100
13975,13609057634,13609057635,34.13,tertiary,30.0,100
13976,13609057634,969754625,6.69,tertiary_link,25.0,80
13977,13609057635,2242577182,6.59,tertiary_link,25.0,80
13978,13609057635,969754640,89.47,tertiary,30.0,100
13979,13609142489,13609142490,6.93,tertiary_link,25.0,80
13980,13609142489,13609142493,106.68,tertiary,30.0,100
13981,13609142490,13609142489,6.93,tertiary_link,25.0,80
13982,13609142490,969754525,89.96,tertiary,30.0,100
13983,13609142492,13609057634,120.6,tertiary,30.0,100
13984,13609142492,2244792452,6.21,tertiary,30.0,100
13985,13609142493,13609142492,9.02,tertiary,30.0,100
13986,13609142495,13609142490,106.7,tertiary,30.0,100
13987,13609142495,13609142493,6.08,tertiary,30.0,100
13988,13610790389,13610790390,16.28,primary_link,40.0,250
13989,13610790389,11052744446,159.43,tertiary,30.0,100
13990,13610790390,13610790389,16.28,primary_link,40.0,250
13991,13610790390,10279331284,300.37,primary,50.0,300
13992,13614206224,13614206225,8.56,tertiary_link,25.0,80
13993,13614206224,13882649328,100.32,tertiary,30.0,100
13994,13614206225,10882615928,90.02,tertiary,30.0,100
13995,13614206225,13614206224,8.56,tertiary_link,25.0,80
13996,13615108581,2804481645,26.27,secondary,40.0,200
13997,13615108581,13799110863,149.58,trunk,60.0,400
13998,13615156514,13615156515,14.84,tertiary_link,25.0,80
13999,13615156514,12243225438,121.44,tertiary,30.0,100
14000,13615156515,13398075181,93.56,tertiary,30.0,100
14001,13615156515,13615156514,14.84,tertiary_link,25.0,80
14002,13615156516,13615156517,13.96,tertiary_link,25.0,80
14003,13615156516,13398075180,222.42,tertiary,30.0,100
14004,13615156517,13615156516,13.96,tertiary_link,25.0,80
14005,13615156517,13615156519,71.54,tertiary,30.0,100
14006,13615156518,13615156519,14.51,tertiary_link,25.0,80
14007,13615156518,13615156516,70.36,tertiary,30.0,100
14008,13615156519,6554302593,140.77,tertiary,30.0,100
14009,13615156519,13615156518,14.51,tertiary_link,25.0,80
14010,13615156523,2897024625,234.8,secondary,40.0,200
14011,13615156523,245666274,24.14,secondary,40.0,200
14012,13616287393,13616287394,7.99,tertiary_link,25.0,80
14013,13616287393,2897024710,115.62,tertiary,30.0,100
14014,13616287394,13616287393,7.99,tertiary_link,25.0,80
14015,13616287394,2897024748,235.5,tertiary,30.0,100
14016,13616325515,10091403656,6.09,tertiary_link,25.0,80
14017,13616325515,245666077,153.47,tertiary,30.0,100
14018,13617040678,10724781030,105.44,tertiary,30.0,100
14019,13617040678,13617040684,74.61,tertiary,30.0,100
14020,13617040683,13617040684,5.21,tertiary_link,25.0,80
14021,13617040683,13617040678,75.06,tertiary,30.0,100
14022,13617040684,13617040683,5.21,tertiary_link,25.0,80
14023,13617040684,12350391111,154.47,tertiary,30.0,100
14024,13617040685,13617040686,7.84,tertiary_link,25.0,80
14025,13617040685,10724781030,33.11,tertiary,30.0,100
14026,13617040686,13617040685,7.84,tertiary_link,25.0,80
14027,13617040686,13617040688,56.45,tertiary,30.0,100
14028,13617040687,13617040688,8.16,tertiary_link,25.0,80
14029,13617040687,13617040685,56.16,tertiary,30.0,100
14030,13617040688,13617040687,8.16,tertiary_link,25.0,80
14031,13617040688,13617040689,79.85,tertiary,30.0,100
14032,13617040689,13617040691,24.3,tertiary,30.0,100
14033,13617040689,13617040690,8.4,tertiary_link,25.0,80
14034,13617040690,13617040689,8.4,tertiary_link,25.0,80
14035,13617040690,13617040687,79.46,tertiary,30.0,100
14036,13617040691,13617040692,8.25,tertiary_link,25.0,80
14037,13617040691,13617040693,88.21,tertiary,30.0,100
14038,13617040692,13617040691,8.25,tertiary_link,25.0,80
14039,13617040692,13617040690,24.5,tertiary,30.0,100
14040,13617040693,13617040694,7.61,tertiary_link,25.0,80
14041,13617040693,245666370,71.5,tertiary,30.0,100
14042,13617040694,13617040693,7.61,tertiary_link,25.0,80
14043,13617040694,13617040692,87.7,tertiary,30.0,100
14044,13617040695,13617040696,5.23,tertiary_link,25.0,80
14045,13617040695,13616325515,70.27,tertiary,30.0,100
14046,13617040696,13617040695,5.23,tertiary_link,25.0,80
14047,13617040696,13617040697,57.66,tertiary,30.0,100
14048,13617040697,245666370,6.68,tertiary_link,25.0,80
14049,13617040697,13617040694,71.89,tertiary,30.0,100
14050,13617067002,245666077,5.65,tertiary_link,25.0,80
14051,13617067002,10091403656,155.55,tertiary,30.0,100
14052,13617092840,6428811270,95.73,tertiary,30.0,100
14053,13617092840,6428811262,6.78,tertiary,30.0,100
14054,13617483789,13617483794,21.16,tertiary,30.0,100
14055,13617483794,13617550919,9.34,tertiary,30.0,100
14056,13617483794,13617550927,24.58,tertiary,30.0,100
14057,13617550905,13617550915,26.3,tertiary,30.0,100
14058,13617550905,13617483789,8.06,tertiary,30.0,100
14059,13617550915,7365871208,7.27,tertiary_link,25.0,80
14060,13617550915,245666158,28.38,tertiary,30.0,100
14061,13617550919,13617550905,12.15,tertiary,30.0,100
14062,13617550922,11271580571,294.42,primary,50.0,300
14063,13617550926,13617550927,7.96,tertiary_link,25.0,80
14064,13617550926,13617550919,19.52,tertiary,30.0,100
14065,13617550927,13617550926,7.96,tertiary_link,25.0,80
14066,13617550927,13617550922,215.65,tertiary,30.0,100
14067,13617732047,13369398581,1036.15,tertiary,30.0,100
14068,13617732047,13807731940,21.91,tertiary,30.0,100
14069,13617732049,13617732047,12.02,tertiary,30.0,100
14070,13617732052,1398117085,16.63,primary,50.0,300
14071,13617732052,13617732049,23.54,primary_link,40.0,250
14072,13619400535,13619400539,4.3,secondary,40.0,200
14073,13619400535,245667688,366.57,secondary,40.0,200
14074,13619400539,7404711447,26.99,secondary,40.0,200
14075,13619400539,245668039,29.34,secondary_link,35.0,150
14076,13619693606,593119792,18.04,motorway_link,70.0,450
14077,13619693606,2250825449,711.07,motorway,80.0,500
14078,13619939784,2897024523,18.49,secondary,40.0,200
14079,13619939784,2897024614,230.93,primary,50.0,300
14080,13621005351,1182335013,22.47,secondary,40.0,200
14081,13621005351,13770434106,115.35,secondary,40.0,200
14082,13621005353,13803698430,21.8,secondary,40.0,200
14083,13621005353,8592800203,18.81,secondary,40.0,200
14084,13621005354,7357554326,173.37,tertiary,30.0,100
14085,13621005354,1027917050,18.41,secondary,40.0,200
14086,13621901230,13621901231,7.57,tertiary_link,25.0,80
14087,13621901230,6428811268,34.8,tertiary,30.0,100
14088,13621901231,12350446597,54.55,tertiary,30.0,100
14089,13621901231,13621901230,7.57,tertiary_link,25.0,80
14090,13621901232,12350446596,51.38,tertiary,30.0,100
14091,13621901232,13621901233,7.31,tertiary_link,25.0,80
14092,13621901233,13621901232,7.31,tertiary_link,25.0,80
14093,13621901233,245665873,31.77,tertiary,30.0,100
14094,13626310240,9694187773,12.66,secondary,40.0,200
14095,13626310240,13626310242,19.76,secondary,40.0,200
14096,13626310242,9694187776,267.06,secondary,40.0,200
14097,13626310242,9694187773,19.62,secondary,40.0,200
14098,13626310243,13626310251,10.61,secondary,40.0,200
14099,13626310243,13626310246,12.84,tertiary,30.0,100
14100,13626310246,13626310248,9.38,tertiary,30.0,100
14101,13626310246,13626310254,22.37,secondary,40.0,200
14102,13626310247,13626310246,7.28,secondary,40.0,200
14103,13626310247,13626310243,14.05,tertiary,30.0,100
14104,13626310248,13626310249,9.32,secondary,40.0,200
14105,13626310248,13473672032,119.6,tertiary,30.0,100
14106,13626310249,13626310247,9.48,tertiary,30.0,100
14107,13626310251,13626310243,10.61,secondary,40.0,200
14108,13626310251,9694187776,496.19,secondary,40.0,200
14109,13626310251,13626310254,31.97,secondary_link,35.0,150
14110,13626310254,5936572210,163.87,secondary,40.0,200
14111,13629018030,13369398580,8.26,primary,50.0,300
14112,13629018030,13369398581,30.65,tertiary,30.0,100
14113,13629221955,1936627863,7.13,tertiary,30.0,100
14114,13629221955,13754239251,7.38,tertiary,30.0,100
14115,13629221959,623037777,13.66,tertiary,30.0,100
14116,13629221959,3708879372,9.27,tertiary,30.0,100
14117,13629221959,13629221963,361.11,tertiary,30.0,100
14118,13629221962,2250992749,24.8,primary,50.0,300
14119,13629221962,13629221963,10.41,primary_link,40.0,250
14120,13629221963,13629221955,69.64,tertiary,30.0,100
14121,13629221963,13629221962,10.41,primary_link,40.0,250
14122,13633876091,1345329180,150.5,tertiary,30.0,100
14123,13633876091,13633876092,8.2,tertiary_link,25.0,80
14124,13633876092,13633876093,96.54,tertiary,30.0,100
14125,13633876092,13633876091,8.2,tertiary_link,25.0,80
14126,13633876093,13633876095,25.28,tertiary,30.0,100
14127,13633876093,13633876094,9.92,tertiary_link,25.0,80
14128,13633876094,13633876093,9.92,tertiary_link,25.0,80
14129,13633876094,13633876091,94.99,tertiary,30.0,100
14130,13633876095,13633876096,10.45,tertiary_link,25.0,80
14131,13633876095,13633876098,60.12,tertiary,30.0,100
14132,13633876096,13633876094,25.79,tertiary,30.0,100
14133,13633876096,13633876095,10.45,tertiary_link,25.0,80
14134,13633876097,13633876098,12.06,tertiary_link,25.0,80
14135,13633876097,13633876096,60.99,tertiary,30.0,100
14136,13633876098,13633876097,12.06,tertiary_link,25.0,80
14137,13633876098,5488442681,104.6,tertiary,30.0,100
14138,13637469009,9379801884,8.13,tertiary_link,25.0,80
14139,13637469009,1154003529,249.0,tertiary,30.0,100
14140,13637469012,13637469013,4.48,tertiary_link,25.0,80
14141,13637469012,13637469009,80.51,tertiary,30.0,100
14142,13637469013,13637469012,4.48,tertiary_link,25.0,80
14143,13637469013,10878501997,1079.27,tertiary,30.0,100
14144,13637469015,482229835,549.11,tertiary,30.0,100
14145,13637469015,10878501997,139.82,tertiary,30.0,100
14146,13637469017,9379801860,32.03,tertiary,30.0,100
14147,13637469017,9379801860,33.67,tertiary,30.0,100
14148,13637469017,9379801860,34.28,tertiary,30.0,100
14149,13637469027,9379801861,27.76,tertiary,30.0,100
14150,13637469027,9379801861,27.92,tertiary,30.0,100
14151,13639180050,13639180051,11.55,secondary_link,35.0,150
14152,13639180050,5488442640,122.19,secondary,40.0,200
14153,13639180051,13639180050,11.55,secondary_link,35.0,150
14154,13639180051,623880468,205.83,secondary,40.0,200
14155,13639940586,13637469017,15.2,tertiary,30.0,100
14156,13639940586,13639940587,11.16,tertiary_link,25.0,80
14157,13639940587,13639940586,11.16,tertiary_link,25.0,80
14158,13639940587,13637469015,153.74,tertiary,30.0,100
14159,13644386421,1375251438,1340.75,tertiary,30.0,100
14160,13644386425,245668344,504.78,tertiary,30.0,100
14161,13648828699,13649033303,13.14,secondary,40.0,200
14162,13648828699,13774426556,114.74,secondary,40.0,200
14163,13648926261,629017401,31.8,secondary,40.0,200
14164,13648926261,13648926262,9.68,secondary_link,35.0,150
14165,13648926262,13648926261,9.68,secondary_link,35.0,150
14166,13648926262,7345377647,182.9,secondary,40.0,200
14167,13648926263,13648926264,10.41,secondary_link,35.0,150
14168,13648926263,11786980558,119.85,secondary,40.0,200
14169,13648926264,13648926263,10.41,secondary_link,35.0,150
14170,13648926264,1375170790,297.19,secondary,40.0,200
14171,13648926266,13648926267,8.86,tertiary_link,25.0,80
14172,13648926266,10845966982,386.47,tertiary,30.0,100
14173,13648926267,10956744328,75.65,tertiary,30.0,100
14174,13648926267,13648926266,8.86,tertiary_link,25.0,80
14175,13648994720,629017418,12.63,tertiary,30.0,100
14176,13648994720,1646854031,237.33,tertiary,30.0,100
14177,13649016929,7345211329,12.41,secondary_link,35.0,150
14178,13649016929,10277304366,52.62,secondary,40.0,200
14179,13649033184,1352212388,90.07,secondary,40.0,200
14180,13649033184,13649033185,13.9,secondary_link,35.0,150
14181,13649033185,9115783842,15.49,secondary,40.0,200
14182,13649033185,13649033184,13.9,secondary_link,35.0,150
14183,13649033301,13648828699,26.67,secondary,40.0,200
14184,13649033303,7374550837,49.75,secondary,40.0,200
14185,13649033306,13648828699,23.37,secondary,40.0,200
14186,13649033306,13649033301,21.77,secondary_link,35.0,150
14187,13649175893,9903929402,48.92,tertiary,30.0,100
14188,13649175893,13649175894,7.97,tertiary_link,25.0,80
14189,13649175894,13649175893,7.97,tertiary_link,25.0,80
14190,13649175894,11787007972,428.56,tertiary,30.0,100
14191,13649278877,13649278878,10.91,secondary_link,35.0,150
14192,13649278877,13654758662,827.0,secondary,40.0,200
14193,13649278878,13786409207,36.09,secondary,40.0,200
14194,13649278878,13649278877,10.91,secondary_link,35.0,150
14195,13649287421,13649287422,5.63,tertiary_link,25.0,80
14196,13649287421,1646685601,158.26,tertiary,30.0,100
14197,13649287422,13649287424,67.25,tertiary,30.0,100
14198,13649287422,13649287421,5.63,tertiary_link,25.0,80
14199,13649287423,13649287421,66.92,tertiary,30.0,100
14200,13649287423,13649287424,4.89,tertiary_link,25.0,80
14201,13649287424,13649287423,4.89,tertiary_link,25.0,80
14202,13649287424,13654859225,441.05,tertiary,30.0,100
14203,13649360788,2744937782,223.9,tertiary,30.0,100
14204,13649360788,13649360799,143.14,tertiary,30.0,100
14205,13649360792,13649360788,95.53,tertiary,30.0,100
14206,13649360792,1646685599,139.77,tertiary,30.0,100
14207,13649360799,13649360800,8.77,tertiary,30.0,100
14208,13649360799,2744937782,150.82,tertiary,30.0,100
14209,13649360800,10654529068,6.4,tertiary,30.0,100
14210,13649360800,13649362606,384.74,tertiary,30.0,100
14211,13649362606,1188784758,7.58,tertiary,30.0,100
14212,13649362606,1188784397,161.44,tertiary,30.0,100
14213,13649362606,13649362635,825.94,tertiary,30.0,100
14214,13649362627,10277339582,7.18,primary,50.0,300
14215,13649362627,13528270894,10.76,tertiary,30.0,100
14216,13649362632,12882834634,28.65,primary_link,40.0,250
14217,13649362632,627835038,23.27,primary,50.0,300
14218,13649362635,13649362627,10.17,tertiary,30.0,100
14219,13649362635,10277339579,96.38,primary,50.0,300
14220,13651615237,13652312885,77.03,secondary,40.0,200
14221,13651615237,13651615240,139.03,secondary,40.0,200
14222,13651615240,7377674147,349.17,secondary,40.0,200
14223,13651615240,13651615237,139.03,secondary,40.0,200
14224,13652084593,7345377643,41.85,secondary,40.0,200
14225,13652084593,13652084594,7.69,secondary_link,35.0,150
14226,13652084594,13652084596,29.53,secondary,40.0,200
14227,13652084594,13652084593,7.69,secondary_link,35.0,150
14228,13652084595,13652084593,29.69,secondary,40.0,200
14229,13652084595,13652084596,7.05,secondary_link,35.0,150
14230,13652084596,13652084598,32.54,secondary,40.0,200
14231,13652084596,13652084595,7.05,secondary_link,35.0,150
14232,13652084597,13652084595,32.37,secondary,40.0,200
14233,13652084597,13652084598,6.32,secondary_link,35.0,150
14234,13652084598,13652103602,23.48,secondary,40.0,200
14235,13652084598,13652084597,6.32,secondary_link,35.0,150
14236,13652084599,13652103601,35.17,secondary,40.0,200
14237,13652084599,13652084600,7.58,secondary_link,35.0,150
14238,13652084600,13652084599,7.58,secondary_link,35.0,150
14239,13652084600,13652103604,245.85,secondary,40.0,200
14240,13652103601,13652084597,23.62,secondary,40.0,200
14241,13652103601,13652103602,7.12,secondary_link,35.0,150
14242,13652103602,13652084600,35.2,secondary,40.0,200
14243,13652103602,13652103601,7.12,secondary_link,35.0,150
14244,13652103603,13652103604,9.43,secondary_link,35.0,150
14245,13652103603,13652084599,245.89,secondary,40.0,200
14246,13652103604,13652103603,9.43,secondary_link,35.0,150
14247,13652103604,7345377653,140.67,secondary,40.0,200
14248,13652131272,13652131273,10.13,tertiary_link,25.0,80
14249,13652131272,10248977459,93.23,tertiary,30.0,100
14250,13652131273,13652131272,10.13,tertiary_link,25.0,80
14251,13652131273,1353467783,305.66,tertiary,30.0,100
14252,13652254282,7345377657,13.35,secondary_link,35.0,150
14253,13652254282,245680777,257.97,secondary,40.0,200
14254,13652312884,13652312885,11.7,secondary_link,35.0,150
14255,13652312884,13651615237,74.56,secondary,40.0,200
14256,13652312885,13652312884,11.7,secondary_link,35.0,150
14257,13652312885,628597978,161.53,secondary,40.0,200
14258,13652385904,13652385905,118.45,primary,50.0,300
14259,13652385904,7377674117,162.72,primary,50.0,300
14260,13652385905,13652385904,118.45,primary,50.0,300
14261,13652385905,1186904910,602.64,primary,50.0,300
14262,13654019770,1343006720,295.75,tertiary,30.0,100
14263,13654019770,1343002718,254.89,tertiary,30.0,100
14264,13654019770,13327911420,37.88,tertiary_link,25.0,80
14265,13654037095,1195179701,11.54,tertiary,30.0,100
14266,13654037095,7353935262,81.76,tertiary,30.0,100
14267,13654037096,13654037097,10.21,tertiary,30.0,100
14268,13654037096,7241682806,90.7,tertiary,30.0,100
14269,13654037097,10564313449,11.17,tertiary,30.0,100
14270,13654037097,13654103709,230.86,tertiary,30.0,100
14271,13654103705,13654103706,11.81,tertiary,30.0,100
14272,13654103705,7241682812,407.15,tertiary,30.0,100
14273,13654103706,13654037095,8.04,tertiary,30.0,100
14274,13654103706,13654037095,16.07,tertiary,30.0,100
14275,13654103709,13654103710,8.74,tertiary_link,25.0,80
14276,13654103709,13654103705,191.29,tertiary,30.0,100
14277,13654103710,13654103709,8.74,tertiary_link,25.0,80
14278,13654103710,10564313449,224.74,tertiary,30.0,100
14279,13654758658,13654758659,8.74,secondary_link,35.0,150
14280,13654758658,13654758661,64.36,secondary,40.0,200
14281,13654758659,13654758658,8.74,secondary_link,35.0,150
14282,13654758659,13786409210,83.56,secondary,40.0,200
14283,13654758660,13654758661,7.73,secondary_link,35.0,150
14284,13654758660,13654758659,67.17,secondary,40.0,200
14285,13654758661,13654758660,7.73,secondary_link,35.0,150
14286,13654758661,13654758663,76.78,secondary,40.0,200
14287,13654758662,13654758663,8.24,secondary_link,35.0,150
14288,13654758662,13654758660,78.02,secondary,40.0,200
14289,13654758663,13654758662,8.24,secondary_link,35.0,150
14290,13654758663,13649278878,826.01,secondary,40.0,200
14291,13654758667,1351183145,7.03,secondary,40.0,200
14292,13654758667,13786409210,120.57,secondary,40.0,200
14293,13654758669,1375170686,10.05,tertiary,30.0,100
14294,13654758669,13654758674,10.26,secondary,40.0,200
14295,13654758670,13654758669,8.16,secondary,40.0,200
14296,13654758670,13778926634,435.85,tertiary,30.0,100
14297,13654758673,1351183145,8.17,tertiary,30.0,100
14298,13654758673,13654758667,9.81,secondary,40.0,200
14299,13654758674,13819263241,7.18,secondary,40.0,200
14300,13654802887,13654859219,5.85,tertiary_link,25.0,80
14301,13654802887,13654859224,30.7,tertiary,30.0,100
14302,13654802888,13654859222,33.09,tertiary,30.0,100
14303,13654802888,13654859217,5.85,tertiary_link,25.0,80
14304,13654802889,13654802888,29.71,tertiary,30.0,100
14305,13654802889,13654859215,6.1,tertiary_link,25.0,80
14306,13654802890,13654859214,25.84,tertiary,30.0,100
14307,13654802890,13654859211,4.83,tertiary_link,25.0,80
14308,13654802899,6204119850,43.66,tertiary,30.0,100
14309,13654802899,13654859205,160.99,tertiary,30.0,100
14310,13654859204,13654859205,5.23,tertiary_link,25.0,80
14311,13654859204,13654802899,160.43,tertiary,30.0,100
14312,13654859205,13786521453,34.36,tertiary,30.0,100
14313,13654859205,13654859204,5.23,tertiary_link,25.0,80
14314,13654859208,2222708554,5.09,tertiary_link,25.0,80
14315,13654859208,13654859210,41.28,tertiary,30.0,100
14316,13654859209,2222708554,40.73,tertiary,30.0,100
14317,13654859209,13654859210,4.86,tertiary_link,25.0,80
14318,13654859210,13654802890,26.04,tertiary,30.0,100
14319,13654859210,13654859209,4.86,tertiary_link,25.0,80
14320,13654859211,13654859209,25.99,tertiary,30.0,100
14321,13654859211,13654802890,4.83,tertiary_link,25.0,80
14322,13654859213,13654859211,26.12,tertiary,30.0,100
14323,13654859213,13654859214,5.4,tertiary_link,25.0,80
14324,13654859214,13654802889,27.59,tertiary,30.0,100
14325,13654859214,13654859213,5.4,tertiary_link,25.0,80
14326,13654859215,13654859213,27.25,tertiary,30.0,100
14327,13654859215,13654802889,6.1,tertiary_link,25.0,80
14328,13654859217,13654859215,29.59,tertiary,30.0,100
14329,13654859217,13654802888,5.85,tertiary_link,25.0,80
14330,13654859219,13786521450,25.73,tertiary,30.0,100
14331,13654859219,13654802887,5.85,tertiary_link,25.0,80
14332,13654859221,13654859217,33.55,tertiary,30.0,100
14333,13654859221,13654859222,6.25,tertiary_link,25.0,80
14334,13654859222,13786521451,16.92,tertiary,30.0,100
14335,13654859222,13654859221,6.25,tertiary_link,25.0,80
14336,13654859223,13654859219,29.92,tertiary,30.0,100
14337,13654859223,13654859224,5.13,tertiary_link,25.0,80
14338,13654859224,13654859223,5.13,tertiary_link,25.0,80
14339,13654859224,10770482043,21.56,tertiary,30.0,100
14340,13654859225,13778926637,48.44,tertiary,30.0,100
14341,13654859225,13654859226,5.8,tertiary_link,25.0,80
14342,13654859226,13654859225,5.8,tertiary_link,25.0,80
14343,13654859226,13649287423,441.88,tertiary,30.0,100
14344,13657812310,13657812311,20.08,secondary_link,35.0,150
14345,13657812310,1367092731,435.48,secondary,40.0,200
14346,13657812311,13657812310,20.08,secondary_link,35.0,150
14347,13657812311,11274067553,119.51,secondary,40.0,200
14348,13658634058,1366856852,27.93,trunk_link,50.0,350
14349,13658634058,13658634061,12.91,trunk,60.0,400
14350,13658634061,1366856857,18.31,trunk,60.0,400
14351,13658646356,13658646357,7.91,tertiary_link,25.0,80
14352,13658646356,7371054100,140.5,tertiary,30.0,100
14353,13658646357,13658646359,12.51,tertiary,30.0,100
14354,13658646357,13658646356,7.91,tertiary_link,25.0,80
14355,13658646358,245663476,400.78,tertiary,30.0,100
14356,13658646358,2568778981,60.52,tertiary,30.0,100
14357,13658646359,13658646356,12.17,tertiary,30.0,100
14358,13658646359,2568065851,252.74,tertiary,30.0,100
14359,13658707414,528785934,20.65,trunk,60.0,400
14360,13658707414,13658707416,23.07,motorway_link,70.0,450
14361,13658707416,2966389530,531.22,motorway_link,70.0,450
14362,13658722650,1179261850,427.94,tertiary,30.0,100
14363,13658722650,245660316,29.2,tertiary,30.0,100
14364,13658722651,13661562614,427.12,tertiary,30.0,100
14365,13658722651,13658722657,15.17,tertiary,30.0,100
14366,13658722656,245660316,10.15,secondary,40.0,200
14367,13658722656,13658722650,27.91,tertiary,30.0,100
14368,13658722657,13658722656,10.99,tertiary,30.0,100
14369,13658722657,13671676553,189.64,secondary,40.0,200
14370,13658722670,1650753935,6.13,tertiary,30.0,100
14371,13658722670,13658722671,182.38,tertiary,30.0,100
14372,13658722671,7374320622,102.67,tertiary,30.0,100
14373,13658722673,1650770679,88.92,tertiary,30.0,100
14374,13658722673,245661288,19.39,tertiary,30.0,100
14375,13658722674,1650753960,57.17,tertiary,30.0,100
14376,13658722674,13658722681,29.92,tertiary,30.0,100
14377,13658722680,245661288,8.17,trunk,60.0,400
14378,13658722680,13658722673,19.14,tertiary,30.0,100
14379,13658722681,13658722680,31.44,tertiary,30.0,100
14380,13658722681,1179089888,221.33,trunk,60.0,400
14381,13658722772,13661562635,312.18,secondary,40.0,200
14382,13658722772,10282040383,19.29,secondary,40.0,200
14383,13658722774,8867307187,362.86,primary,50.0,300
14384,13658722774,13658722776,20.92,primary,50.0,300
14385,13658722776,10282040381,30.39,primary,50.0,300
14386,13658722776,13658722781,6.08,primary,50.0,300
14387,13658722780,13658722776,6.02,primary,50.0,300
14388,13658722780,13658722774,19.61,primary,50.0,300
14389,13658722781,10282040383,6.38,primary,50.0,300
14390,13658722781,13658722772,18.3,secondary,40.0,200
14391,13660719781,12448362114,18.76,trunk_link,50.0,350
14392,13660719781,12905592102,35.33,trunk_link,50.0,350
14393,13660739193,13660739197,23.21,tertiary,30.0,100
14394,13660739193,1366795134,242.33,tertiary,30.0,100
14395,13660739197,13660739199,103.23,tertiary,30.0,100
14396,13660739197,13660739198,5.86,tertiary_link,25.0,80
14397,13660739198,13660739197,5.86,tertiary_link,25.0,80
14398,13660739198,13660739193,22.33,tertiary,30.0,100
14399,13660739199,13660739200,5.69,tertiary_link,25.0,80
14400,13660739199,13660755801,160.52,tertiary,30.0,100
14401,13660739200,13660739199,5.69,tertiary_link,25.0,80
14402,13660739200,13660739198,103.23,tertiary,30.0,100
14403,13660755801,13660755802,5.66,tertiary_link,25.0,80
14404,13660755801,13660755803,143.55,tertiary,30.0,100
14405,13660755802,13660755801,5.66,tertiary_link,25.0,80
14406,13660755802,13660739200,161.15,tertiary,30.0,100
14407,13660755803,13660755805,109.39,tertiary,30.0,100
14408,13660755803,13660755804,5.56,tertiary_link,25.0,80
14409,13660755804,13660755803,5.56,tertiary_link,25.0,80
14410,13660755804,13660755802,143.48,tertiary,30.0,100
14411,13660755805,13660755807,138.58,tertiary,30.0,100
14412,13660755805,13660755806,4.85,tertiary_link,25.0,80
14413,13660755806,13660755804,109.11,tertiary,30.0,100
14414,13660755806,13660755805,4.85,tertiary_link,25.0,80
14415,13660755807,13660755808,3.95,tertiary_link,25.0,80
14416,13660755807,13660755809,134.12,tertiary,30.0,100
14417,13660755808,13660755806,138.73,tertiary,30.0,100
14418,13660755808,13660755807,3.95,tertiary_link,25.0,80
14419,13660755809,5912237878,22.13,tertiary,30.0,100
14420,13660755809,13660755810,7.67,tertiary_link,25.0,80
14421,13660755810,13660755808,133.29,tertiary,30.0,100
14422,13660755810,13660755809,7.67,tertiary_link,25.0,80
14423,13661562603,13661562604,8.71,secondary_link,35.0,150
14424,13661562603,13658722780,201.95,secondary,40.0,200
14425,13661562604,13661562603,8.71,secondary_link,35.0,150
14426,13661562604,12298775320,95.82,secondary,40.0,200
14427,13661562605,13658722781,29.82,primary,50.0,300
14428,13661562605,10282040381,6.53,primary_link,40.0,250
14429,13661562608,13661562610,56.44,primary,50.0,300
14430,13661562608,13661562609,8.62,primary_link,40.0,250
14431,13661562609,13661562608,8.62,primary_link,40.0,250
14432,13661562609,13661562605,84.14,primary,50.0,300
14433,13661562610,10277719244,12.95,primary,50.0,300
14434,13661562610,13661562611,9.03,primary_link,40.0,250
14435,13661562611,13661562609,55.86,primary,50.0,300
14436,13661562611,13661562610,9.03,primary_link,40.0,250
14437,13661562612,13661562613,10.06,primary_link,40.0,250
14438,13661562612,6262416578,375.86,primary,50.0,300
14439,13661562613,10277719235,24.69,primary,50.0,300
14440,13661562613,13661562612,10.06,primary_link,40.0,250
14441,13661562614,13658722651,427.12,tertiary,30.0,100
14442,13661562614,13661562615,38.86,tertiary,30.0,100
14443,13661562615,7374507918,65.31,tertiary,30.0,100
14444,13661562615,13661562614,38.42,tertiary,30.0,100
14445,13661562635,13658722772,312.18,secondary,40.0,200
14446,13661562635,13661562636,34.66,secondary,40.0,200
14447,13661562636,7374459516,78.18,secondary,40.0,200
14448,13661562636,13661562635,35.03,secondary,40.0,200
14449,13664004433,4625570783,289.16,primary,50.0,300
14450,13667198501,7377729180,8.25,primary,50.0,300
14451,13670806940,3568776812,12.81,tertiary,30.0,100
14452,13670806940,7735948667,475.26,tertiary,30.0,100
14453,13670806941,13673973150,6.6,tertiary,30.0,100
14454,13670806941,13670806940,12.71,tertiary,30.0,100
14455,13671537580,5924612066,12.26,primary_link,40.0,250
14456,13671537580,5924612063,73.92,primary,50.0,300
14457,13671621834,6604559419,114.88,trunk_link,50.0,350
14458,13671676552,13671676553,7.45,secondary_link,35.0,150
14459,13671676552,13658722656,189.11,secondary,40.0,200
14460,13671676553,13671676552,7.45,secondary_link,35.0,150
14461,13671676553,13686749226,224.82,secondary,40.0,200
14462,13673520574,11953087504,19.74,primary,50.0,300
14463,13673520574,5923862802,34.8,primary,50.0,300
14464,13673603149,13673603150,7.0,tertiary_link,25.0,80
14465,13673603149,5912237845,180.23,tertiary,30.0,100
14466,13673603150,13673603149,7.0,tertiary_link,25.0,80
14467,13673603150,1366795134,102.23,tertiary,30.0,100
14468,13673656714,5912237848,6.07,tertiary_link,25.0,80
14469,13673656714,3737129897,168.9,tertiary,30.0,100
14470,13673656715,13673656716,7.31,tertiary_link,25.0,80
14471,13673656715,13673671789,104.45,tertiary,30.0,100
14472,13673656716,13673656715,7.31,tertiary_link,25.0,80
14473,13673656716,13673656714,80.69,tertiary,30.0,100
14474,13673671789,13673671790,7.26,tertiary_link,25.0,80
14475,13673671789,13673671791,52.76,tertiary,30.0,100
14476,13673671790,13673671789,7.26,tertiary_link,25.0,80
14477,13673671790,13673656716,105.54,tertiary,30.0,100
14478,13673671791,13673671792,7.44,tertiary_link,25.0,80
14479,13673671791,7298860363,298.39,tertiary,30.0,100
14480,13673671792,13673671791,7.44,tertiary_link,25.0,80
14481,13673671792,13673671790,54.85,tertiary,30.0,100
14482,13673724062,5913278404,7.14,tertiary,30.0,100
14483,13673724062,13673724063,19.14,tertiary_link,25.0,80
14484,13673724063,13673724062,19.14,tertiary_link,25.0,80
14485,13673724063,5912237867,395.21,tertiary,30.0,100
14486,13673740015,13673740016,11.82,secondary_link,35.0,150
14487,13673740015,619193778,136.14,secondary,40.0,200
14488,13673740016,13673740015,11.82,secondary_link,35.0,150
14489,13673740016,13673740018,55.06,secondary,40.0,200
14490,13673740017,13673740018,11.97,secondary_link,35.0,150
14491,13673740017,13673740015,54.18,secondary,40.0,200
14492,13673740018,13673740017,11.97,secondary_link,35.0,150
14493,13673740018,6569340935,390.11,secondary,40.0,200
14494,13673961543,13673961544,6.9,secondary_link,35.0,150
14495,13673961543,10882783547,88.64,secondary,40.0,200
14496,13673961544,13673961543,6.9,secondary_link,35.0,150
14497,13673961544,12882834615,156.44,secondary,40.0,200
14498,13673973149,13673973150,9.65,secondary,40.0,200
14499,13673973149,11927594954,713.04,secondary,40.0,200
14500,13673973149,13670806940,14.0,tertiary,30.0,100
14501,13673973150,13673973149,9.65,secondary,40.0,200
14502,13673973150,5921458147,64.46,tertiary,30.0,100
14503,13674181397,13675070081,11.52,secondary,40.0,200
14504,13674197201,245664662,19.67,trunk,60.0,400
14505,13674197201,13674181397,23.56,trunk_link,50.0,350
14506,13674197204,13676889435,8.28,secondary_link,35.0,150
14507,13674197204,13676889437,21.93,secondary,40.0,200
14508,13674285912,2248802695,50.89,secondary,40.0,200
14509,13674285912,13674285913,8.05,secondary_link,35.0,150
14510,13674285913,13674285912,8.05,secondary_link,35.0,150
14511,13674285913,13677015858,550.92,secondary,40.0,200
14512,13675070080,6573759451,29.57,secondary,40.0,200
14513,13675070080,13675070081,8.53,secondary_link,35.0,150
14514,13675070081,13675070083,15.36,secondary,40.0,200
14515,13675070081,13675070080,8.53,secondary_link,35.0,150
14516,13675070082,13675070080,15.85,secondary,40.0,200
14517,13675070082,13675070083,8.35,secondary_link,35.0,150
14518,13675070083,13675070082,8.35,secondary_link,35.0,150
14519,13675070083,529576444,135.36,secondary,40.0,200
14520,13676889428,6574294052,12.51,secondary_link,35.0,150
14521,13676889428,10279809014,221.59,secondary,40.0,200
14522,13676889430,13676889431,9.63,secondary_link,35.0,150
14523,13676889430,13676889432,55.39,secondary,40.0,200
14524,13676889431,632313012,28.03,secondary,40.0,200
14525,13676889431,13676889430,9.63,secondary_link,35.0,150
14526,13676889432,632313010,9.55,secondary_link,35.0,150
14527,13676889432,13674197204,62.43,secondary,40.0,200
14528,13676889435,13674197204,8.28,secondary_link,35.0,150
14529,13676889435,632313010,62.71,secondary,40.0,200
14530,13676889436,13676889435,23.57,secondary,40.0,200
14531,13676889436,13676889437,8.25,secondary_link,35.0,150
14532,13676889437,13676889436,8.25,secondary_link,35.0,150
14533,13676889437,13676889438,80.26,secondary,40.0,200
14534,13676889438,13676889439,10.31,secondary_link,35.0,150
14535,13676889438,11064309452,23.33,secondary,40.0,200
14536,13676889439,13676889438,10.31,secondary_link,35.0,150
14537,13676889439,13676889436,81.39,secondary,40.0,200
14538,13676889440,11064309452,11.47,secondary_link,35.0,150
14539,13676889440,13676889439,23.48,secondary,40.0,200
14540,13676889441,13676889442,12.3,secondary_link,35.0,150
14541,13676889441,2248800994,85.44,secondary,40.0,200
14542,13676889442,13676889441,12.3,secondary_link,35.0,150
14543,13676889442,13676889444,172.37,secondary,40.0,200
14544,13676889443,13676889444,13.47,secondary_link,35.0,150
14545,13676889443,13676889441,172.08,secondary,40.0,200
14546,13676889444,13676889443,13.47,secondary_link,35.0,150
14547,13676889444,13676889447,302.22,secondary,40.0,200
14548,13676889446,13676889447,11.6,secondary_link,35.0,150
14549,13676889446,13676889443,307.63,secondary,40.0,200
14550,13676889447,13676889446,11.6,secondary_link,35.0,150
14551,13676889447,278919343,146.16,secondary,40.0,200
14552,13676889452,278919550,46.02,secondary,40.0,200
14553,13676889452,13676889453,10.07,secondary_link,35.0,150
14554,13676889453,13676889452,10.07,secondary_link,35.0,150
14555,13676889453,13676889454,183.17,secondary,40.0,200
14556,13676889454,13676889455,6.93,secondary_link,35.0,150
14557,13676889454,13676889456,29.15,secondary,40.0,200
14558,13676889455,13676889454,6.93,secondary_link,35.0,150
14559,13676889455,13676889452,183.35,secondary,40.0,200
14560,13676889456,1643264091,6.57,secondary_link,35.0,150
14561,13676889456,13676889457,44.33,secondary,40.0,200
14562,13676889457,278919358,9.43,secondary_link,35.0,150
14563,13676889457,10279857151,137.99,secondary,40.0,200
14564,13676994254,10279771641,27.15,secondary,40.0,200
14565,13676994254,10207397922,11.05,secondary_link,35.0,150
14566,13676994256,13676994257,12.48,secondary_link,35.0,150
14567,13676994256,13680939274,193.33,secondary,40.0,200
14568,13676994257,13676994256,12.48,secondary_link,35.0,150
14569,13676994257,4264598306,72.3,secondary,40.0,200
14570,13677015858,13674285912,547.31,secondary,40.0,200
14571,13677015858,6576059825,1038.95,secondary,40.0,200
14572,13677025258,10207346702,30.71,secondary,40.0,200
14573,13677025258,13677025261,32.71,secondary_link,35.0,150
14574,13677025261,13676889428,87.97,secondary,40.0,200
14575,13677035095,13677035096,20.99,tertiary,30.0,100
14576,13677035095,13363231893,80.68,primary,50.0,300
14577,13677035096,6616472888,11.28,primary,50.0,300
14578,13677237833,13677237835,24.19,secondary,40.0,200
14579,13677237833,13677237834,7.69,secondary_link,35.0,150
14580,13677237834,13677237837,132.05,secondary,40.0,200
14581,13677237834,13677237833,7.69,secondary_link,35.0,150
14582,13677237835,13677237836,7.56,secondary_link,35.0,150
14583,13677237835,13677255091,23.76,secondary,40.0,200
14584,13677237836,13677237834,24.34,secondary,40.0,200
14585,13677237836,13677237835,7.56,secondary_link,35.0,150
14586,13677237837,11064294513,8.41,secondary_link,35.0,150
14587,13677237837,9311818784,103.7,secondary,40.0,200
14588,13677255091,13677255092,7.62,secondary_link,35.0,150
14589,13677255091,245664191,155.59,secondary,40.0,200
14590,13677255092,13677237836,23.76,secondary,40.0,200
14591,13677255092,13677255091,7.62,secondary_link,35.0,150
14592,13677255093,245664866,721.28,trunk,60.0,400
14593,13677255095,245664869,26.39,secondary,40.0,200
14594,13677255095,13677255093,40.42,trunk_link,50.0,350
14595,13677416153,9311818784,6.85,secondary,40.0,200
14596,13677416153,13677416154,11.05,secondary_link,35.0,150
14597,13677416154,13677416153,11.05,secondary_link,35.0,150
14598,13677416154,7362076297,88.5,secondary,40.0,200
14599,13677459952,7374437621,10.51,secondary_link,35.0,150
14600,13677459953,1651530826,532.92,secondary,40.0,200
14601,13677459953,13677459952,8.38,secondary_link,35.0,150
14602,13677995817,278919550,312.07,tertiary,30.0,100
14603,13677995817,13677995822,83.57,tertiary,30.0,100
14604,13677995821,13677995822,6.5,tertiary_link,25.0,80
14605,13677995821,13677995817,83.74,tertiary,30.0,100
14606,13677995822,7358363794,38.5,tertiary,30.0,100
14607,13677995822,13677995821,6.5,tertiary_link,25.0,80
14608,13680939274,2629741752,19.36,secondary,40.0,200
14609,13680939274,13680939278,24.17,trunk_link,50.0,350
14610,13680939278,2629741747,236.91,trunk,60.0,400
14611,13681043568,13681043571,11.19,tertiary,30.0,100
14612,13681043568,7361947945,195.23,primary,50.0,300
14613,13681043570,13681043573,11.58,tertiary,30.0,100
14614,13681043570,7331439008,834.22,primary,50.0,300
14615,13681043571,13681043570,11.37,primary,50.0,300
14616,13681043571,13681043570,39.06,tertiary,30.0,100
14617,13681043573,13681043568,10.55,primary,50.0,300
14618,13681043573,13893645137,350.1,tertiary,30.0,100
14619,13681043574,969935130,52.71,secondary,40.0,200
14620,13681043574,10277265394,8.32,secondary_link,35.0,150
14621,13681043575,969935130,8.18,secondary_link,35.0,150
14622,13681043575,10277265394,55.29,secondary,40.0,200
14623,13681043576,10277265407,11.08,secondary_link,35.0,150
14624,13681043576,245682398,366.95,secondary,40.0,200
14625,13681043578,13681043579,8.39,secondary_link,35.0,150
14626,13681043578,13681043576,165.12,secondary,40.0,200
14627,13681043579,13681043578,8.39,secondary_link,35.0,150
14628,13681043579,13681043575,153.4,secondary,40.0,200
14629,13681073483,13681073484,11.92,secondary_link,35.0,150
14630,13681073483,13789266314,61.12,secondary,40.0,200
14631,13681073484,13681073483,11.92,secondary_link,35.0,150
14632,13681073484,10882788615,94.83,secondary,40.0,200
14633,13681073487,10264297673,38.4,secondary,40.0,200
14634,13681073487,13681073488,9.95,secondary_link,35.0,150
14635,13681073488,13681073487,9.95,secondary_link,35.0,150
14636,13681073488,10264297688,228.6,secondary,40.0,200
14637,13681143729,5912237921,7.45,tertiary,30.0,100
14638,13686749225,13686749226,8.81,secondary_link,35.0,150
14639,13686749225,13671676552,224.84,secondary,40.0,200
14640,13686749226,13686749225,8.81,secondary_link,35.0,150
14641,13686749226,13686749228,96.4,secondary,40.0,200
14642,13686749227,13686749228,7.71,secondary_link,35.0,150
14643,13686749227,13686749225,96.64,secondary,40.0,200
14644,13686749228,13686749227,7.71,secondary_link,35.0,150
14645,13686749228,10282040406,311.95,secondary,40.0,200
14646,13686797151,13528895060,215.54,tertiary,30.0,100
14647,13686797151,13686797158,21.81,tertiary,30.0,100
14648,13686797158,587984765,7.76,tertiary,30.0,100
14649,13686823154,13686823155,9.82,secondary_link,35.0,150
14650,13686823154,10883614928,139.87,secondary,40.0,200
14651,13686823155,13686823154,9.82,secondary_link,35.0,150
14652,13686823155,4906196445,121.5,secondary,40.0,200
14653,13686862700,13686865201,7.65,tertiary_link,25.0,80
14654,13686862700,2258304479,852.27,tertiary,30.0,100
14655,13686865201,13686862700,7.65,tertiary_link,25.0,80
14656,13686865201,276775161,103.75,tertiary,30.0,100
14657,13687881985,10279771646,8.39,tertiary_link,25.0,80
14658,13687881985,10279771653,38.85,tertiary,30.0,100
14659,13687881986,13687881987,18.29,tertiary,30.0,100
14660,13687881986,10279771643,10.21,tertiary_link,25.0,80
14661,13687881987,13687881989,34.41,tertiary,30.0,100
14662,13687881987,13687881988,10.16,tertiary_link,25.0,80
14663,13687881988,10279771643,18.24,tertiary,30.0,100
14664,13687881988,13687881987,10.16,tertiary_link,25.0,80
14665,13687881989,13687881990,10.05,tertiary_link,25.0,80
14666,13687881989,13687881991,51.0,tertiary,30.0,100
14667,13687881990,13687881988,34.4,tertiary,30.0,100
14668,13687881990,13687881989,10.05,tertiary_link,25.0,80
14669,13687881991,13687881992,21.41,tertiary,30.0,100
14670,13687881991,10279771642,9.84,tertiary_link,25.0,80
14671,13687881992,13687881994,43.74,tertiary,30.0,100
14672,13687881992,13687881993,10.17,tertiary_link,25.0,80
14673,13687881993,10279771642,21.5,tertiary,30.0,100
14674,13687881993,13687881992,10.17,tertiary_link,25.0,80
14675,13687881994,245665679,30.97,tertiary,30.0,100
14676,13687881994,13687881995,10.84,tertiary_link,25.0,80
14677,13687881995,13687881993,44.03,tertiary,30.0,100
14678,13687881995,13687881994,10.84,tertiary_link,25.0,80
14679,13689201525,13689201526,15.63,primary_link,40.0,250
14680,13689201525,10738867823,131.29,primary,50.0,300
14681,13689201526,13689201525,15.63,primary_link,40.0,250
14682,13689201526,12014245217,489.09,primary,50.0,300
14683,13690633202,13690633203,7.64,tertiary,30.0,100
14684,13690633202,7298860365,301.07,tertiary,30.0,100
14685,13690633203,13690633202,7.64,tertiary,30.0,100
14686,13690633203,10886407640,70.43,tertiary,30.0,100
14687,13691092439,11061174742,818.88,tertiary,30.0,100
14688,13691092439,7371054102,218.49,tertiary,30.0,100
14689,13691092441,13691092442,8.48,tertiary_link,25.0,80
14690,13691092441,13691092443,67.38,tertiary,30.0,100
14691,13691092442,13691092441,8.48,tertiary_link,25.0,80
14692,13691092442,1366794682,46.3,tertiary,30.0,100
14693,13691092443,13691092444,8.23,tertiary_link,25.0,80
14694,13691092443,13691092444,139.14,tertiary,30.0,100
14695,13691092444,13691092442,68.02,tertiary,30.0,100
14696,13691092444,13691092443,8.23,tertiary_link,25.0,80
14697,13695108310,245663961,148.28,secondary,40.0,200
14698,13695108310,13695108312,92.91,secondary,40.0,200
14699,13695108312,10279761586,519.04,secondary,40.0,200
14700,13695108312,13695108310,92.91,secondary,40.0,200
14701,13698318584,10877693755,161.16,tertiary,30.0,100
14702,13698318584,486050696,42.46,tertiary,30.0,100
14703,13698318585,486050696,15.62,tertiary,30.0,100
14704,13698318585,13698318586,34.4,primary,50.0,300
14705,13698318586,2163538986,16.35,tertiary,30.0,100
14706,13698318586,13700572818,121.37,primary,50.0,300
14707,13700547679,245653753,13.21,secondary,40.0,200
14708,13700572817,13700572818,12.46,primary_link,40.0,250
14709,13700572817,2163538986,112.5,primary,50.0,300
14710,13700572818,13700572817,12.46,primary_link,40.0,250
14711,13700572818,245653777,61.83,primary,50.0,300
14712,13700599274,245654326,601.52,tertiary,30.0,100
14713,13700599274,662994491,20.13,tertiary,30.0,100
14714,13700651181,10282056982,11.66,secondary,40.0,200
14715,13700651181,12258145308,33.22,secondary,40.0,200
14716,13700651182,10282056982,153.52,secondary,40.0,200
14717,13700651182,2163539014,99.05,secondary,40.0,200
14718,13700725452,6078180264,63.85,secondary,40.0,200
14719,13700725452,2163539025,222.65,secondary,40.0,200
14720,13701145280,10885618307,47.56,primary,50.0,300
14721,13701145280,13701145285,69.93,primary_link,40.0,250
14722,13701145285,13905111273,37.6,secondary,40.0,200
14723,13701955561,13701955562,10.63,primary_link,40.0,250
14724,13701955561,2175130255,218.57,primary,50.0,300
14725,13701955562,13701955561,10.63,primary_link,40.0,250
14726,13701955562,13701955563,209.08,primary,50.0,300
14727,13701955563,2175130255,15.07,primary_link,40.0,250
14728,13701955563,13701955565,22.74,primary,50.0,300
14729,13701955564,2175130255,14.38,primary,50.0,300
14730,13701955564,13701955565,11.25,primary_link,40.0,250
14731,13701955565,486040864,16.96,primary,50.0,300
14732,13701955565,13701955564,11.25,primary_link,40.0,250
14733,13701955566,245654003,48.28,tertiary,30.0,100
14734,13701955566,13701955567,21.88,primary_link,40.0,250
14735,13701955567,7350602914,8.97,primary,50.0,300
14736,13701955567,13701955566,21.88,primary_link,40.0,250
14737,13701979053,13701979054,8.32,tertiary_link,25.0,80
14738,13701979053,662429758,218.89,tertiary,30.0,100
14739,13701979054,13701979053,8.32,tertiary_link,25.0,80
14740,13701979054,245654161,203.01,tertiary,30.0,100
14741,13701996607,10598322640,149.48,tertiary,30.0,100
14742,13702074447,13702074448,16.03,tertiary_link,25.0,80
14743,13702074447,13015390800,69.2,tertiary,30.0,100
14744,13702074448,4307040348,21.34,tertiary,30.0,100
14745,13702074448,13702074447,16.03,tertiary_link,25.0,80
14746,13702074449,13702074447,23.55,tertiary,30.0,100
14747,13702074449,13702074450,16.72,tertiary_link,25.0,80
14748,13702074450,5907166295,76.32,tertiary,30.0,100
14749,13702074450,13702074449,16.72,tertiary_link,25.0,80
14750,13702074457,13702074458,16.95,tertiary_link,25.0,80
14751,13702074457,6608759215,163.17,tertiary,30.0,100
14752,13702074458,13702074457,16.95,tertiary_link,25.0,80
14753,13702074458,10885994195,124.3,tertiary,30.0,100
14754,13703142007,10279704566,425.98,tertiary,30.0,100
14755,13703142007,13711214603,190.15,tertiary,30.0,100
14756,13703142010,13711148076,312.95,tertiary,30.0,100
14757,13703142010,623889405,282.89,tertiary,30.0,100
14758,13703412793,13703412794,11.13,tertiary_link,25.0,80
14759,13703412793,1366901048,42.69,tertiary,30.0,100
14760,13703412794,13703412793,11.13,tertiary_link,25.0,80
14761,13703412794,2244962171,169.63,tertiary,30.0,100
14762,13710546718,1366097095,25.47,primary,50.0,300
14763,13710546718,13710546719,18.23,primary_link,40.0,250
14764,13710546719,13710546718,18.23,primary_link,40.0,250
14765,13710546719,13717731389,324.85,primary,50.0,300
14766,13710546725,13710546718,86.17,primary,50.0,300
14767,13711148076,13711214602,74.43,tertiary,30.0,100
14768,13711148076,13711148077,7.78,tertiary_link,25.0,80
14769,13711148077,13711148076,7.78,tertiary_link,25.0,80
14770,13711148077,13703142010,312.92,tertiary,30.0,100
14771,13711148095,2244961457,75.27,primary,50.0,300
14772,13711148095,1366900663,55.71,primary,50.0,300
14773,13711214602,13711214603,7.86,tertiary_link,25.0,80
14774,13711214602,13703142007,199.26,tertiary,30.0,100
14775,13711214603,13711214602,7.86,tertiary_link,25.0,80
14776,13711214603,13711148077,74.17,tertiary,30.0,100
14777,13711232880,12334170885,75.59,primary,50.0,300
14778,13711232880,1233452316,65.86,primary,50.0,300
14779,13714582211,2298251549,354.28,tertiary,30.0,100
14780,13714582211,13714582219,8.04,tertiary,30.0,100
14781,13714582212,13714582211,6.49,tertiary,30.0,100
14782,13714582219,2298251556,13.24,tertiary,30.0,100
14783,13714582219,13714582220,7.73,tertiary,30.0,100
14784,13714582220,4146373181,315.65,tertiary,30.0,100
14785,13714582220,13714582212,11.68,tertiary,30.0,100
14786,13717731388,13717731389,27.92,primary_link,40.0,250
14787,13717731388,13710546725,236.03,primary,50.0,300
14788,13717731389,13717731388,27.92,primary_link,40.0,250
14789,13717731389,10229985329,218.48,primary,50.0,300
14790,13717877799,10243354694,17.32,tertiary,30.0,100
14791,13717877799,1644086510,54.65,tertiary,30.0,100
14792,13717893201,1644086510,57.34,tertiary,30.0,100
14793,13717893201,13717893203,67.2,tertiary,30.0,100
14794,13717893203,13717893201,67.21,tertiary,30.0,100
14795,13717893203,13717893206,27.58,tertiary,30.0,100
14796,13717893206,13717893203,27.58,tertiary,30.0,100
14797,13717893206,13728765343,17.71,tertiary,30.0,100
14798,13717893207,1233452316,117.03,tertiary,30.0,100
14799,13717893207,13728765344,57.26,tertiary,30.0,100
14800,13718113579,13718113580,12.05,primary_link,40.0,250
14801,13718113579,13718113581,47.56,primary,50.0,300
14802,13718113580,13718113579,12.05,primary_link,40.0,250
14803,13718113580,10878020696,58.1,primary,50.0,300
14804,13718113581,13718113582,11.15,primary_link,40.0,250
14805,13718113581,13718113583,23.81,primary,50.0,300
14806,13718113582,13718113581,11.15,primary_link,40.0,250
14807,13718113582,13718113580,47.3,primary,50.0,300
14808,13718113583,13718113584,10.35,primary_link,40.0,250
14809,13718113583,13088861531,47.86,primary,50.0,300
14810,13718113584,13718113583,10.35,primary_link,40.0,250
14811,13718113584,13718113582,25.22,primary,50.0,300
14812,13718317702,2233651626,157.05,tertiary,30.0,100
14813,13718317702,13718317717,127.33,tertiary,30.0,100
14814,13718317716,13718317717,7.27,tertiary_link,25.0,80
14815,13718317716,13718317702,127.49,tertiary,30.0,100
14816,13718317717,13718317716,7.27,tertiary_link,25.0,80
14817,13718317717,13718317719,19.41,tertiary,30.0,100
14818,13718317718,13718317719,6.91,tertiary_link,25.0,80
14819,13718317718,13718317716,18.93,tertiary,30.0,100
14820,13718317719,13718317718,6.91,tertiary_link,25.0,80
14821,13718317719,2233651344,17.85,tertiary,30.0,100
14822,13718317723,13718317731,167.58,tertiary,30.0,100
14823,13718317723,2233651344,111.34,tertiary,30.0,100
14824,13718317730,13718317731,7.21,tertiary_link,25.0,80
14825,13718317730,13718317723,166.04,tertiary,30.0,100
14826,13718317731,13718317730,7.21,tertiary_link,25.0,80
14827,13718317731,12258308248,113.02,tertiary,30.0,100
14828,13718424102,1361576643,554.49,tertiary,30.0,100
14829,13718424102,1361589388,84.33,tertiary,30.0,100
14830,13718558331,2250992834,13.67,trunk,60.0,400
14831,13718618586,2800312558,242.27,tertiary,30.0,100
14832,13718618586,13718618588,16.91,tertiary,30.0,100
14833,13718618587,619181292,553.95,tertiary,30.0,100
14834,13718618587,13718618586,13.98,tertiary,30.0,100
14835,13718618588,1166270336,852.67,tertiary,30.0,100
14836,13718618588,13718618596,11.11,tertiary,30.0,100
14837,13718618596,13718627912,16.28,tertiary,30.0,100
14838,13718618596,1156346003,5.53,tertiary,30.0,100
14839,13718627911,1156346003,14.82,tertiary,30.0,100
14840,13718627911,13718627912,5.95,tertiary_link,25.0,80
14841,13718627912,13718627911,5.95,tertiary_link,25.0,80
14842,13718627912,13718627914,20.55,tertiary,30.0,100
14843,13718627913,13718627914,5.98,tertiary_link,25.0,80
14844,13718627913,13718627911,20.31,tertiary,30.0,100
14845,13718627914,13718627916,29.44,tertiary,30.0,100
14846,13718627914,13718627913,5.98,tertiary_link,25.0,80
14847,13718627915,13718627916,7.62,tertiary_link,25.0,80
14848,13718627915,13718627913,29.2,tertiary,30.0,100
14849,13718627916,13718627915,7.62,tertiary_link,25.0,80
14850,13718627916,13718627918,102.89,tertiary,30.0,100
14851,13718627917,13718627918,6.94,tertiary_link,25.0,80
14852,13718627917,13718627915,102.71,tertiary,30.0,100
14853,13718627918,13718627920,12.72,tertiary,30.0,100
14854,13718627918,13718627917,6.94,tertiary_link,25.0,80
14855,13718627919,13718627917,13.12,tertiary,30.0,100
14856,13718627919,13718627920,6.88,tertiary_link,25.0,80
14857,13718627920,13718627919,6.88,tertiary_link,25.0,80
14858,13718627920,13718627922,60.07,tertiary,30.0,100
14859,13718627921,13718627919,59.83,tertiary,30.0,100
14860,13718627921,13718627922,6.66,tertiary_link,25.0,80
14861,13718627922,13718627921,6.66,tertiary_link,25.0,80
14862,13718627922,13718627923,54.95,tertiary,30.0,100
14863,13718627923,13718627921,55.24,tertiary,30.0,100
14864,13718627923,1201343937,120.16,tertiary,30.0,100
14865,13718941762,13718941777,115.91,tertiary,30.0,100
14866,13718941762,1201341729,120.57,tertiary,30.0,100
14867,13718941777,13718941778,6.98,tertiary_link,25.0,80
14868,13718941777,13718941779,23.27,tertiary,30.0,100
14869,13718941778,13718941777,6.98,tertiary_link,25.0,80
14870,13718941778,13718941762,119.87,tertiary,30.0,100
14871,13718941779,13718941780,7.17,tertiary_link,25.0,80
14872,13718941779,7358567225,429.71,tertiary,30.0,100
14873,13718941780,13718941779,7.17,tertiary_link,25.0,80
14874,13718941780,13718941778,23.45,tertiary,30.0,100
14875,13718980975,13718980978,7.61,tertiary_link,25.0,80
14876,13718980975,1634012685,36.1,tertiary,30.0,100
14877,13718980976,13718980985,39.45,tertiary,30.0,100
14878,13718980976,2233651771,157.37,tertiary,30.0,100
14879,13718980978,13718980975,7.61,tertiary_link,25.0,80
14880,13718980978,13718980981,53.9,tertiary,30.0,100
14881,13718980981,13718980985,6.61,tertiary_link,25.0,80
14882,13718980981,13718980976,38.47,tertiary,30.0,100
14883,13718980985,13718980981,6.61,tertiary_link,25.0,80
14884,13718980985,13718980975,55.31,tertiary,30.0,100
14885,13719012983,245668721,4.48,tertiary,30.0,100
14886,13719012983,13719012985,3.5,tertiary,30.0,100
14887,13719012983,1454673995,108.8,tertiary,30.0,100
14888,13719012985,13719012983,3.5,tertiary,30.0,100
14889,13719012985,1451864897,321.08,tertiary,30.0,100
14890,13719012990,1451814005,23.82,tertiary,30.0,100
14891,13719012990,1451814011,45.64,tertiary,30.0,100
14892,13719082384,2622177346,12.76,tertiary,30.0,100
14893,13719082384,620011492,172.26,primary,50.0,300
14894,13719082385,2244961457,13.09,tertiary,30.0,100
14895,13719082385,13711148095,74.34,primary,50.0,300
14896,13719082388,13719082389,11.29,primary_link,40.0,250
14897,13719082388,2622177342,254.58,primary,50.0,300
14898,13719082389,13719082391,75.9,primary,50.0,300
14899,13719082389,13719082388,11.29,primary_link,40.0,250
14900,13719082390,13719082391,9.91,primary_link,40.0,250
14901,13719082390,13719082388,76.31,primary,50.0,300
14902,13719082391,13719082390,9.91,primary_link,40.0,250
14903,13719082391,12381358492,284.72,primary,50.0,300
14904,13719082393,11396019516,6.59,tertiary_link,25.0,80
14905,13719082393,5242502017,63.91,tertiary,30.0,100
14906,13719082394,11396019517,55.25,tertiary,30.0,100
14907,13719082394,13719082395,6.68,tertiary_link,25.0,80
14908,13719082395,13719082393,44.55,tertiary,30.0,100
14909,13719082395,13719082394,6.68,tertiary_link,25.0,80
14910,13719082398,13719082399,7.35,tertiary_link,25.0,80
14911,13719082398,13719142001,251.9,tertiary,30.0,100
14912,13719082399,13719082398,7.35,tertiary_link,25.0,80
14913,13719082399,13723740766,53.43,tertiary,30.0,100
14914,13719142001,13719142002,4.68,tertiary_link,25.0,80
14915,13719142001,4264781384,182.22,tertiary,30.0,100
14916,13719142002,13719142001,4.68,tertiary_link,25.0,80
14917,13719142002,13719082399,252.16,tertiary,30.0,100
14918,13719798763,13719798764,6.79,tertiary_link,25.0,80
14919,13719798763,13719798766,226.5,tertiary,30.0,100
14920,13719798764,13719798763,6.79,tertiary_link,25.0,80
14921,13719798764,10207309411,144.62,tertiary,30.0,100
14922,13719798766,10936517726,25.9,tertiary,30.0,100
14923,13719798766,13719798767,7.92,tertiary_link,25.0,80
14924,13719798767,13719798766,7.92,tertiary_link,25.0,80
14925,13719798767,13719798764,227.52,tertiary,30.0,100
14926,13719841410,13719841411,11.17,primary_link,40.0,250
14927,13719841410,3244522368,52.77,primary,50.0,300
14928,13719841411,13719841413,36.11,primary,50.0,300
14929,13719841411,13719841410,11.17,primary_link,40.0,250
14930,13719841412,13719841413,10.49,primary_link,40.0,250
14931,13719841412,13719841410,36.01,primary,50.0,300
14932,13719841413,13719841412,10.49,primary_link,40.0,250
14933,13719841413,5470707481,75.28,primary,50.0,300
14934,13719841414,5470707481,9.66,primary_link,40.0,250
14935,13719841414,13719841412,74.92,primary,50.0,300
14936,13719841416,13719841417,8.01,primary_link,40.0,250
14937,13719841416,13719841414,143.6,primary,50.0,300
14938,13719841417,13719841416,8.01,primary_link,40.0,250
14939,13719841417,13719841419,189.58,primary,50.0,300
14940,13719841418,13719841419,8.47,primary_link,40.0,250
14941,13719841418,13719841416,191.53,primary,50.0,300
14942,13719841419,13719841418,8.47,primary_link,40.0,250
14943,13719841419,6583128782,173.16,primary,50.0,300
14944,13720570068,13720570069,8.46,trunk_link,50.0,350
14945,13720570068,2250992838,90.95,secondary,40.0,200
14946,13720570069,13720570068,8.46,trunk_link,50.0,350
14947,13720570069,6571717035,62.25,trunk,60.0,400
14948,13720591890,2249326353,148.77,trunk,60.0,400
14949,13720601485,13767830995,71.37,tertiary,30.0,100
14950,13720601493,10131724354,9.01,tertiary,30.0,100
14951,13720601493,13720643034,386.72,tertiary,30.0,100
14952,13720601495,13720643001,6.01,tertiary,30.0,100
14953,13720601495,13720643011,121.11,tertiary,30.0,100
14954,13720643001,10131724356,12.01,tertiary,30.0,100
14955,13720643005,13720601495,11.38,tertiary,30.0,100
14956,13720643005,13762463345,29.59,tertiary,30.0,100
14957,13720643011,13720643013,49.27,tertiary,30.0,100
14958,13720643011,13720643012,7.21,tertiary_link,25.0,80
14959,13720643012,13720643011,7.21,tertiary_link,25.0,80
14960,13720643012,13720643001,119.38,tertiary,30.0,100
14961,13720643013,13720643014,7.8,tertiary_link,25.0,80
14962,13720643013,13767830998,352.3,tertiary,30.0,100
14963,13720643014,13720643013,7.8,tertiary_link,25.0,80
14964,13720643014,13720643012,49.16,tertiary,30.0,100
14965,13720643022,13720643031,9.27,tertiary_link,25.0,80
14966,13720643022,13720643029,355.38,tertiary,30.0,100
14967,13720643029,1177244711,9.08,tertiary,30.0,100
14968,13720643029,1177243204,436.72,tertiary,30.0,100
14969,13720643031,13720643022,9.27,tertiary_link,25.0,80
14970,13720643031,13720643033,30.11,tertiary,30.0,100
14971,13720643033,13720643034,6.3,tertiary_link,25.0,80
14972,13720643033,10131724354,387.94,tertiary,30.0,100
14973,13720643034,13720643033,6.3,tertiary_link,25.0,80
14974,13720643034,13720643022,22.98,tertiary,30.0,100
14975,13720645658,1356240077,13.38,tertiary,30.0,100
14976,13720645658,2249330788,271.1,tertiary,30.0,100
14977,13722976500,13723086724,72.3,tertiary,30.0,100
14978,13722976500,13723179001,9.24,tertiary_link,25.0,80
14979,13723058955,13723058956,6.94,tertiary_link,25.0,80
14980,13723058955,13723058962,55.31,tertiary,30.0,100
14981,13723058956,13723058955,6.94,tertiary_link,25.0,80
14982,13723058956,13723058958,74.31,tertiary,30.0,100
14983,13723058957,13723058958,7.82,tertiary_link,25.0,80
14984,13723058957,13723058955,73.75,tertiary,30.0,100
14985,13723058958,13723058957,7.82,tertiary_link,25.0,80
14986,13723058958,13723058964,35.11,tertiary,30.0,100
14987,13723058961,9697895008,8.56,tertiary,30.0,100
14988,13723058961,9697895008,20.19,tertiary,30.0,100
14989,13723058962,1648168311,56.92,tertiary,30.0,100
14990,13723058962,13723058961,12.54,tertiary,30.0,100
14991,13723058963,13723058957,31.55,tertiary,30.0,100
14992,13723058963,13723058964,9.23,tertiary_link,25.0,80
14993,13723058964,13723058966,19.09,tertiary,30.0,100
14994,13723058964,13723058963,9.23,tertiary_link,25.0,80
14995,13723058965,13723058963,18.73,tertiary,30.0,100
14996,13723058965,13723058966,9.44,tertiary_link,25.0,80
14997,13723058966,13723058967,24.0,tertiary,30.0,100
14998,13723058966,13723058965,9.44,tertiary_link,25.0,80
14999,13723058967,13723058968,9.75,tertiary_link,25.0,80
15000,13723058967,13723058969,110.75,tertiary,30.0,100
15001,13723058968,13723058965,24.24,tertiary,30.0,100
15002,13723058968,13723058967,9.75,tertiary_link,25.0,80
15003,13723058969,13723058971,43.3,tertiary,30.0,100
15004,13723058969,13723058970,6.92,tertiary_link,25.0,80
15005,13723058970,13723058969,6.92,tertiary_link,25.0,80
15006,13723058970,13723058968,109.77,tertiary,30.0,100
15007,13723058971,13723058974,46.59,tertiary,30.0,100
15008,13723058971,13723058972,8.08,tertiary_link,25.0,80
15009,13723058972,13723058970,43.42,tertiary,30.0,100
15010,13723058972,13723058971,8.08,tertiary_link,25.0,80
15011,13723058973,13723058972,46.74,tertiary,30.0,100
15012,13723058973,13723058974,9.39,tertiary_link,25.0,80
15013,13723058974,9717246525,56.52,tertiary,30.0,100
15014,13723058974,13723058973,9.39,tertiary_link,25.0,80
15015,13723058975,13723058977,32.31,tertiary,30.0,100
15016,13723058975,13723058976,9.71,tertiary_link,25.0,80
15017,13723058976,13723058975,9.71,tertiary_link,25.0,80
15018,13723058976,12296544481,129.66,tertiary,30.0,100
15019,13723058977,13723058978,9.44,tertiary_link,25.0,80
15020,13723058977,9717246523,392.22,tertiary,30.0,100
15021,13723058978,13723058976,31.53,tertiary,30.0,100
15022,13723058978,13723058977,9.44,tertiary_link,25.0,80
15023,13723075800,11033657249,620.09,tertiary,30.0,100
15024,13723075800,11192884549,17.06,tertiary,30.0,100
15025,13723086703,13723075800,44.06,tertiary,30.0,100
15026,13723086724,7366152051,22.3,tertiary,30.0,100
15027,13723179001,13723179003,33.87,tertiary,30.0,100
15028,13723179001,13722976500,9.24,tertiary_link,25.0,80
15029,13723179002,13722976500,34.54,tertiary,30.0,100
15030,13723179002,13723179003,9.23,tertiary_link,25.0,80
15031,13723179003,13723179002,9.23,tertiary_link,25.0,80
15032,13723179003,13723179006,117.04,tertiary,30.0,100
15033,13723179005,13723179006,9.02,tertiary_link,25.0,80
15034,13723179005,13723179002,117.59,tertiary,30.0,100
15035,13723179006,13723179005,9.02,tertiary_link,25.0,80
15036,13723179006,13723179008,63.67,tertiary,30.0,100
15037,13723179007,13723179008,8.92,tertiary_link,25.0,80
15038,13723179007,13723179005,63.29,tertiary,30.0,100
15039,13723179008,13723179010,37.03,tertiary,30.0,100
15040,13723179008,13723179007,8.92,tertiary_link,25.0,80
15041,13723179009,13723179007,37.16,tertiary,30.0,100
15042,13723179009,13723179010,8.83,tertiary_link,25.0,80
15043,13723179010,13723179012,28.82,tertiary,30.0,100
15044,13723179010,13723179009,8.83,tertiary_link,25.0,80
15045,13723179011,13723179009,28.91,tertiary,30.0,100
15046,13723179011,13723179012,8.77,tertiary_link,25.0,80
15047,13723179012,13723179014,25.52,tertiary,30.0,100
15048,13723179012,13723179011,8.77,tertiary_link,25.0,80
15049,13723179013,13723179011,24.45,tertiary,30.0,100
15050,13723179013,13723179014,8.7,tertiary_link,25.0,80
15051,13723179014,13723179016,31.49,tertiary,30.0,100
15052,13723179014,13723179013,8.7,tertiary_link,25.0,80
15053,13723179015,13723179013,31.54,tertiary,30.0,100
15054,13723179015,13723179016,8.61,tertiary_link,25.0,80
15055,13723179016,13723179015,8.61,tertiary_link,25.0,80
15056,13723179016,13723179018,86.4,tertiary,30.0,100
15057,13723179017,13723179018,8.22,tertiary_link,25.0,80
15058,13723179017,13723179015,86.85,tertiary,30.0,100
15059,13723179018,13723179017,8.22,tertiary_link,25.0,80
15060,13723179018,13723179021,183.29,tertiary,30.0,100
15061,13723179021,13723179022,9.65,tertiary_link,25.0,80
15062,13723179021,2249268394,630.44,tertiary,30.0,100
15063,13723179022,13723179021,9.65,tertiary_link,25.0,80
15064,13723179022,13723179017,182.36,tertiary,30.0,100
15065,13723183133,13723183134,6.88,secondary,40.0,200
15066,13723183133,2233871937,29.11,secondary,40.0,200
15067,13723183134,13723183133,6.88,secondary,40.0,200
15068,13723183134,7271727272,113.48,secondary,40.0,200
15069,13723183135,2233871937,6.06,secondary_link,35.0,150
15070,13723183135,13723183134,29.02,secondary,40.0,200
15071,13723183137,13723183139,11.05,secondary,40.0,200
15072,13723183137,619183126,358.33,secondary,40.0,200
15073,13723183139,1389409135,4.91,tertiary,30.0,100
15074,13723183139,1389409137,373.5,secondary,40.0,200
15075,13723217785,13723217786,12.01,tertiary,30.0,100
15076,13723217785,13723217787,9.73,tertiary,30.0,100
15077,13723217785,1389428867,347.98,tertiary,30.0,100
15078,13723217786,13723217787,12.56,tertiary,30.0,100
15079,13723217786,9880815282,141.09,tertiary,30.0,100
15080,13723217787,13723217785,9.73,tertiary,30.0,100
15081,13723217787,6581629094,68.34,tertiary,30.0,100
15082,13723217787,619183872,283.14,tertiary,30.0,100
15083,13723740765,13723740766,5.94,tertiary_link,25.0,80
15084,13723740765,13719082398,53.32,tertiary,30.0,100
15085,13723740766,13723740765,5.94,tertiary_link,25.0,80
15086,13723740766,4264781363,70.47,tertiary,30.0,100
15087,13724654543,984279461,153.39,tertiary,30.0,100
15088,13724654543,984279468,19.36,tertiary,30.0,100
15089,13724654545,13724654549,23.99,tertiary,30.0,100
15090,13724654545,1152814070,379.86,tertiary,30.0,100
15091,13724654549,984279468,6.66,tertiary,30.0,100
15092,13724654549,13724654543,19.09,tertiary,30.0,100
15093,13725384759,2246472463,11.26,tertiary_link,25.0,80
15094,13725384759,10207331617,94.81,tertiary,30.0,100
15095,13726850488,13727972311,217.17,tertiary,30.0,100
15096,13726850488,1167660165,53.53,tertiary,30.0,100
15097,13727957891,984279232,167.67,tertiary,30.0,100
15098,13727957891,13727957893,39.45,tertiary,30.0,100
15099,13727957893,13727957891,39.42,tertiary,30.0,100
15100,13727957893,13727957897,33.28,tertiary,30.0,100
15101,13727957897,13727957893,33.28,tertiary,30.0,100
15102,13727957897,13727957898,23.01,tertiary,30.0,100
15103,13727957898,13727957897,23.04,tertiary,30.0,100
15104,13727957898,13727972303,15.77,tertiary,30.0,100
15105,13727972303,13727957898,15.77,tertiary,30.0,100
15106,13727972303,13727972304,26.95,tertiary,30.0,100
15107,13727972304,626539146,75.47,tertiary,30.0,100
15108,13727972304,13727972303,26.62,tertiary,30.0,100
15109,13727972309,13727972311,124.26,tertiary,30.0,100
15110,13727972309,626539146,58.13,tertiary,30.0,100
15111,13727972311,13726850488,217.17,tertiary,30.0,100
15112,13727972311,13727972309,124.15,tertiary,30.0,100
15113,13728743877,984279468,595.24,tertiary,30.0,100
15114,13728743877,13728743884,24.23,tertiary,30.0,100
15115,13728743879,13728743889,13.16,tertiary,30.0,100
15116,13728743879,619185664,7.92,tertiary,30.0,100
15117,13728743882,13728743884,6.06,tertiary_link,25.0,80
15118,13728743882,13728743877,23.91,tertiary,30.0,100
15119,13728743884,13728743882,6.06,tertiary_link,25.0,80
15120,13728743884,13728743888,57.41,tertiary,30.0,100
15121,13728743888,13728743889,6.52,tertiary_link,25.0,80
15122,13728743888,13728743879,12.79,tertiary,30.0,100
15123,13728743889,13728743888,6.52,tertiary_link,25.0,80
15124,13728743889,13728743882,56.58,tertiary,30.0,100
15125,13728765343,13728765344,4.56,tertiary_link,25.0,80
15126,13728765343,13717893207,58.38,tertiary,30.0,100
15127,13728765344,13728765343,4.56,tertiary_link,25.0,80
15128,13728765344,13717893206,17.82,tertiary,30.0,100
15129,13728770003,13728770004,47.39,tertiary,30.0,100
15130,13728770003,1201341729,1024.74,tertiary,30.0,100
15131,13728770004,13728770003,48.13,tertiary,30.0,100
15132,13728770004,1143398750,59.77,tertiary,30.0,100
15133,13728774529,984279451,4.06,tertiary,30.0,100
15134,13728774529,984279443,26.66,tertiary,30.0,100
15135,13728774534,984279261,50.57,tertiary,30.0,100
15136,13729961459,13729961460,8.23,secondary_link,35.0,150
15137,13729961459,13734025714,126.91,secondary,40.0,200
15138,13729961460,13729961459,8.23,secondary_link,35.0,150
15139,13729961460,13729961462,107.03,secondary,40.0,200
15140,13729961461,13729961462,9.05,secondary_link,35.0,150
15141,13729961461,13729961459,107.35,secondary,40.0,200
15142,13729961462,13729961461,9.05,secondary_link,35.0,150
15143,13729961462,10877195122,200.82,secondary,40.0,200
15144,13729998233,13729998234,5.68,primary_link,40.0,250
15145,13729998233,1156127277,158.25,primary,50.0,300
15146,13729998234,13729998233,5.68,primary_link,40.0,250
15147,13730003355,5355278570,85.18,primary_link,40.0,250
15148,13730003355,5346644809,58.61,trunk_link,50.0,350
15149,13730599849,9861077517,6.67,tertiary,30.0,100
15150,13730599849,13730599850,184.6,tertiary,30.0,100
15151,13730599850,1166270334,4.85,tertiary,30.0,100
15152,13730599850,2249326337,5.98,tertiary,30.0,100
15153,13730599851,13730599852,6.74,tertiary_link,25.0,80
15154,13730599851,2800312558,228.32,tertiary,30.0,100
15155,13730599852,13730599851,6.74,tertiary_link,25.0,80
15156,13730599852,12258308249,79.81,tertiary,30.0,100
15157,13730599853,13730599854,8.92,tertiary_link,25.0,80
15158,13730599853,7379061338,39.98,tertiary,30.0,100
15159,13730599854,13730599853,8.92,tertiary_link,25.0,80
15160,13730599854,13730599856,23.35,tertiary,30.0,100
15161,13730599855,13730599856,8.13,tertiary_link,25.0,80
15162,13730599855,13730599853,23.87,tertiary,30.0,100
15163,13730599856,13730599855,8.13,tertiary_link,25.0,80
15164,13730599856,13730599858,12.21,tertiary,30.0,100
15165,13730599857,13730599858,7.74,tertiary_link,25.0,80
15166,13730599857,13730599855,12.43,tertiary,30.0,100
15167,13730599858,13730599857,7.74,tertiary_link,25.0,80
15168,13730599858,13730599859,34.12,tertiary,30.0,100
15169,13730599859,13730599860,7.05,tertiary_link,25.0,80
15170,13730599859,13730599862,36.82,tertiary,30.0,100
15171,13730599860,13730599859,7.05,tertiary_link,25.0,80
15172,13730599860,13730599857,33.63,tertiary,30.0,100
15173,13730599861,13730599862,6.24,tertiary_link,25.0,80
15174,13730599861,13730599860,36.84,tertiary,30.0,100
15175,13730599862,13730599861,6.24,tertiary_link,25.0,80
15176,13730599862,13730599864,64.93,tertiary,30.0,100
15177,13730599863,13730599864,6.34,tertiary_link,25.0,80
15178,13730599863,13730599861,65.44,tertiary,30.0,100
15179,13730599864,13731339382,26.85,tertiary,30.0,100
15180,13730599864,13730599863,6.34,tertiary_link,25.0,80
15181,13731339382,13731339383,6.62,tertiary_link,25.0,80
15182,13731339382,13731339385,150.59,tertiary,30.0,100
15183,13731339383,13731339382,6.62,tertiary_link,25.0,80
15184,13731339383,13730599863,26.68,tertiary,30.0,100
15185,13731339384,13731339385,7.21,tertiary_link,25.0,80
15186,13731339384,13731339383,150.35,tertiary,30.0,100
15187,13731339385,13731339384,7.21,tertiary_link,25.0,80
15188,13731339385,13731339390,74.3,tertiary,30.0,100
15189,13731339386,1201341729,171.07,tertiary,30.0,100
15190,13731339386,13731339389,14.65,tertiary,30.0,100
15191,13731339389,13731339390,6.51,tertiary_link,25.0,80
15192,13731339389,13731339384,74.78,tertiary,30.0,100
15193,13731339390,13731339389,6.51,tertiary_link,25.0,80
15194,13731339390,13731339386,14.13,tertiary,30.0,100
15195,13732291231,1375215404,4.45,tertiary,30.0,100
15196,13732291231,1375215404,2414.0,tertiary,30.0,100
15197,13732291233,1375215407,6.98,tertiary,30.0,100
15198,13732291233,13732291231,43.01,tertiary,30.0,100
15199,13732603779,13732603780,5.11,trunk,60.0,400
15200,13732603779,7007093657,27.91,trunk_link,50.0,350
15201,13732603780,2249326319,597.27,trunk,60.0,400
15202,13732603780,10211936519,200.54,trunk_link,50.0,350
15203,13732758315,2250992819,84.86,trunk,60.0,400
15204,13733754819,13733754820,9.81,secondary_link,35.0,150
15205,13733754819,7379630125,404.27,secondary,40.0,200
15206,13733754820,13733754819,9.81,secondary_link,35.0,150
15207,13733754820,13733754828,217.91,secondary,40.0,200
15208,13733754827,13733754828,9.58,secondary_link,35.0,150
15209,13733754827,13733754819,216.38,secondary,40.0,200
15210,13733754828,13733754827,9.58,secondary_link,35.0,150
15211,13733754828,1184064226,312.47,secondary,40.0,200
15212,13733782462,2228291492,23.33,tertiary,30.0,100
15213,13733782462,1184064226,288.71,tertiary,30.0,100
15214,13733935624,11012174108,48.43,tertiary,30.0,100
15215,13733935624,1178625409,287.58,secondary,40.0,200
15216,13733935625,13733935624,12.11,secondary,40.0,200
15217,13733935625,11033657252,11.68,tertiary,30.0,100
15218,13734025714,13734025715,7.94,secondary_link,35.0,150
15219,13734025714,5483788799,187.19,secondary,40.0,200
15220,13734025715,13734025714,7.94,secondary_link,35.0,150
15221,13734025715,13729961460,126.35,secondary,40.0,200
15222,13734223107,13734223108,6.46,trunk_link,50.0,350
15223,13734223107,13730003355,23.43,tertiary,30.0,100
15224,13734223108,13734223107,6.46,trunk_link,50.0,350
15225,13734223108,13730003355,21.76,trunk_link,50.0,350
15226,13734223109,13734223107,17.25,tertiary,30.0,100
15227,13734223109,13734223110,6.65,trunk_link,50.0,350
15228,13734223110,13734223108,17.27,trunk_link,50.0,350
15229,13734223110,13734223109,6.65,trunk_link,50.0,350
15230,13734361085,13734361086,17.22,trunk_link,50.0,350
15231,13734361085,12432945775,95.63,tertiary,30.0,100
15232,13734361086,13734361085,17.22,trunk_link,50.0,350
15233,13734361086,1906829046,89.32,trunk,60.0,400
15234,13734361087,13734361085,125.69,tertiary,30.0,100
15235,13734361087,13734361088,17.83,trunk_link,50.0,350
15236,13734361088,13734361087,17.83,trunk_link,50.0,350
15237,13734361088,13734361086,126.08,trunk,60.0,400
15238,13734499236,1960735576,554.02,primary,50.0,300
15239,13734499236,10251547870,1017.98,tertiary,30.0,100
15240,13735220174,13788861619,295.63,tertiary,30.0,100
15241,13735220174,352470432,95.89,tertiary,30.0,100
15242,13736574674,13736574675,11.81,tertiary_link,25.0,80
15243,13736574674,7379522549,190.33,tertiary,30.0,100
15244,13736574675,13736574674,11.81,tertiary_link,25.0,80
15245,13736574675,7379522562,115.15,tertiary,30.0,100
15246,13736574679,8928728233,10.28,tertiary_link,25.0,80
15247,13736729652,13736729653,4.91,primary_link,40.0,250
15248,13736729652,6430497206,182.07,primary,50.0,300
15249,13736729653,13736729652,4.91,primary_link,40.0,250
15250,13736729653,13947318601,119.33,primary,50.0,300
15251,13736820892,414725069,12.44,secondary,40.0,200
15252,13736820892,13736820893,13.84,secondary,40.0,200
15253,13736820893,414721863,26.12,secondary,40.0,200
15254,13737018156,8507768263,11.75,trunk,60.0,400
15255,13744397693,1650406080,37.71,tertiary,30.0,100
15256,13744397693,1650406080,28.59,tertiary,30.0,100
15257,13744397693,2228291492,780.42,tertiary,30.0,100
15258,13747583628,1665625285,32.18,tertiary,30.0,100
15259,13747583628,1665625258,22.33,tertiary,30.0,100
15260,13747583631,1665625258,7.45,trunk_link,50.0,350
15261,13747583631,13747583628,23.48,tertiary,30.0,100
15262,13747583632,13747583631,50.28,tertiary,30.0,100
15263,13747583632,1665625168,52.91,trunk_link,50.0,350
15264,13747643733,245671140,11.02,secondary,40.0,200
15265,13747643734,5488342584,38.28,tertiary,30.0,100
15266,13747643734,13747643735,14.06,tertiary,30.0,100
15267,13747643734,13747643733,14.57,secondary,40.0,200
15268,13747643735,13747643734,14.06,tertiary,30.0,100
15269,13747643735,12325306929,85.97,secondary,40.0,200
15270,13748560586,245681159,881.95,tertiary,30.0,100
15271,13748560586,13748560589,2.53,tertiary,30.0,100
15272,13748560587,11033657252,69.57,tertiary,30.0,100
15273,13748560587,13748560586,8.74,tertiary,30.0,100
15274,13748560588,13748560587,7.39,tertiary,30.0,100
15275,13748560589,10156895294,699.46,tertiary,30.0,100
15276,13748560589,13748560588,5.01,tertiary,30.0,100
15277,13754208739,1648244726,68.26,tertiary,30.0,100
15278,13754208739,10882769268,610.04,tertiary,30.0,100
15279,13754239251,1936627865,29.46,primary,50.0,300
15280,13755049619,8592800213,36.02,secondary,40.0,200
15281,13755049619,13015085528,87.65,secondary,40.0,200
15282,13755049621,8592800213,16.62,secondary,40.0,200
15283,13755049621,13770424296,50.4,secondary,40.0,200
15284,13755049622,13755049619,27.69,secondary,40.0,200
15285,13755049622,8592800213,34.46,secondary,40.0,200
15286,13757859361,1960732549,5.67,tertiary,30.0,100
15287,13757859361,9726750973,541.28,tertiary,30.0,100
15288,13757859361,9929331422,332.14,tertiary,30.0,100
15289,13757945176,519469620,6.71,tertiary,30.0,100
15290,13757945176,519469451,431.5,tertiary,30.0,100
15291,13757945176,13757945178,174.69,tertiary,30.0,100
15292,13757945178,13757945179,12.19,tertiary,30.0,100
15293,13757945178,10225596847,287.13,primary,50.0,300
15294,13757945179,884429975,7.09,primary,50.0,300
15295,13757945179,12317731290,9.9,tertiary,30.0,100
15296,13758246171,12293414015,293.41,secondary,40.0,200
15297,13758246171,1375251723,563.52,primary,50.0,300
15298,13758246173,1936627942,8.23,primary,50.0,300
15299,13759083095,13577446670,117.58,primary,50.0,300
15300,13759083098,6786448274,14.78,tertiary,30.0,100
15301,13759083098,1386573931,682.88,tertiary,30.0,100
15302,13759083098,13759083095,60.42,tertiary_link,25.0,80
15303,13760893285,7397333164,6.97,tertiary,30.0,100
15304,13760893285,13760893294,60.42,secondary,40.0,200
15305,13760893289,13760893290,6.4,tertiary,30.0,100
15306,13760893289,13760893290,11.65,secondary,40.0,200
15307,13760893290,13760893285,9.73,secondary,40.0,200
15308,13760893290,1177146270,514.69,tertiary,30.0,100
15309,13760893293,13760893294,5.38,secondary_link,35.0,150
15310,13760893293,7397333164,64.69,secondary,40.0,200
15311,13760893294,13760893293,5.38,secondary_link,35.0,150
15312,13760893294,7397333159,281.41,secondary,40.0,200
15313,13762463344,13762463345,16.92,tertiary_link,25.0,80
15314,13762463344,13720601495,28.97,tertiary,30.0,100
15315,13762463345,13762463344,16.92,tertiary_link,25.0,80
15316,13762463345,7397128958,371.25,tertiary,30.0,100
15317,13765678316,13765678317,17.51,tertiary_link,25.0,80
15318,13765678316,1182363560,447.6,tertiary,30.0,100
15319,13765678317,13765678316,17.51,tertiary_link,25.0,80
15320,13765678317,7366287339,104.14,tertiary,30.0,100
15321,13765867241,13765867242,11.46,trunk_link,50.0,350
15322,13765867241,13765867247,324.31,tertiary,30.0,100
15323,13765867242,13765867241,11.46,trunk_link,50.0,350
15324,13765867242,13765867247,321.81,trunk,60.0,400
15325,13765867243,13765867241,39.78,tertiary,30.0,100
15326,13765867243,13765867244,11.98,trunk_link,50.0,350
15327,13765867244,13765867243,11.98,trunk_link,50.0,350
15328,13765867244,13765867242,39.63,trunk,60.0,400
15329,13765867247,2249268388,8.68,trunk,60.0,400
15330,13765867249,13765867257,60.09,trunk,60.0,400
15331,13765867249,13765867256,70.04,trunk_link,50.0,350
15332,13765867255,2249302241,481.93,trunk,60.0,400
15333,13765867256,13765867257,18.18,trunk_link,50.0,350
15334,13765867256,13765867255,89.6,trunk_link,50.0,350
15335,13765867257,13765867255,81.16,trunk,60.0,400
15336,13765867257,13765867256,18.18,trunk_link,50.0,350
15337,13766221799,8592017227,11.62,secondary_link,35.0,150
15338,13766221799,13766349501,13.72,secondary,40.0,200
15339,13766221800,13766349501,11.1,secondary_link,35.0,150
15340,13766221800,8592017227,13.83,secondary,40.0,200
15341,13766247798,1960735999,229.52,primary,50.0,300
15342,13766262001,13819195792,380.35,tertiary,30.0,100
15343,13766262002,13766262001,17.45,primary_link,40.0,250
15344,13766262002,13819195793,392.83,primary,50.0,300
15345,13766349501,13766349503,28.12,secondary,40.0,200
15346,13766349501,13766221800,11.1,secondary_link,35.0,150
15347,13766349502,13766221800,27.65,secondary,40.0,200
15348,13766349502,13766349503,11.91,secondary_link,35.0,150
15349,13766349503,13766349502,11.91,secondary_link,35.0,150
15350,13766349503,8592017232,532.75,secondary,40.0,200
15351,13766600593,13766600594,9.17,trunk_link,50.0,350
15352,13766600593,9871781416,1625.96,trunk,60.0,400
15353,13766600594,2244894228,57.87,trunk,60.0,400
15354,13766600594,13766600593,9.17,trunk_link,50.0,350
15355,13767830994,1650291685,72.7,tertiary,30.0,100
15356,13767830994,13767830995,9.64,tertiary_link,25.0,80
15357,13767830995,13767830996,29.78,tertiary,30.0,100
15358,13767830995,13767830994,9.64,tertiary_link,25.0,80
15359,13767830996,13767830999,19.5,tertiary,30.0,100
15360,13767830996,13767830997,9.71,tertiary_link,25.0,80
15361,13767830997,13767830994,29.6,tertiary,30.0,100
15362,13767830997,13767830996,9.71,tertiary_link,25.0,80
15363,13767830998,13767830997,19.42,tertiary,30.0,100
15364,13767830998,13767830999,9.74,tertiary_link,25.0,80
15365,13767830999,13767830998,9.74,tertiary_link,25.0,80
15366,13767830999,13720643014,351.88,tertiary,30.0,100
15367,13769259590,884430084,15.34,secondary,40.0,200
15368,13769259590,13769259593,22.58,primary_link,40.0,250
15369,13769259593,7385934393,275.72,primary,50.0,300
15370,13769598236,5467677837,62.73,primary,50.0,300
15371,13769598236,13769598237,9.56,primary_link,40.0,250
15372,13769598237,13769598236,9.56,primary_link,40.0,250
15373,13769598237,6430016908,320.44,primary,50.0,300
15374,13769982812,13817938927,253.61,primary,50.0,300
15375,13769982812,1960735932,457.98,trunk,60.0,400
15376,13769982821,13601941448,395.43,primary,50.0,300
15377,13769982832,13601941458,23.29,primary,50.0,300
15378,13769982832,13769982821,465.97,trunk,60.0,400
15379,13769982833,13769982834,14.73,primary_link,40.0,250
15380,13769982833,6016244843,38.68,tertiary,30.0,100
15381,13769982834,1960735932,9.51,primary,50.0,300
15382,13769982834,13769982833,14.73,primary_link,40.0,250
15383,13770003158,1645992814,296.72,primary,50.0,300
15384,13770003158,13472816379,710.95,primary,50.0,300
15385,13770424269,13770424270,6.21,secondary_link,35.0,150
15386,13770424269,13770424270,147.29,secondary,40.0,200
15387,13770424270,13770424272,42.77,secondary,40.0,200
15388,13770424270,13770424269,6.21,secondary_link,35.0,150
15389,13770424271,13770424269,41.98,secondary,40.0,200
15390,13770424271,13770424272,7.16,secondary_link,35.0,150
15391,13770424272,13770424271,7.16,secondary_link,35.0,150
15392,13770424272,13770424274,78.67,secondary,40.0,200
15393,13770424273,13770424274,7.4,secondary_link,35.0,150
15394,13770424273,13770424271,79.49,secondary,40.0,200
15395,13770424274,13770424276,23.64,secondary,40.0,200
15396,13770424274,13770424273,7.4,secondary_link,35.0,150
15397,13770424275,13770424273,23.1,secondary,40.0,200
15398,13770424275,13770424276,7.26,secondary_link,35.0,150
15399,13770424276,13770424275,7.26,secondary_link,35.0,150
15400,13770424276,13770424277,29.44,secondary,40.0,200
15401,13770424277,8592846824,6.44,secondary_link,35.0,150
15402,13770424277,13770424279,75.11,secondary,40.0,200
15403,13770424278,13770424279,7.19,secondary_link,35.0,150
15404,13770424278,8592846824,75.48,secondary,40.0,200
15405,13770424279,13770424278,7.19,secondary_link,35.0,150
15406,13770424279,13770424281,46.89,secondary,40.0,200
15407,13770424280,13770424281,7.74,secondary_link,35.0,150
15408,13770424280,13770424278,47.28,secondary,40.0,200
15409,13770424281,13770424280,7.74,secondary_link,35.0,150
15410,13770424281,13770424283,33.88,secondary,40.0,200
15411,13770424282,13770424283,7.97,secondary_link,35.0,150
15412,13770424282,13770424280,33.91,secondary,40.0,200
15413,13770424283,13770424282,7.97,secondary_link,35.0,150
15414,13770424283,1027917074,30.2,secondary,40.0,200
15415,13770424284,1027917074,8.79,secondary_link,35.0,150
15416,13770424284,13770424282,30.89,secondary,40.0,200
15417,13770424287,13770424288,6.57,secondary_link,35.0,150
15418,13770424287,13015085526,21.6,secondary,40.0,200
15419,13770424288,13770424287,6.57,secondary_link,35.0,150
15420,13770424288,13770424290,65.59,secondary,40.0,200
15421,13770424289,13770424287,66.34,secondary,40.0,200
15422,13770424289,13770424290,6.9,secondary_link,35.0,150
15423,13770424290,13770424289,6.9,secondary_link,35.0,150
15424,13770424290,1235720483,64.4,secondary,40.0,200
15425,13770424295,13770424296,12.76,secondary_link,35.0,150
15426,13770424295,13755049622,5.8,secondary,40.0,200
15427,13770424296,13770424295,12.76,secondary_link,35.0,150
15428,13770424296,13770424300,261.22,secondary,40.0,200
15429,13770424299,13770424300,13.18,secondary_link,35.0,150
15430,13770424299,13770424295,270.09,secondary,40.0,200
15431,13770424300,13770434102,23.68,secondary,40.0,200
15432,13770424300,13770424299,13.18,secondary_link,35.0,150
15433,13770434101,13770434102,13.56,tertiary,30.0,100
15434,13770434101,13770424299,22.92,secondary,40.0,200
15435,13770434102,5378011630,15.15,secondary,40.0,200
15436,13770434102,13801056740,62.95,tertiary,30.0,100
15437,13770434103,13770434104,13.89,secondary_link,35.0,150
15438,13770434103,8796504406,46.39,secondary,40.0,200
15439,13770434104,13770434103,13.89,secondary_link,35.0,150
15440,13770434104,13770434107,115.46,secondary,40.0,200
15441,13770434106,13770434107,12.9,secondary_link,35.0,150
15442,13770434106,13770434103,114.93,secondary,40.0,200
15443,13770434107,13770434106,12.9,secondary_link,35.0,150
15444,13770434107,1182335013,121.81,secondary,40.0,200
15445,13771102894,13602227120,50.71,tertiary,30.0,100
15446,13771102894,13771102896,17.5,primary_link,40.0,250
15447,13771102894,6016245699,1230.57,tertiary,30.0,100
15448,13771102895,13771102896,16.47,primary_link,40.0,250
15449,13771102895,11273725382,53.39,primary,50.0,300
15450,13771102896,13602227121,57.08,primary,50.0,300
15451,13771102896,13771102895,16.47,primary_link,40.0,250
15452,13771102896,13771102894,17.5,primary_link,40.0,250
15453,13771355323,4367741813,225.25,tertiary,30.0,100
15454,13771355323,13771355339,10.45,tertiary,30.0,100
15455,13771355339,3791205111,225.35,tertiary,30.0,100
15456,13771355339,13771355342,6.27,tertiary,30.0,100
15457,13771355342,13771355323,22.69,tertiary,30.0,100
15458,13773893048,13773893049,6.08,secondary_link,35.0,150
15459,13773893048,13786434600,104.88,secondary,40.0,200
15460,13773893049,13773893051,28.13,secondary,40.0,200
15461,13773893049,13773893048,6.08,secondary_link,35.0,150
15462,13773893050,13773893048,28.57,secondary,40.0,200
15463,13773893050,13773893051,5.8,secondary_link,35.0,150
15464,13773893051,13773893050,5.8,secondary_link,35.0,150
15465,13773893051,1646854024,327.41,secondary,40.0,200
15466,13773981730,13773981731,10.38,secondary_link,35.0,150
15467,13773981730,7345380801,233.38,secondary,40.0,200
15468,13773981731,13773981730,10.38,secondary_link,35.0,150
15469,13773981731,9023192700,128.22,secondary,40.0,200
15470,13774426555,13774426556,8.04,secondary_link,35.0,150
15471,13774426555,13649033303,109.45,secondary,40.0,200
15472,13774426556,13774426555,8.04,secondary_link,35.0,150
15473,13774426556,7388110222,271.86,secondary,40.0,200
15474,13778926630,13778926631,8.32,tertiary_link,25.0,80
15475,13778926630,10108007321,126.83,tertiary,30.0,100
15476,13778926631,13778926630,8.32,tertiary_link,25.0,80
15477,13778926631,10093838969,864.08,tertiary,30.0,100
15478,13778926633,13778926634,9.55,tertiary_link,25.0,80
15479,13778926633,13654758669,434.79,tertiary,30.0,100
15480,13778926634,11826800942,38.04,tertiary,30.0,100
15481,13778926634,13778926633,9.55,tertiary_link,25.0,80
15482,13778926636,13654859226,48.1,tertiary,30.0,100
15483,13778926636,13778926637,5.5,tertiary_link,25.0,80
15484,13778926637,13778926636,5.5,tertiary_link,25.0,80
15485,13778926637,1646854031,110.6,tertiary,30.0,100
15486,13778926638,7388110234,53.03,secondary,40.0,200
15487,13778926638,13778926639,11.69,secondary_link,35.0,150
15488,13778926639,13654758670,43.52,secondary,40.0,200
15489,13778926639,13778926638,11.69,secondary_link,35.0,150
15490,13780043904,13780043905,5.45,tertiary,30.0,100
15491,13780043904,4362345214,134.0,secondary,40.0,200
15492,13780043905,245655214,9.36,secondary,40.0,200
15493,13780043905,10277881693,18.01,tertiary,30.0,100
15494,13780043909,245655214,20.57,tertiary,30.0,100
15495,13780043909,13780043912,28.86,secondary_link,35.0,150
15496,13780043912,245655046,367.12,secondary,40.0,200
15497,13780408164,12364813939,196.14,tertiary,30.0,100
15498,13780408164,2230881603,52.59,tertiary,30.0,100
15499,13786409204,13786409205,10.24,secondary_link,35.0,150
15500,13786409204,13786409206,54.73,secondary,40.0,200
15501,13786409205,13786409204,10.24,secondary_link,35.0,150
15502,13786409205,245680020,453.4,secondary,40.0,200
15503,13786409206,13786409207,11.14,secondary_link,35.0,150
15504,13786409206,13649278877,36.18,secondary,40.0,200
15505,13786409207,13786409206,11.14,secondary_link,35.0,150
15506,13786409207,13786409205,54.87,secondary,40.0,200
15507,13786409210,13654758667,120.57,secondary,40.0,200
15508,13786409210,13654758658,90.98,secondary,40.0,200
15509,13786434600,13786441501,6.85,secondary_link,35.0,150
15510,13786434600,13786441502,91.42,secondary,40.0,200
15511,13786441501,13786434600,6.85,secondary_link,35.0,150
15512,13786441501,13773893049,104.87,secondary,40.0,200
15513,13786441502,13786441504,18.89,secondary,40.0,200
15514,13786441502,13786441503,6.69,secondary_link,35.0,150
15515,13786441503,13786441502,6.69,secondary_link,35.0,150
15516,13786441503,13786441501,91.58,secondary,40.0,200
15517,13786441504,13786441506,32.69,secondary,40.0,200
15518,13786441504,13786441505,6.72,secondary_link,35.0,150
15519,13786441505,13786441503,19.1,secondary,40.0,200
15520,13786441505,13786441504,6.72,secondary_link,35.0,150
15521,13786441506,13786441507,6.73,secondary_link,35.0,150
15522,13786441506,13786441508,60.27,secondary,40.0,200
15523,13786441507,13786441505,32.39,secondary,40.0,200
15524,13786441507,13786441506,6.73,secondary_link,35.0,150
15525,13786441508,13786441509,6.46,secondary_link,35.0,150
15526,13786441508,13786441510,120.72,secondary,40.0,200
15527,13786441509,13786441508,6.46,secondary_link,35.0,150
15528,13786441509,13786441507,60.37,secondary,40.0,200
15529,13786441510,9023192699,35.3,secondary,40.0,200
15530,13786441510,13786441511,6.41,secondary_link,35.0,150
15531,13786441511,13786441510,6.41,secondary_link,35.0,150
15532,13786441511,13786441509,120.91,secondary,40.0,200
15533,13786521450,13654859221,17.04,tertiary,30.0,100
15534,13786521450,13786521451,6.07,tertiary_link,25.0,80
15535,13786521451,13654802887,25.4,tertiary,30.0,100
15536,13786521451,13786521450,6.07,tertiary_link,25.0,80
15537,13786521452,13654859204,34.53,tertiary,30.0,100
15538,13786521452,13786521453,5.39,tertiary_link,25.0,80
15539,13786521453,13786521452,5.39,tertiary_link,25.0,80
15540,13786521453,13654859208,95.54,tertiary,30.0,100
15541,13787809090,414595061,3.31,secondary,40.0,200
15542,13787809090,2230881419,858.18,tertiary,30.0,100
15543,13787809091,13787809090,13.92,secondary,40.0,200
15544,13787809092,13787873112,10.58,secondary,40.0,200
15545,13787809093,10610724587,269.09,secondary,40.0,200
15546,13787809093,13787809091,10.95,secondary,40.0,200
15547,13787873110,1078664182,270.09,tertiary,30.0,100
15548,13787873110,414595062,49.5,tertiary,30.0,100
15549,13787873112,414595062,10.0,secondary,40.0,200
15550,13787873112,13787873110,48.85,tertiary,30.0,100
15551,13787873116,13787873118,14.09,secondary,40.0,200
15552,13787873118,6017562368,13.94,secondary,40.0,200
15553,13787873118,1960733394,95.85,primary,50.0,300
15554,13787921050,13787921051,7.6,tertiary_link,25.0,80
15555,13787921050,10279453013,200.08,tertiary,30.0,100
15556,13787921051,13787921050,7.6,tertiary_link,25.0,80
15557,13787921051,13301331433,648.69,tertiary,30.0,100
15558,13787992814,1960733664,333.06,secondary,40.0,200
15559,13787992814,13787992817,11.49,secondary,40.0,200
15560,13787992817,1960733730,14.96,secondary,40.0,200
15561,13787992817,2440247158,144.78,primary,50.0,300
15562,13787992818,13787992817,9.42,primary,50.0,300
15563,13787992818,13787992814,10.07,secondary,40.0,200
15564,13788003645,5923862776,15.06,secondary,40.0,200
15565,13788003645,5923862796,160.37,primary,50.0,300
15566,13788003649,13788003650,3.22,primary,50.0,300
15567,13788003650,1960733537,189.2,primary,50.0,300
15568,13788003650,414726607,9.35,primary,50.0,300
15569,13788764062,1960734638,8.83,trunk,60.0,400
15570,13788764062,13788764073,150.03,tertiary,30.0,100
15571,13788764069,1960734583,4.86,tertiary,30.0,100
15572,13788764069,13835136377,86.26,tertiary,30.0,100
15573,13788764072,13788764073,7.49,tertiary_link,25.0,80
15574,13788764072,1960734638,149.39,tertiary,30.0,100
15575,13788764073,13788764072,7.49,tertiary_link,25.0,80
15576,13788764073,13788764069,222.8,tertiary,30.0,100
15577,13788778712,13788778715,84.85,tertiary,30.0,100
15578,13788778712,13788778713,11.66,trunk_link,50.0,350
15579,13788778713,13788778716,85.57,trunk,60.0,400
15580,13788778713,13788778712,11.66,trunk_link,50.0,350
15581,13788778715,13788778716,10.48,trunk_link,50.0,350
15582,13788778715,10112883700,247.65,tertiary,30.0,100
15583,13788778716,13788778715,10.48,trunk_link,50.0,350
15584,13788778716,10112883700,247.19,trunk,60.0,400
15585,13788861618,13788861619,6.86,tertiary_link,25.0,80
15586,13788861618,13735220174,299.95,tertiary,30.0,100
15587,13788861619,13788861618,6.86,tertiary_link,25.0,80
15588,13788861619,13736574679,52.51,tertiary,30.0,100
15589,13789266313,13789266314,13.97,secondary_link,35.0,150
15590,13789266313,13681073484,59.79,secondary,40.0,200
15591,13789266314,13789266313,13.97,secondary_link,35.0,150
15592,13789266314,10207397934,15.07,secondary,40.0,200
15593,13789266315,10264297687,19.98,tertiary,30.0,100
15594,13789266315,13789266316,8.36,tertiary_link,25.0,80
15595,13789266316,13789266315,8.36,tertiary_link,25.0,80
15596,13789266316,13789266318,238.46,tertiary,30.0,100
15597,13789266317,13789266318,6.43,tertiary_link,25.0,80
15598,13789266317,13789266315,235.88,tertiary,30.0,100
15599,13789266318,13789266317,6.43,tertiary_link,25.0,80
15600,13789266318,1367093155,543.27,tertiary,30.0,100
15601,13789652001,3376195596,241.62,tertiary,30.0,100
15602,13789652001,1651404922,21.23,tertiary,30.0,100
15603,13789652005,1651404922,9.77,secondary,40.0,200
15604,13789652005,245665982,111.05,secondary,40.0,200
15605,13789652005,13789652001,19.08,tertiary,30.0,100
15606,13789930609,13789930610,8.29,tertiary_link,25.0,80
15607,13789930609,10279771678,76.33,tertiary,30.0,100
15608,13789930610,13789930609,8.29,tertiary_link,25.0,80
15609,13789930610,10279771659,116.54,tertiary,30.0,100
15610,13789930611,10279771661,32.74,tertiary,30.0,100
15611,13789930611,13789930612,5.5,tertiary_link,25.0,80
15612,13789930612,13789930614,48.77,tertiary,30.0,100
15613,13789930612,13789930611,5.5,tertiary_link,25.0,80
15614,13789930613,13789930611,48.91,tertiary,30.0,100
15615,13789930613,13789930614,5.94,tertiary_link,25.0,80
15616,13789930614,13789930613,5.94,tertiary_link,25.0,80
15617,13789930614,4362728160,25.06,tertiary,30.0,100
15618,13795940227,1366028058,847.77,primary,50.0,300
15619,13795940227,13796109030,127.71,primary,50.0,300
15620,13795940239,245670043,7.92,primary_link,40.0,250
15621,13795940239,13882827987,315.38,primary,50.0,300
15622,13796109029,245669780,6.16,tertiary,30.0,100
15623,13796109029,13795940239,244.41,primary,50.0,300
15624,13796109030,13796109029,7.48,primary,50.0,300
15625,13796109032,13329840485,133.35,tertiary,30.0,100
15626,13796109032,7416417262,74.9,tertiary,30.0,100
15627,13796109035,13796109036,5.82,tertiary_link,25.0,80
15628,13796109035,13796109037,215.54,tertiary,30.0,100
15629,13796109036,13796109035,5.82,tertiary_link,25.0,80
15630,13796109036,13329840480,25.56,tertiary,30.0,100
15631,13796109037,13796109039,36.19,tertiary,30.0,100
15632,13796109037,13796109038,3.43,tertiary_link,25.0,80
15633,13796109038,13796109037,3.43,tertiary_link,25.0,80
15634,13796109038,13796109036,215.15,tertiary,30.0,100
15635,13796109039,13796109040,3.16,tertiary_link,25.0,80
15636,13796109039,13796109041,97.63,tertiary,30.0,100
15637,13796109040,13796109038,36.61,tertiary,30.0,100
15638,13796109040,13796109039,3.16,tertiary_link,25.0,80
15639,13796109041,13796109042,3.57,tertiary_link,25.0,80
15640,13796109041,13796109046,67.19,tertiary,30.0,100
15641,13796109042,13796109041,3.57,tertiary_link,25.0,80
15642,13796109042,13796109040,97.32,tertiary,30.0,100
15643,13796109046,13796109047,3.06,tertiary_link,25.0,80
15644,13796109046,13329840466,194.48,tertiary,30.0,100
15645,13796109047,13796109046,3.06,tertiary_link,25.0,80
15646,13796109047,13796109042,67.2,tertiary,30.0,100
15647,13796109051,13329840459,4.08,tertiary_link,25.0,80
15648,13796109051,9171437948,149.2,tertiary,30.0,100
15649,13796109052,13796109053,3.48,tertiary_link,25.0,80
15650,13796109052,13329840456,75.59,tertiary,30.0,100
15651,13796109053,13796109051,21.97,tertiary,30.0,100
15652,13796109053,13796109052,3.48,tertiary_link,25.0,80
15653,13797636932,10882945923,10.76,secondary_link,35.0,150
15654,13797636932,13797636933,48.25,secondary,40.0,200
15655,13797636933,13797636934,10.86,secondary_link,35.0,150
15656,13797636933,13797636936,131.03,secondary,40.0,200
15657,13797636934,13797636933,10.86,secondary_link,35.0,150
15658,13797636934,10882945923,46.75,secondary,40.0,200
15659,13797636936,6606994871,52.42,secondary,40.0,200
15660,13797636936,13797636937,9.05,secondary_link,35.0,150
15661,13797636937,13797636936,9.05,secondary_link,35.0,150
15662,13797636937,13797636934,129.3,secondary,40.0,200
15663,13797636938,13797636940,39.03,secondary,40.0,200
15664,13797636938,13797636939,9.16,secondary_link,35.0,150
15665,13797636939,11070903959,65.73,secondary,40.0,200
15666,13797636939,13797636938,9.16,secondary_link,35.0,150
15667,13797636940,13797636943,26.0,secondary,40.0,200
15668,13797636940,13797636941,9.45,secondary_link,35.0,150
15669,13797636941,13797636939,38.78,secondary,40.0,200
15670,13797636941,13797636940,9.45,secondary_link,35.0,150
15671,13797636942,13797636941,26.08,secondary,40.0,200
15672,13797636942,13797636943,9.65,secondary_link,35.0,150
15673,13797636943,13797636942,9.65,secondary_link,35.0,150
15674,13797636943,10277700925,77.29,secondary,40.0,200
15675,13797994634,13797994635,9.35,secondary_link,35.0,150
15676,13797994634,13797994637,193.2,secondary,40.0,200
15677,13797994635,13797994634,9.35,secondary_link,35.0,150
15678,13797994635,8780753183,44.85,secondary,40.0,200
15679,13797994637,13797994638,13.04,secondary_link,35.0,150
15680,13797994637,8780799418,189.14,secondary,40.0,200
15681,13797994638,13797994637,13.04,secondary_link,35.0,150
15682,13797994638,13797994635,188.09,secondary,40.0,200
15683,13799110863,13799110864,26.56,trunk_link,50.0,350
15684,13799110863,10772904760,130.11,trunk,60.0,400
15685,13799110864,13799110863,26.56,trunk_link,50.0,350
15686,13799110864,13799110866,114.69,trunk,60.0,400
15687,13799110864,13799110866,113.72,trunk,60.0,400
15688,13799110866,13351135368,2.81,trunk,60.0,400
15689,13799110877,2622177292,176.42,tertiary,30.0,100
15690,13799110877,245668288,183.93,tertiary,30.0,100
15691,13799160901,13799160902,10.78,primary_link,40.0,250
15692,13799160901,2622177289,14.31,primary,50.0,300
15693,13799160902,13799160901,10.78,primary_link,40.0,250
15694,13799160902,6497126509,98.73,primary,50.0,300
15695,13799160903,13799160904,9.56,secondary_link,35.0,150
15696,13799160903,2897024861,104.51,secondary,40.0,200
15697,13799160904,13799160903,9.56,secondary_link,35.0,150
15698,13799160904,6430673825,235.01,secondary,40.0,200
15699,13799252804,13799252805,5.28,tertiary_link,25.0,80
15700,13799252804,13799252809,220.02,tertiary,30.0,100
15701,13799252805,13830680339,17.96,tertiary,30.0,100
15702,13799252805,13799252804,5.28,tertiary_link,25.0,80
15703,13799252809,13799252810,9.71,tertiary_link,25.0,80
15704,13799252809,13799252812,75.62,tertiary,30.0,100
15705,13799252810,13799252809,9.71,tertiary_link,25.0,80
15706,13799252810,13799252805,220.16,tertiary,30.0,100
15707,13799252812,10713480684,34.44,tertiary,30.0,100
15708,13799252812,13799252813,7.76,tertiary_link,25.0,80
15709,13799252813,13799252812,7.76,tertiary_link,25.0,80
15710,13799252813,13799252810,75.7,tertiary,30.0,100
15711,13799510468,13799510471,6.52,trunk_link,50.0,350
15712,13799510468,13799510469,13.41,trunk_link,50.0,350
15713,13799510469,13799510468,13.41,trunk_link,50.0,350
15714,13799510469,7103910192,4.03,trunk_link,50.0,350
15715,13799510469,10072781495,392.81,tertiary,30.0,100
15716,13799510470,13799510472,4.12,trunk_link,50.0,350
15717,13799510470,13363059233,158.47,tertiary,30.0,100
15718,13799510471,13799510472,13.37,trunk_link,50.0,350
15719,13799510471,1960734422,349.1,trunk_link,50.0,350
15720,13799510472,13799510469,6.6,tertiary,30.0,100
15721,13799510472,13799510471,13.37,trunk_link,50.0,350
15722,13799510472,13799510470,4.12,trunk_link,50.0,350
15723,13800180720,13800180721,6.42,tertiary_link,25.0,80
15724,13800180720,13800180721,198.85,tertiary,30.0,100
15725,13800180721,13800180723,33.58,tertiary,30.0,100
15726,13800180721,13800180720,6.42,tertiary_link,25.0,80
15727,13800180722,13800180720,33.56,tertiary,30.0,100
15728,13800180722,13800180723,6.09,tertiary_link,25.0,80
15729,13800180723,13800180722,6.09,tertiary_link,25.0,80
15730,13800180723,2622177324,47.81,tertiary,30.0,100
15731,13800431822,13800431824,9.1,tertiary,30.0,100
15732,13800431824,13800431839,5.86,secondary,40.0,200
15733,13800431824,7239257007,43.24,tertiary,30.0,100
15734,13800431833,414595021,10.8,tertiary,30.0,100
15735,13800431833,414727656,82.68,tertiary,30.0,100
15736,13800431833,13800431851,121.81,tertiary,30.0,100
15737,13800431839,13800431840,9.07,tertiary,30.0,100
15738,13800431839,1960733664,46.73,secondary,40.0,200
15739,13800431840,13800431822,6.1,secondary,40.0,200
15740,13800431840,13800431842,83.31,tertiary,30.0,100
15741,13800431842,13800431844,25.83,tertiary,30.0,100
15742,13800431842,13800431843,5.76,tertiary_link,25.0,80
15743,13800431843,13800431842,5.76,tertiary_link,25.0,80
15744,13800431843,13800431822,82.61,tertiary,30.0,100
15745,13800431844,13800431845,5.14,tertiary_link,25.0,80
15746,13800431844,13800431847,53.49,tertiary,30.0,100
15747,13800431845,13800431843,25.77,tertiary,30.0,100
15748,13800431845,13800431844,5.14,tertiary_link,25.0,80
15749,13800431847,13800431848,6.68,tertiary_link,25.0,80
15750,13800431847,13800431850,72.09,tertiary,30.0,100
15751,13800431848,13800431847,6.68,tertiary_link,25.0,80
15752,13800431848,13800431845,53.73,tertiary,30.0,100
15753,13800431850,13800431851,6.04,tertiary_link,25.0,80
15754,13800431850,414595021,122.93,tertiary,30.0,100
15755,13800431851,13800431850,6.04,tertiary_link,25.0,80
15756,13800431851,13800431848,72.16,tertiary,30.0,100
15757,13800431852,13800431853,6.94,tertiary_link,25.0,80
15758,13800431852,13800431854,94.76,tertiary,30.0,100
15759,13800431853,13800431852,6.94,tertiary_link,25.0,80
15760,13800431853,13800431833,26.63,tertiary,30.0,100
15761,13800431854,13800431855,6.0,tertiary_link,25.0,80
15762,13800431854,6802445273,81.96,tertiary,30.0,100
15763,13800431855,13800431854,6.0,tertiary_link,25.0,80
15764,13800431855,13800431853,95.46,tertiary,30.0,100
15765,13800513449,1180830444,51.89,tertiary,30.0,100
15766,13800513449,2249268491,18.58,tertiary,30.0,100
15767,13800542660,1643413903,376.05,tertiary,30.0,100
15768,13800542660,13800542662,15.42,secondary,40.0,200
15769,13800542662,7375339573,2.52,secondary,40.0,200
15770,13800542663,1960734582,25.45,secondary,40.0,200
15771,13800665274,13800665275,7.12,tertiary_link,25.0,80
15772,13800665274,2228292627,386.93,tertiary,30.0,100
15773,13800665275,13800665274,7.12,tertiary_link,25.0,80
15774,13800665275,1643413867,88.26,tertiary,30.0,100
15775,13800665276,1643413867,18.41,tertiary,30.0,100
15776,13800665276,1855304296,425.66,tertiary,30.0,100
15777,13800665276,1643413903,774.06,tertiary,30.0,100
15778,13800763876,13800763877,14.32,secondary_link,35.0,150
15779,13800763876,9955110357,58.9,secondary,40.0,200
15780,13800763877,13800763876,14.32,secondary_link,35.0,150
15781,13800763877,7112996981,107.3,secondary,40.0,200
15782,13801056737,9956773849,12.64,tertiary,30.0,100
15783,13801056737,13801056743,91.91,tertiary,30.0,100
15784,13801056740,13801056741,13.49,tertiary_link,25.0,80
15785,13801056740,13801056742,29.14,tertiary,30.0,100
15786,13801056741,5378011630,63.8,tertiary,30.0,100
15787,13801056741,13801056740,13.49,tertiary_link,25.0,80
15788,13801056742,13801056743,12.79,tertiary_link,25.0,80
15789,13801056742,9956773849,97.55,tertiary,30.0,100
15790,13801056743,13801056741,29.08,tertiary,30.0,100
15791,13801056743,13801056742,12.79,tertiary_link,25.0,80
15792,13802289406,13802289408,25.89,secondary,40.0,200
15793,13802289406,13802289407,6.25,secondary_link,35.0,150
15794,13802289407,471941466,39.57,secondary,40.0,200
15795,13802289407,13802289406,6.25,secondary_link,35.0,150
15796,13802289408,13802289409,5.84,secondary_link,35.0,150
15797,13802289408,11925687118,103.66,secondary,40.0,200
15798,13802289409,13802289407,25.71,secondary,40.0,200
15799,13802289409,13802289408,5.84,secondary_link,35.0,150
15800,13802289410,13806567310,60.73,secondary,40.0,200
15801,13802289413,6165302145,31.3,secondary,40.0,200
15802,13802289413,13802289416,7.85,secondary_link,35.0,150
15803,13802289413,13802289410,22.83,secondary_link,35.0,150
15804,13802289416,13802289413,7.85,secondary_link,35.0,150
15805,13802289416,13802289419,151.05,secondary,40.0,200
15806,13802289418,13802289419,7.39,secondary_link,35.0,150
15807,13802289418,13802289413,151.18,secondary,40.0,200
15808,13802289419,13802289418,7.39,secondary_link,35.0,150
15809,13802289419,13802289421,101.45,secondary,40.0,200
15810,13802289420,13802289421,7.18,secondary_link,35.0,150
15811,13802289420,13802289418,101.36,secondary,40.0,200
15812,13802289421,13802289420,7.18,secondary_link,35.0,150
15813,13802289421,13802289423,58.17,secondary,40.0,200
15814,13802289422,13802289420,58.06,secondary,40.0,200
15815,13802289422,13802289423,7.07,secondary_link,35.0,150
15816,13802289423,13802289422,7.07,secondary_link,35.0,150
15817,13802289423,13802289425,11.0,secondary,40.0,200
15818,13802289424,13802289422,10.75,secondary,40.0,200
15819,13802289424,13802289425,7.04,secondary_link,35.0,150
15820,13802289425,13802289424,7.04,secondary_link,35.0,150
15821,13802289425,13802289427,181.09,secondary,40.0,200
15822,13802289426,13802289427,7.31,secondary_link,35.0,150
15823,13802289426,13802289424,181.33,secondary,40.0,200
15824,13802289427,13802289426,7.31,secondary_link,35.0,150
15825,13802289427,13802289429,87.27,secondary,40.0,200
15826,13802289428,13802289429,7.14,secondary_link,35.0,150
15827,13802289428,13802289426,87.29,secondary,40.0,200
15828,13802289429,13802289431,29.74,secondary,40.0,200
15829,13802289429,13802289428,7.14,secondary_link,35.0,150
15830,13802289430,13802289428,29.7,secondary,40.0,200
15831,13802289430,13802289431,8.03,secondary_link,35.0,150
15832,13802289431,13802289433,29.15,secondary,40.0,200
15833,13802289431,13802289430,8.03,secondary_link,35.0,150
15834,13802289432,13802289430,29.3,secondary,40.0,200
15835,13802289432,13802289433,8.13,secondary_link,35.0,150
15836,13802289433,13509287420,79.02,secondary,40.0,200
15837,13802289433,13802289432,8.13,secondary_link,35.0,150
15838,13802299616,13802299617,10.97,primary_link,40.0,250
15839,13802299616,11953521026,540.51,primary,50.0,300
15840,13802299617,13802299616,10.97,primary_link,40.0,250
15841,13802299617,13073741407,69.88,primary,50.0,300
15842,13802299621,13802299616,27.13,primary,50.0,300
15843,13802299622,13073741408,105.81,primary,50.0,300
15844,13802299622,13802299623,11.73,primary_link,40.0,250
15845,13802299623,13802299622,11.73,primary_link,40.0,250
15846,13802299623,768595239,676.32,primary,50.0,300
15847,13802511354,6165302146,75.51,secondary,40.0,200
15848,13802511354,701118317,405.16,secondary,40.0,200
15849,13802511360,6165302148,32.94,secondary,40.0,200
15850,13802511360,13802511366,19.64,secondary_link,35.0,150
15851,13802511366,13802511354,22.65,secondary,40.0,200
15852,13802896718,13802896719,7.84,tertiary_link,25.0,80
15853,13802896718,13803051045,177.75,tertiary,30.0,100
15854,13802896719,245658939,77.81,tertiary,30.0,100
15855,13802896719,13802896718,7.84,tertiary_link,25.0,80
15856,13803051041,10277749848,95.31,tertiary,30.0,100
15857,13803051041,13803051042,10.09,tertiary_link,25.0,80
15858,13803051042,13803051041,10.09,tertiary_link,25.0,80
15859,13803051042,13803051044,137.28,tertiary,30.0,100
15860,13803051043,13803051044,10.57,tertiary_link,25.0,80
15861,13803051043,13803051041,137.42,tertiary,30.0,100
15862,13803051044,13803051043,10.57,tertiary_link,25.0,80
15863,13803051044,13803051046,172.24,tertiary,30.0,100
15864,13803051045,13803051046,9.35,tertiary_link,25.0,80
15865,13803051045,13803051043,171.97,tertiary,30.0,100
15866,13803051046,13803051045,9.35,tertiary_link,25.0,80
15867,13803051046,13802896719,178.1,tertiary,30.0,100
15868,13803281542,3791205111,89.41,tertiary,30.0,100
15869,13803281542,13803281545,44.03,tertiary,30.0,100
15870,13803281545,13605326448,27.73,tertiary,30.0,100
15871,13803281545,13803281542,44.41,tertiary,30.0,100
15872,13803573656,10074701686,43.44,tertiary,30.0,100
15873,13803573656,13803573657,10.85,tertiary_link,25.0,80
15874,13803573657,13803573656,10.85,tertiary_link,25.0,80
15875,13803573657,7366182519,568.94,tertiary,30.0,100
15876,13803573658,13803573659,11.74,tertiary_link,25.0,80
15877,13803573658,10074701685,82.73,tertiary,30.0,100
15878,13803573659,13803573661,63.01,tertiary,30.0,100
15879,13803573659,13803573658,11.74,tertiary_link,25.0,80
15880,13803573660,13803573658,62.84,tertiary,30.0,100
15881,13803573660,13803573661,14.08,tertiary_link,25.0,80
15882,13803573661,2493592661,40.26,tertiary,30.0,100
15883,13803573661,13803573660,14.08,tertiary_link,25.0,80
15884,13803698430,13803698431,15.92,secondary_link,35.0,150
15885,13803698430,13803698432,98.64,secondary,40.0,200
15886,13803698431,8592800203,22.55,secondary,40.0,200
15887,13803698431,13803698430,15.92,secondary_link,35.0,150
15888,13803698432,13803698433,14.17,secondary_link,35.0,150
15889,13803698432,13509433334,138.67,secondary,40.0,200
15890,13803698433,13803698432,14.17,secondary_link,35.0,150
15891,13803698433,13803698431,108.31,secondary,40.0,200
15892,13806567309,13806567310,8.8,secondary_link,35.0,150
15893,13806567309,6165302144,104.59,secondary,40.0,200
15894,13806567310,13806567309,8.8,secondary_link,35.0,150
15895,13806567310,13806567312,91.43,secondary,40.0,200
15896,13806567311,13806567312,10.5,secondary_link,35.0,150
15897,13806567311,13806567309,90.98,secondary,40.0,200
15898,13806567312,13806567314,69.71,secondary,40.0,200
15899,13806567312,13806567311,10.5,secondary_link,35.0,150
15900,13806567313,13806567314,10.53,secondary_link,35.0,150
15901,13806567313,13806567311,70.64,secondary,40.0,200
15902,13806567314,13806567316,48.06,secondary,40.0,200
15903,13806567314,13806567313,10.53,secondary_link,35.0,150
15904,13806567315,13806567313,47.9,secondary,40.0,200
15905,13806567315,13806567316,10.58,secondary_link,35.0,150
15906,13806567316,13806567318,35.98,secondary,40.0,200
15907,13806567316,13806567315,10.58,secondary_link,35.0,150
15908,13806567317,13806567315,35.67,secondary,40.0,200
15909,13806567317,13806567318,10.6,secondary_link,35.0,150
15910,13806567318,13806567317,10.6,secondary_link,35.0,150
15911,13806567318,13806617653,345.71,secondary,40.0,200
15912,13806587095,13806587096,8.24,secondary_link,35.0,150
15913,13806587095,6167841731,161.01,secondary,40.0,200
15914,13806587096,13806587095,8.24,secondary_link,35.0,150
15915,13806587096,12753983986,255.15,secondary,40.0,200
15916,13806617652,13806617653,10.63,secondary_link,35.0,150
15917,13806617652,13806567317,345.45,secondary,40.0,200
15918,13806617653,13806617652,10.63,secondary_link,35.0,150
15919,13806617653,13806617655,30.21,secondary,40.0,200
15920,13806617654,13806617652,30.68,secondary,40.0,200
15921,13806617654,13806617655,10.64,secondary_link,35.0,150
15922,13806617655,13806617654,10.64,secondary_link,35.0,150
15923,13806617655,1286566727,50.13,secondary,40.0,200
15924,13807731940,13617732049,10.2,tertiary,30.0,100
15925,13807731940,1398117085,5.93,tertiary,30.0,100
15926,13807899486,13887009327,11.64,secondary_link,35.0,150
15927,13807899486,10877195128,332.77,secondary,40.0,200
15928,13811447812,2489283697,126.74,tertiary,30.0,100
15929,13811630337,13811630338,24.84,tertiary,30.0,100
15930,13811630337,13852702697,517.35,tertiary,30.0,100
15931,13811630337,7331361857,2325.37,tertiary,30.0,100
15932,13811630338,13811630337,24.84,tertiary,30.0,100
15933,13814842310,13814842311,9.14,tertiary_link,25.0,80
15934,13814842310,10279336968,132.15,tertiary,30.0,100
15935,13814842311,10279336995,9.24,tertiary,30.0,100
15936,13814842311,13814842310,9.14,tertiary_link,25.0,80
15937,13814842324,10279336972,479.88,tertiary,30.0,100
15938,13814842324,9379261061,26.88,tertiary,30.0,100
15939,13814951631,4233541826,12.14,tertiary,30.0,100
15940,13815588029,13815588030,20.61,primary_link,40.0,250
15941,13815588029,631497242,360.12,primary,50.0,300
15942,13815588030,13815588029,20.61,primary_link,40.0,250
15943,13815588030,4366129978,81.2,primary,50.0,300
15944,13816398944,1654406810,119.4,secondary,40.0,200
15945,13816398944,13816398945,6.9,secondary_link,35.0,150
15946,13816398945,13816398947,33.15,secondary,40.0,200
15947,13816398945,13816398944,6.9,secondary_link,35.0,150
15948,13816398946,13816398944,33.34,secondary,40.0,200
15949,13816398946,13816398947,7.09,secondary_link,35.0,150
15950,13816398947,13816398949,46.14,secondary,40.0,200
15951,13816398947,13816398946,7.09,secondary_link,35.0,150
15952,13816398948,13816398946,45.86,secondary,40.0,200
15953,13816398948,13816398949,7.37,secondary_link,35.0,150
15954,13816398949,13816398948,7.37,secondary_link,35.0,150
15955,13816398949,13303028467,887.06,secondary,40.0,200
15956,13817629810,12434892778,8.96,secondary,40.0,200
15957,13817629810,10880461004,93.33,secondary,40.0,200
15958,13817629811,12434892778,10.31,secondary,40.0,200
15959,13817629811,12527288712,18.19,primary,50.0,300
15960,13817629811,1642886278,49.76,secondary,40.0,200
15961,13817938926,13817938927,11.22,primary_link,40.0,250
15962,13817938926,13769982833,177.33,tertiary,30.0,100
15963,13817938927,13769982834,187.02,primary,50.0,300
15964,13818898153,9902397700,169.09,secondary,40.0,200
15965,13818898153,1665625808,432.7,secondary,40.0,200
15966,13818959076,1960733463,14.14,secondary,40.0,200
15967,13818959076,13818959077,28.15,secondary_link,35.0,150
15968,13818959077,9925314993,22.09,secondary,40.0,200
15969,13819013816,13819013820,10.9,secondary,40.0,200
15970,13819013816,317914115,213.95,secondary,40.0,200
15971,13819013817,1184122888,265.44,secondary,40.0,200
15972,13819013817,5923862717,24.05,secondary,40.0,200
15973,13819013820,5923862717,9.74,secondary,40.0,200
15974,13819013820,13819013817,27.47,secondary,40.0,200
15975,13819195792,8512889150,77.79,tertiary,30.0,100
15976,13819195792,13819195793,16.1,primary_link,40.0,250
15977,13819195793,8512886669,69.7,primary,50.0,300
15978,13819263232,13819263253,4.88,secondary_link,35.0,150
15979,13819263232,13819263251,65.28,secondary,40.0,200
15980,13819263235,13819263256,7.61,secondary_link,35.0,150
15981,13819263235,13819263247,63.61,secondary,40.0,200
15982,13819263238,13819263265,28.71,secondary,40.0,200
15983,13819263238,13819263267,7.98,secondary_link,35.0,150
15984,13819263241,13819263246,11.14,secondary,40.0,200
15985,13819263241,13654758673,62.65,secondary,40.0,200
15986,13819263242,1646854024,9.09,tertiary,30.0,100
15987,13819263242,2224023731,315.63,tertiary,30.0,100
15988,13819263242,13773893050,348.48,secondary,40.0,200
15989,13819263246,1351183149,6.19,secondary,40.0,200
15990,13819263246,13819263270,52.3,secondary,40.0,200
15991,13819263247,1351183157,4.86,tertiary,30.0,100
15992,13819263247,13819263254,28.07,secondary,40.0,200
15993,13819263247,2224023731,121.78,tertiary,30.0,100
15994,13819263251,13819263252,6.82,secondary_link,35.0,150
15995,13819263251,13819263242,149.79,secondary,40.0,200
15996,13819263252,13819263251,6.82,secondary_link,35.0,150
15997,13819263252,13819263253,65.51,secondary,40.0,200
15998,13819263253,13819263232,4.88,secondary_link,35.0,150
15999,13819263253,13819263255,43.34,secondary,40.0,200
16000,13819263254,13819263255,4.72,secondary_link,35.0,150
16001,13819263254,13819263232,41.79,secondary,40.0,200
16002,13819263255,1351183157,27.64,secondary,40.0,200
16003,13819263255,13819263254,4.72,secondary_link,35.0,150
16004,13819263256,13819263258,21.02,secondary,40.0,200
16005,13819263256,13819263235,7.61,secondary_link,35.0,150
16006,13819263257,13819263235,20.75,secondary,40.0,200
16007,13819263257,13819263258,7.74,secondary_link,35.0,150
16008,13819263258,13819263260,33.66,secondary,40.0,200
16009,13819263258,13819263257,7.74,secondary_link,35.0,150
16010,13819263259,13819263257,33.69,secondary,40.0,200
16011,13819263259,13819263260,7.96,secondary_link,35.0,150
16012,13819263260,13819263264,19.83,secondary,40.0,200
16013,13819263260,13819263259,7.96,secondary_link,35.0,150
16014,13819263261,13819263263,22.25,secondary,40.0,200
16015,13819263261,13819263262,7.19,secondary_link,35.0,150
16016,13819263262,13819263261,7.19,secondary_link,35.0,150
16017,13819263262,13819263266,26.25,secondary,40.0,200
16018,13819263263,13819263264,7.63,secondary_link,35.0,150
16019,13819263263,13819263259,19.57,secondary,40.0,200
16020,13819263264,13819263262,22.05,secondary,40.0,200
16021,13819263264,13819263263,7.63,secondary_link,35.0,150
16022,13819263265,13819263266,6.94,secondary_link,35.0,150
16023,13819263265,13819263261,26.65,secondary,40.0,200
16024,13819263266,13819263265,6.94,secondary_link,35.0,150
16025,13819263266,13819263267,27.64,secondary,40.0,200
16026,13819263267,13819263238,7.98,secondary_link,35.0,150
16027,13819263267,13819263269,24.15,secondary,40.0,200
16028,13819263268,13819263238,24.25,secondary,40.0,200
16029,13819263268,13819263269,6.58,secondary_link,35.0,150
16030,13819263269,13819263268,6.58,secondary_link,35.0,150
16031,13819263269,13819263271,17.76,secondary,40.0,200
16032,13819263270,13819263268,17.17,secondary,40.0,200
16033,13819263270,13819263271,6.5,secondary_link,35.0,150
16034,13819263271,13819263270,6.5,secondary_link,35.0,150
16035,13819263271,1351183149,51.47,secondary,40.0,200
16036,13820044822,2249268595,401.36,trunk,60.0,400
16037,13820354780,13820354781,31.61,trunk_link,50.0,350
16038,13820354780,13788764062,167.25,trunk,60.0,400
16039,13820354781,5741272927,36.61,trunk,60.0,400
16040,13820354781,13820354780,31.61,trunk_link,50.0,350
16041,13820696753,8780753171,23.27,secondary,40.0,200
16042,13820696753,13820696754,9.94,tertiary,30.0,100
16043,13820696754,13284877507,7.79,secondary,40.0,200
16044,13820696754,13284877505,29.39,tertiary,30.0,100
16045,13820969941,13820969942,23.17,tertiary_link,25.0,80
16046,13820969941,10232942652,201.32,tertiary,30.0,100
16047,13820969942,13820969941,23.17,tertiary_link,25.0,80
16048,13820969942,10226925142,82.46,tertiary,30.0,100
16049,13821218767,13821218768,8.75,tertiary_link,25.0,80
16050,13821218767,13362959834,70.29,tertiary,30.0,100
16051,13821218768,13821218767,8.75,tertiary_link,25.0,80
16052,13821218768,13821218770,76.72,tertiary,30.0,100
16053,13821218770,7334296263,45.11,tertiary,30.0,100
16054,13821218770,13821218773,33.18,tertiary_link,25.0,80
16055,13821218773,1182363473,929.18,tertiary,30.0,100
16056,13822911971,1165388887,21.37,trunk,60.0,400
16057,13822911971,13822911975,30.03,trunk_link,50.0,350
16058,13822911975,10883640320,123.98,secondary,40.0,200
16059,13827174112,13092341028,290.26,primary,50.0,300
16060,13827174112,13092401002,420.53,motorway_link,70.0,450
16061,13827971688,13594346863,638.29,secondary,40.0,200
16062,13828513301,13828513302,11.83,secondary_link,35.0,150
16063,13828513301,11925633446,146.28,secondary,40.0,200
16064,13828513302,13828513301,11.83,secondary_link,35.0,150
16065,13828513302,245659891,199.13,secondary,40.0,200
16066,13830121867,13830121868,7.93,secondary_link,35.0,150
16067,13830121867,1078664681,268.62,secondary,40.0,200
16068,13830121868,13830121867,7.93,secondary_link,35.0,150
16069,13830121868,13830144962,66.0,secondary,40.0,200
16070,13830144955,10106787077,107.91,secondary,40.0,200
16071,13830144955,13830144962,110.82,secondary,40.0,200
16072,13830144962,1184124311,148.98,secondary,40.0,200
16073,13830528568,245653781,3.63,primary,50.0,300
16074,13830680314,13830680318,10.33,secondary,40.0,200
16075,13830680315,13830680337,11.94,tertiary,30.0,100
16076,13830680315,13830680314,12.05,secondary,40.0,200
16077,13830680316,7280128666,10.25,secondary,40.0,200
16078,13830680317,13830680340,21.96,tertiary,30.0,100
16079,13830680317,13830680316,5.88,secondary,40.0,200
16080,13830680318,13830680343,19.0,secondary,40.0,200
16081,13830680318,13830680317,16.1,secondary,40.0,200
16082,13830680336,7280128664,12.91,secondary,40.0,200
16083,13830680336,13830680337,28.13,secondary_link,35.0,150
16084,13830680337,7280128605,229.24,tertiary,30.0,100
16085,13830680338,9203147554,598.79,secondary,40.0,200
16086,13830680339,13830680316,11.11,tertiary,30.0,100
16087,13830680339,13830680338,28.08,secondary_link,35.0,150
16088,13830680340,13799252804,9.17,tertiary,30.0,100
16089,13830680341,13830680317,21.61,secondary,40.0,200
16090,13830680341,13830680340,22.1,secondary_link,35.0,150
16091,13830680342,13830680314,12.55,tertiary,30.0,100
16092,13830680342,13830680343,33.69,secondary_link,35.0,150
16093,13830680343,7366248537,378.34,secondary,40.0,200
16094,13831045216,2249163963,10.79,tertiary,30.0,100
16095,13833490785,13833490786,13.17,primary_link,40.0,250
16096,13833490785,9212473115,288.62,tertiary,30.0,100
16097,13833490786,13833490785,13.17,primary_link,40.0,250
16098,13833490786,13415105367,223.77,primary,50.0,300
16099,13833629153,13833629159,8.17,secondary,40.0,200
16100,13833629153,13833629155,35.23,tertiary,30.0,100
16101,13833629154,6608764027,151.15,secondary,40.0,200
16102,13833629154,13833629156,11.13,secondary,40.0,200
16103,13833629155,10926246153,271.65,tertiary,30.0,100
16104,13833629155,13833629159,36.16,tertiary,30.0,100
16105,13833629156,1960734881,21.31,secondary,40.0,200
16106,13833629159,13833629154,7.07,secondary,40.0,200
16107,13833629180,8531005259,522.45,tertiary,30.0,100
16108,13833629180,1643413937,72.71,secondary,40.0,200
16109,13835136374,13835136383,4.71,tertiary_link,25.0,80
16110,13835136374,13835136377,45.07,tertiary,30.0,100
16111,13835136377,13835136383,45.97,tertiary,30.0,100
16112,13835136377,13788764069,86.26,tertiary,30.0,100
16113,13835136383,13835136374,4.71,tertiary_link,25.0,80
16114,13835136383,13840335946,492.09,tertiary,30.0,100
16115,13835530418,7374437642,504.26,tertiary,30.0,100
16116,13835530418,6615745370,5.51,tertiary,30.0,100
16117,13835530419,11372637545,82.85,tertiary,30.0,100
16118,13835530419,13835530418,7.36,tertiary,30.0,100
16119,13835530423,11372637545,90.28,tertiary,30.0,100
16120,13835530423,13835530419,5.52,tertiary,30.0,100
16121,13835530434,6615745370,332.16,tertiary,30.0,100
16122,13835530434,3794378247,20.33,tertiary,30.0,100
16123,13840173346,13840173347,9.96,secondary_link,35.0,150
16124,13840173346,7377619413,99.39,secondary,40.0,200
16125,13840173347,13840173348,16.16,secondary,40.0,200
16126,13840173347,13840173346,9.96,secondary_link,35.0,150
16127,13840173348,1651530846,11.87,secondary,40.0,200
16128,13840173348,13840173349,10.76,tertiary,30.0,100
16129,13840173348,13840173350,21.39,tertiary,30.0,100
16130,13840173349,1651530849,8.57,secondary,40.0,200
16131,13840173349,13840173348,10.76,tertiary,30.0,100
16132,13840173350,1651530819,523.49,tertiary,30.0,100
16133,13840173350,1651530846,20.08,tertiary,30.0,100
16134,13840335946,13840335947,6.78,tertiary_link,25.0,80
16135,13840335946,13840335948,71.47,tertiary,30.0,100
16136,13840335947,13840335946,6.78,tertiary_link,25.0,80
16137,13840335947,13835136374,491.47,tertiary,30.0,100
16138,13840335948,13840335949,5.98,tertiary_link,25.0,80
16139,13840335948,8637519667,15.43,tertiary,30.0,100
16140,13840335949,13840335948,5.98,tertiary_link,25.0,80
16141,13840335949,13840335947,71.2,tertiary,30.0,100
16142,13840721725,13840721726,214.5,secondary,40.0,200
16143,13840721726,7357632676,11.31,secondary,40.0,200
16144,13840721727,1651530815,191.2,secondary,40.0,200
16145,13840721727,13840721729,12.15,secondary,40.0,200
16146,13840721728,13840721727,4.04,secondary,40.0,200
16147,13840721729,13840721730,11.87,secondary,40.0,200
16148,13840721730,7357634711,218.58,secondary,40.0,200
16149,13840721730,13840721726,11.3,secondary,40.0,200
16150,13842517977,13842517978,9.32,secondary_link,35.0,150
16151,13842517978,13842517977,9.32,secondary_link,35.0,150
16152,13842517978,13842517984,204.96,secondary,40.0,200
16153,13842517982,13842517984,8.61,secondary_link,35.0,150
16154,13842517984,13842517982,8.61,secondary_link,35.0,150
16155,13842517984,13842517990,138.86,secondary,40.0,200
16156,13842517989,13842517990,10.3,secondary_link,35.0,150
16157,13842517990,13842517989,10.3,secondary_link,35.0,150
16158,13842517990,13842517994,263.78,secondary,40.0,200
16159,13842517994,2249163684,19.58,secondary,40.0,200
16160,13842517994,13842517997,29.52,primary_link,40.0,250
16161,13842517997,564741521,67.64,primary,50.0,300
16162,13844086531,13844086532,12.98,secondary_link,35.0,150
16163,13844086531,13844086536,231.74,secondary,40.0,200
16164,13844086532,13844086531,12.98,secondary_link,35.0,150
16165,13844086532,13840721728,168.01,secondary,40.0,200
16166,13844086533,1651530803,10.37,secondary,40.0,200
16167,13844086534,13844086532,239.45,secondary,40.0,200
16168,13844086534,13844086536,9.36,secondary,40.0,200
16169,13844086535,7374437642,340.79,secondary,40.0,200
16170,13844086535,13844086533,7.15,secondary,40.0,200
16171,13844086536,13844086535,14.76,secondary,40.0,200
16172,13844361417,13844361439,7.01,tertiary,30.0,100
16173,13844361417,13844361440,308.78,tertiary,30.0,100
16174,13844361431,245675146,1835.44,tertiary,30.0,100
16175,13844361431,13844361444,12.46,tertiary,30.0,100
16176,13844361435,245673698,10.43,primary,50.0,300
16177,13844361435,13844361441,324.59,tertiary,30.0,100
16178,13844361438,13844361417,9.09,tertiary,30.0,100
16179,13844361438,1640769609,873.41,tertiary,30.0,100
16180,13844361439,13844361417,7.01,tertiary,30.0,100
16181,13844361439,1644081954,371.43,tertiary,30.0,100
16182,13844361439,13844361438,9.42,tertiary,30.0,100
16183,13844361440,13844361441,9.54,tertiary_link,25.0,80
16184,13844361440,245673698,324.36,tertiary,30.0,100
16185,13844361441,13844361440,9.54,tertiary_link,25.0,80
16186,13844361441,13844361439,308.91,tertiary,30.0,100
16187,13844361444,13844361435,20.11,tertiary,30.0,100
16188,13844361444,1879817504,584.1,primary,50.0,300
16189,13845955059,1365949289,9.31,secondary_link,35.0,150
16190,13845955059,13845955060,37.62,secondary,40.0,200
16191,13845955060,13845955061,9.14,secondary_link,35.0,150
16192,13845955060,10882918292,147.16,secondary,40.0,200
16193,13845955061,13845955060,9.14,secondary_link,35.0,150
16194,13845955061,1365949289,38.64,secondary,40.0,200
16195,13845998561,13845955059,65.31,secondary,40.0,200
16196,13845998561,13845998562,8.2,secondary_link,35.0,150
16197,13845998562,13845998561,8.2,secondary_link,35.0,150
16198,13845998562,13845998563,132.57,secondary,40.0,200
16199,13845998563,13845998566,28.77,secondary,40.0,200
16200,13845998563,13845998564,7.16,secondary_link,35.0,150
16201,13845998564,13845998563,7.16,secondary_link,35.0,150
16202,13845998564,13845998561,132.54,secondary,40.0,200
16203,13845998565,13845998564,28.42,secondary,40.0,200
16204,13845998565,13845998566,6.54,secondary_link,35.0,150
16205,13845998566,2380846331,69.35,secondary,40.0,200
16206,13845998566,13845998565,6.54,secondary_link,35.0,150
16207,13845998567,13845998565,69.59,secondary,40.0,200
16208,13845998567,2380846331,5.92,secondary_link,35.0,150
16209,13845998568,13845998569,5.16,secondary_link,35.0,150
16210,13845998568,13845998567,12.01,secondary,40.0,200
16211,13845998569,13845998568,5.16,secondary_link,35.0,150
16212,13845998569,13845998571,80.78,secondary,40.0,200
16213,13845998570,13845998571,7.48,secondary_link,35.0,150
16214,13845998570,13845998568,80.04,secondary,40.0,200
16215,13845998571,13845998570,7.48,secondary_link,35.0,150
16216,13845998571,13845998572,33.06,secondary,40.0,200
16217,13845998572,13845998573,6.9,secondary_link,35.0,150
16218,13845998572,245663367,220.54,secondary,40.0,200
16219,13845998573,13845998570,33.53,secondary,40.0,200
16220,13845998573,13845998572,6.9,secondary_link,35.0,150
16221,13845998576,13845998577,6.98,secondary_link,35.0,150
16222,13845998576,10654153518,88.94,secondary,40.0,200
16223,13845998577,13845998576,6.98,secondary_link,35.0,150
16224,13845998577,13504496395,193.71,secondary,40.0,200
16225,13845998579,13845998580,6.82,secondary_link,35.0,150
16226,13845998579,13845998581,35.02,secondary,40.0,200
16227,13845998580,13845998579,6.82,secondary_link,35.0,150
16228,13845998580,13847213891,32.53,secondary,40.0,200
16229,13845998581,13845998582,7.36,secondary_link,35.0,150
16230,13845998581,12342878714,48.56,secondary,40.0,200
16231,13845998582,13845998581,7.36,secondary_link,35.0,150
16232,13845998582,13845998580,34.96,secondary,40.0,200
16233,13845998583,13845998584,7.94,secondary_link,35.0,150
16234,13845998583,7397055936,350.68,secondary,40.0,200
16235,13845998584,7397055940,88.26,secondary,40.0,200
16236,13845998584,13845998583,7.94,secondary_link,35.0,150
16237,13846099201,5271602938,205.14,tertiary,30.0,100
16238,13846099201,12981542842,43.53,tertiary,30.0,100
16239,13847213883,13847213884,7.55,secondary_link,35.0,150
16240,13847213883,7416594673,968.35,secondary,40.0,200
16241,13847213884,13847213883,7.55,secondary_link,35.0,150
16242,13847213884,10654153514,119.38,secondary,40.0,200
16243,13847213890,631525416,37.26,secondary,40.0,200
16244,13847213890,13847213891,216.7,secondary,40.0,200
16245,13847213891,13845998579,33.59,secondary,40.0,200
16246,13847213891,13847213890,216.7,secondary,40.0,200
16247,13848112221,1640769588,559.96,tertiary,30.0,100
16248,13848112221,13432421501,126.84,tertiary,30.0,100
16249,13848112228,245671650,8.9,tertiary,30.0,100
16250,13848112228,13848112230,8.6,tertiary,30.0,100
16251,13848112229,1644089902,8.7,tertiary,30.0,100
16252,13848112229,13848112221,178.09,tertiary,30.0,100
16253,13848112230,1644089893,442.9,tertiary,30.0,100
16254,13848112230,13848112229,32.69,tertiary,30.0,100
16255,13848112232,1640769609,332.86,tertiary,30.0,100
16256,13848112232,13432421501,26.44,tertiary,30.0,100
16257,13848112237,13848112238,3.84,tertiary_link,25.0,80
16258,13848112238,13848112237,3.84,tertiary_link,25.0,80
16259,13848112238,1644089902,28.17,tertiary,30.0,100
16260,13848478043,245673695,8.94,primary_link,40.0,250
16261,13848478043,13848478046,43.33,primary,50.0,300
16262,13848478046,13848478047,9.75,primary_link,40.0,250
16263,13848478046,3217437362,32.46,primary,50.0,300
16264,13848478047,13848478046,9.75,primary_link,40.0,250
16265,13848478047,245673695,42.63,primary,50.0,300
16266,13848883938,13848883939,12.63,primary_link,40.0,250
16267,13848883938,12272825786,30.02,primary,50.0,300
16268,13848883939,13848883938,12.63,primary_link,40.0,250
16269,13848883939,1647747137,168.82,primary,50.0,300
16270,13848987184,1665625694,1.96,tertiary,30.0,100
16271,13848987184,13900426720,441.44,tertiary,30.0,100
16272,13848987184,13848987189,70.56,tertiary_link,25.0,80
16273,13848987189,1861339118,164.54,tertiary,30.0,100
16274,13848987189,13848987184,70.56,tertiary_link,25.0,80
16275,13851434040,13851434041,9.85,tertiary_link,25.0,80
16276,13851434040,9350865540,618.15,tertiary,30.0,100
16277,13851434041,13851434040,9.85,tertiary_link,25.0,80
16278,13851434041,7366380226,97.66,tertiary,30.0,100
16279,13851566377,245657817,82.03,tertiary,30.0,100
16280,13851566378,13851566377,7.37,tertiary,30.0,100
16281,13851566378,528890449,185.51,tertiary,30.0,100
16282,13851715679,2227587399,116.68,trunk,60.0,400
16283,13851715681,13851715679,11.51,trunk,60.0,400
16284,13851715681,13851727132,43.99,tertiary,30.0,100
16285,13851727132,2227587469,114.19,tertiary,30.0,100
16286,13851727132,13851715679,43.28,tertiary,30.0,100
16287,13852702697,2227587469,11.93,tertiary,30.0,100
16288,13852702697,13852702698,42.47,tertiary,30.0,100
16289,13852702697,13811630337,517.35,tertiary,30.0,100
16290,13852702698,13852702699,15.9,tertiary,30.0,100
16291,13852702698,13811630338,522.89,trunk,60.0,400
16292,13852702699,5865499853,10.28,trunk,60.0,400
16293,13852702699,5865499853,15.02,tertiary,30.0,100
16294,13852795719,13852795720,11.56,secondary_link,35.0,150
16295,13852795719,10882702403,73.49,secondary,40.0,200
16296,13852795720,13852795719,11.56,secondary_link,35.0,150
16297,13852795720,10882768316,30.76,secondary,40.0,200
16298,13855693177,13855693178,8.51,tertiary_link,25.0,80
16299,13855693177,621287166,316.67,tertiary,30.0,100
16300,13855693178,13855693177,8.51,tertiary_link,25.0,80
16301,13855693178,7385934392,405.57,tertiary,30.0,100
16302,13855693180,13855693181,9.5,primary_link,40.0,250
16303,13855693180,884379407,333.17,primary,50.0,300
16304,13855693181,884429983,96.49,primary,50.0,300
16305,13855693181,13855693180,9.5,primary_link,40.0,250
16306,13855693185,884430025,16.81,tertiary,30.0,100
16307,13855693185,13855693186,46.87,tertiary,30.0,100
16308,13855693186,3359112086,119.06,tertiary,30.0,100
16309,13855693186,13855693185,46.87,tertiary,30.0,100
16310,13856203925,6430937037,37.54,primary,50.0,300
16311,13856203925,13856203926,8.18,secondary,40.0,200
16312,13856203926,1194195803,14.23,primary,50.0,300
16313,13856203927,13856203928,12.41,tertiary,30.0,100
16314,13856203927,6495099185,560.72,secondary,40.0,200
16315,13856203928,10593412252,10.26,secondary,40.0,200
16316,13856203928,13856204527,95.68,tertiary,30.0,100
16317,13856203934,13856203927,8.25,secondary,40.0,200
16318,13856204527,13856204528,7.67,tertiary_link,25.0,80
16319,13856204527,1194191465,47.61,tertiary,30.0,100
16320,13856204528,13856204527,7.67,tertiary_link,25.0,80
16321,13856204528,10593412252,101.35,tertiary,30.0,100
16322,13856215347,10960976284,8.86,tertiary_link,25.0,80
16323,13856215347,10960976274,140.51,tertiary,30.0,100
16324,13856220430,13856220432,19.46,tertiary,30.0,100
16325,13856220430,245678362,146.29,tertiary,30.0,100
16326,13856220431,13856220432,5.65,tertiary_link,25.0,80
16327,13856220431,13856220430,19.06,tertiary,30.0,100
16328,13856220432,13856220431,5.65,tertiary_link,25.0,80
16329,13856220432,13279030993,200.35,tertiary,30.0,100
16330,13856261794,13856261795,8.75,primary_link,40.0,250
16331,13856261794,7385909175,91.67,primary,50.0,300
16332,13856261795,13856261794,8.75,primary_link,40.0,250
16333,13856261795,1936499674,289.66,primary,50.0,300
16334,13856261796,2629436073,58.74,primary,50.0,300
16335,13856261796,13856261797,9.55,primary_link,40.0,250
16336,13856261797,13856261799,19.46,primary,50.0,300
16337,13856261797,13856261796,9.55,primary_link,40.0,250
16338,13856261798,13856261796,19.73,primary,50.0,300
16339,13856261798,13856261799,9.53,primary_link,40.0,250
16340,13856261799,13856261798,9.53,primary_link,40.0,250
16341,13856261799,13856261800,44.38,primary,50.0,300
16342,13856261800,13856311301,9.46,primary_link,40.0,250
16343,13856261800,1646746657,82.23,primary,50.0,300
16344,13856311301,13856261800,9.46,primary_link,40.0,250
16345,13856311301,13856261798,44.38,primary,50.0,300
16346,13856311302,11919460443,8.76,primary_link,40.0,250
16347,13856311302,10845925895,755.36,primary,50.0,300
16348,13856324117,7241667069,200.67,tertiary,30.0,100
16349,13857093044,13857093045,7.81,tertiary_link,25.0,80
16350,13857093044,13857111108,196.41,tertiary,30.0,100
16351,13857093045,13857093044,7.81,tertiary_link,25.0,80
16352,13857093045,884399494,250.95,tertiary,30.0,100
16353,13857111108,13857111109,9.09,tertiary_link,25.0,80
16354,13857111108,12320173511,141.39,tertiary,30.0,100
16355,13857111109,13857111108,9.09,tertiary_link,25.0,80
16356,13857111109,13857093045,196.76,tertiary,30.0,100
16357,13857111123,5172459964,11.0,tertiary,30.0,100
16358,13857111123,7353775774,180.89,secondary,40.0,200
16359,13857111125,13857111126,5.8,secondary_link,35.0,150
16360,13857111125,13857111127,63.95,secondary,40.0,200
16361,13857111126,13857111125,5.8,secondary_link,35.0,150
16362,13857111126,13366281220,236.96,secondary,40.0,200
16363,13857111127,1916634220,8.0,secondary_link,35.0,150
16364,13857111127,13857111129,103.07,secondary,40.0,200
16365,13857111129,13857111130,5.13,secondary_link,35.0,150
16366,13857111129,13857111132,123.58,secondary,40.0,200
16367,13857111130,13857111129,5.13,secondary_link,35.0,150
16368,13857111130,1916634220,102.62,secondary,40.0,200
16369,13857111131,13857111132,4.69,secondary_link,35.0,150
16370,13857111131,13857111130,123.17,secondary,40.0,200
16371,13857111132,13857111131,4.69,secondary_link,35.0,150
16372,13857111132,13857111133,31.02,secondary,40.0,200
16373,13857111133,13857111135,63.13,secondary,40.0,200
16374,13857111133,13857111134,5.28,secondary_link,35.0,150
16375,13857111134,13857111133,5.28,secondary_link,35.0,150
16376,13857111134,13857111131,31.27,secondary,40.0,200
16377,13857111135,13857111136,7.99,secondary_link,35.0,150
16378,13857111135,13857111137,67.6,secondary,40.0,200
16379,13857111136,13857111135,7.99,secondary_link,35.0,150
16380,13857111136,13857111134,62.57,secondary,40.0,200
16381,13857111137,13857111138,9.8,secondary_link,35.0,150
16382,13857111137,13857111141,211.78,secondary,40.0,200
16383,13857111138,13857111137,9.8,secondary_link,35.0,150
16384,13857111138,13857111136,67.26,secondary,40.0,200
16385,13857111140,13857111141,8.73,secondary_link,35.0,150
16386,13857111140,13857111138,210.98,secondary,40.0,200
16387,13857111141,13857111142,25.42,secondary,40.0,200
16388,13857111141,13857111140,8.73,secondary_link,35.0,150
16389,13857111142,13857111143,8.53,secondary_link,35.0,150
16390,13857111142,10287277761,326.81,secondary,40.0,200
16391,13857111143,13857111142,8.53,secondary_link,35.0,150
16392,13857111143,13857111140,27.17,secondary,40.0,200
16393,13857111157,884364483,8.65,secondary,40.0,200
16394,13857111157,13857111163,13.03,tertiary,30.0,100
16395,13857111161,13857111162,9.74,tertiary,30.0,100
16396,13857111161,13857111162,267.68,tertiary,30.0,100
16397,13857111161,13857111167,8.18,tertiary,30.0,100
16398,13857111162,13857111161,9.74,tertiary,30.0,100
16399,13857111162,7159714370,341.54,tertiary,30.0,100
16400,13857111163,13857111164,8.35,tertiary_link,25.0,80
16401,13857111163,13857111167,301.67,tertiary,30.0,100
16402,13857111164,13857111163,8.35,tertiary_link,25.0,80
16403,13857111164,884364483,13.35,tertiary,30.0,100
16404,13857111167,13857111161,8.18,tertiary,30.0,100
16405,13857111167,13857111164,303.36,tertiary,30.0,100
16406,13857139727,13857139744,54.48,tertiary,30.0,100
16407,13857139727,1189168885,56.64,tertiary,30.0,100
16408,13857139729,13857139730,6.39,tertiary,30.0,100
16409,13857139729,13279030993,56.67,tertiary,30.0,100
16410,13857139730,13857139731,12.4,tertiary,30.0,100
16411,13857139730,13857379356,184.68,secondary,40.0,200
16412,13857139731,7374413675,6.17,secondary,40.0,200
16413,13857139731,13857139743,77.77,tertiary,30.0,100
16414,13857139743,13857139744,6.35,tertiary_link,25.0,80
16415,13857139743,13857139727,54.15,tertiary,30.0,100
16416,13857139744,13857139743,6.35,tertiary_link,25.0,80
16417,13857139744,7374413675,74.43,tertiary,30.0,100
16418,13857139749,627835052,379.94,tertiary,30.0,100
16419,13857139749,13857139772,10.62,tertiary,30.0,100
16420,13857139750,13857139772,89.45,tertiary,30.0,100
16421,13857139750,1189168885,82.38,tertiary,30.0,100
16422,13857139772,13857139750,89.45,tertiary,30.0,100
16423,13857139772,3633829123,17.86,tertiary,30.0,100
16424,13857379355,13857139731,184.65,secondary,40.0,200
16425,13857379355,13857379356,12.92,secondary_link,35.0,150
16426,13857379356,245678558,239.7,secondary,40.0,200
16427,13857379356,13857379355,12.92,secondary_link,35.0,150
16428,13858361518,13858361519,6.79,tertiary_link,25.0,80
16429,13858361518,12311841448,78.67,tertiary,30.0,100
16430,13858361519,13858361518,6.79,tertiary_link,25.0,80
16431,13858361519,12311841439,172.53,tertiary,30.0,100
16432,13858486372,1169541070,14.54,secondary,40.0,200
16433,13858486372,7394181656,190.79,secondary,40.0,200
16434,13858674669,627835045,13.07,secondary,40.0,200
16435,13858674669,1185859882,1179.8,primary,50.0,300
16436,13858674669,1185815163,415.78,secondary,40.0,200
16437,13859362735,13859362736,8.23,tertiary_link,25.0,80
16438,13859362735,13859362739,105.52,tertiary,30.0,100
16439,13859362736,1920266039,30.29,tertiary,30.0,100
16440,13859362736,13859362735,8.23,tertiary_link,25.0,80
16441,13859362738,13859362739,9.26,tertiary_link,25.0,80
16442,13859362738,13859362736,106.05,tertiary,30.0,100
16443,13859362739,13859362738,9.26,tertiary_link,25.0,80
16444,13859362739,10879528547,230.33,tertiary,30.0,100
16445,13859362766,13859362767,8.22,primary_link,40.0,250
16446,13859362766,10960976280,105.08,primary,50.0,300
16447,13859362767,13859362766,8.22,primary_link,40.0,250
16448,13859362767,13859362769,135.04,primary,50.0,300
16449,13859362768,13859362769,9.24,primary_link,40.0,250
16450,13859362768,13859362766,139.07,primary,50.0,300
16451,13859362769,13859362768,9.24,primary_link,40.0,250
16452,13859362769,1936499709,53.05,primary,50.0,300
16453,13859476644,13859476645,7.06,secondary_link,35.0,150
16454,13859476644,13590816940,399.02,secondary,40.0,200
16455,13859476645,13859476644,7.06,secondary_link,35.0,150
16456,13859476645,13510287966,31.6,secondary,40.0,200
16457,13859586518,1960735999,16.39,primary_link,40.0,250
16458,13859586518,6016245699,411.8,primary,50.0,300
16459,13859966833,13859966834,11.25,tertiary_link,25.0,80
16460,13859966833,13859966834,79.47,tertiary,30.0,100
16461,13859966834,13859966836,78.21,tertiary,30.0,100
16462,13859966834,13859966833,11.25,tertiary_link,25.0,80
16463,13859966835,13859966836,10.83,tertiary_link,25.0,80
16464,13859966835,13859966833,77.86,tertiary,30.0,100
16465,13859966836,10879477385,54.79,tertiary,30.0,100
16466,13859966836,13859966835,10.83,tertiary_link,25.0,80
16467,13867818986,13867818987,11.04,primary_link,40.0,250
16468,13867818986,3878492885,89.33,primary,50.0,300
16469,13867818987,13867818986,11.04,primary_link,40.0,250
16470,13867818987,13867818988,77.31,primary,50.0,300
16471,13867818988,13867818989,12.6,primary_link,40.0,250
16472,13867818988,13867818991,272.17,primary,50.0,300
16473,13867818989,13867818986,78.15,primary,50.0,300
16474,13867818989,13867818988,12.6,primary_link,40.0,250
16475,13867818990,13867818991,15.55,primary_link,40.0,250
16476,13867818990,13867818989,271.76,primary,50.0,300
16477,13867818991,13867818990,15.55,primary_link,40.0,250
16478,13867818991,9884931949,117.72,primary,50.0,300
16479,13867818992,12429998491,129.52,tertiary,30.0,100
16480,13867818992,13867831501,35.23,tertiary,30.0,100
16481,13867818998,13867818999,7.72,tertiary,30.0,100
16482,13867818998,13870620093,523.61,tertiary,30.0,100
16483,13867818999,1174906214,5.2,tertiary,30.0,100
16484,13867831501,13867831502,5.29,tertiary_link,25.0,80
16485,13867831501,13867818998,231.26,tertiary,30.0,100
16486,13867831502,13867831501,5.29,tertiary_link,25.0,80
16487,13867831502,13867818992,35.65,tertiary,30.0,100
16488,13867831504,1174893177,438.81,tertiary,30.0,100
16489,13867831504,3878492883,92.74,tertiary,30.0,100
16490,13867831510,13867831504,93.57,tertiary,30.0,100
16491,13867831511,3878492884,3.79,primary,50.0,300
16492,13867831511,13867831510,33.66,tertiary,30.0,100
16493,13867831512,13867831511,10.57,tertiary,30.0,100
16494,13867831512,10960936599,335.94,primary,50.0,300
16495,13867831516,13867831511,28.3,primary,50.0,300
16496,13867831516,13867831510,46.6,primary_link,40.0,250
16497,13870620075,13870620076,29.55,tertiary,30.0,100
16498,13870620075,10960996705,7.22,tertiary_link,25.0,80
16499,13870620076,13870620077,7.04,tertiary_link,25.0,80
16500,13870620076,8214053619,79.2,tertiary,30.0,100
16501,13870620077,10960996705,29.34,tertiary,30.0,100
16502,13870620077,13870620076,7.04,tertiary_link,25.0,80
16503,13870620078,8214053619,6.62,tertiary_link,25.0,80
16504,13870620078,13870620077,79.31,tertiary,30.0,100
16505,13870620079,13870620080,6.51,tertiary_link,25.0,80
16506,13870620079,13870620081,70.03,tertiary,30.0,100
16507,13870620080,13870620078,54.43,tertiary,30.0,100
16508,13870620080,13870620079,6.51,tertiary_link,25.0,80
16509,13870620081,13870620084,17.36,tertiary,30.0,100
16510,13870620081,13870620082,6.51,tertiary_link,25.0,80
16511,13870620082,13870620081,6.51,tertiary_link,25.0,80
16512,13870620082,13870620080,70.31,tertiary,30.0,100
16513,13870620083,13870620082,17.05,tertiary,30.0,100
16514,13870620083,13870620084,6.53,tertiary_link,25.0,80
16515,13870620084,13870620083,6.53,tertiary_link,25.0,80
16516,13870620084,10960976267,96.54,tertiary,30.0,100
16517,13870620090,13870620091,8.67,tertiary_link,25.0,80
16518,13870620090,13870620094,91.49,tertiary,30.0,100
16519,13870620091,10960996709,19.06,tertiary,30.0,100
16520,13870620091,13870620090,8.67,tertiary_link,25.0,80
16521,13870620093,13870620094,8.11,tertiary_link,25.0,80
16522,13870620093,13870620091,91.41,tertiary,30.0,100
16523,13870620094,13870620093,8.11,tertiary_link,25.0,80
16524,13870620094,13867818999,523.53,tertiary,30.0,100
16525,13870620098,1936499715,24.85,primary,50.0,300
16526,13870620098,13870621502,33.81,primary_link,40.0,250
16527,13870621502,13856203934,123.31,secondary,40.0,200
16528,13870822890,13870822891,5.0,tertiary_link,25.0,80
16529,13870822890,13870822892,177.7,tertiary,30.0,100
16530,13870822891,10960936600,41.18,tertiary,30.0,100
16531,13870822891,13870822890,5.0,tertiary_link,25.0,80
16532,13870822892,13870822893,5.39,tertiary_link,25.0,80
16533,13870822892,13870822894,228.23,tertiary,30.0,100
16534,13870822893,13870822892,5.39,tertiary_link,25.0,80
16535,13870822893,13870822891,177.55,tertiary,30.0,100
16536,13870822894,10960996716,18.85,tertiary,30.0,100
16537,13870822894,13870822895,4.21,tertiary_link,25.0,80
16538,13870822895,13870822894,4.21,tertiary_link,25.0,80
16539,13870822895,13870822893,228.38,tertiary,30.0,100
16540,13870822898,10927904433,31.13,tertiary,30.0,100
16541,13870822898,13870822899,6.68,tertiary_link,25.0,80
16542,13870822899,13870822898,6.68,tertiary_link,25.0,80
16543,13870822899,13870822900,155.25,tertiary,30.0,100
16544,13870822900,13870831803,63.8,tertiary,30.0,100
16545,13870822900,13870831801,5.84,tertiary_link,25.0,80
16546,13870831801,13870822900,5.84,tertiary_link,25.0,80
16547,13870831801,13870822898,155.45,tertiary,30.0,100
16548,13870831802,13870831801,63.85,tertiary,30.0,100
16549,13870831802,13870831803,5.99,tertiary_link,25.0,80
16550,13870831803,13870831802,5.99,tertiary_link,25.0,80
16551,13870831803,13870831805,61.07,tertiary,30.0,100
16552,13870831804,13870831802,61.13,tertiary,30.0,100
16553,13870831804,13870831805,6.87,tertiary_link,25.0,80
16554,13870831805,13870831804,6.87,tertiary_link,25.0,80
16555,13870831805,12429998491,336.86,tertiary,30.0,100
16556,13872145715,13928264084,19.95,tertiary,30.0,100
16557,13872319532,13872319539,215.29,tertiary,30.0,100
16558,13872319532,4611102162,62.69,tertiary,30.0,100
16559,13872319539,13872964637,100.98,tertiary,30.0,100
16560,13872319539,13872319532,214.88,tertiary,30.0,100
16561,13872349167,13872349168,8.31,primary_link,40.0,250
16562,13872349167,6436057783,149.75,primary,50.0,300
16563,13872349168,13872349167,8.31,primary_link,40.0,250
16564,13872349168,13870620098,365.29,primary,50.0,300
16565,13872509294,12293476232,15.05,tertiary,30.0,100
16566,13872509294,13872509295,6.58,tertiary_link,25.0,80
16567,13872509295,13872509294,6.58,tertiary_link,25.0,80
16568,13872509295,1936499722,164.42,tertiary,30.0,100
16569,13872749011,13885999591,129.09,tertiary,30.0,100
16570,13872749011,13872749014,25.56,tertiary,30.0,100
16571,13872749013,13872749014,6.41,tertiary_link,25.0,80
16572,13872749013,13872749011,26.8,tertiary,30.0,100
16573,13872749014,13872749013,6.41,tertiary_link,25.0,80
16574,13872749014,13872749016,29.83,tertiary,30.0,100
16575,13872749015,13872749016,5.94,tertiary_link,25.0,80
16576,13872749015,13872749013,30.27,tertiary,30.0,100
16577,13872749016,13872749015,5.94,tertiary_link,25.0,80
16578,13872749016,13872749017,47.48,tertiary,30.0,100
16579,13872749017,13872749015,48.24,tertiary,30.0,100
16580,13872749017,1375215803,45.03,tertiary,30.0,100
16581,13872964637,13872319539,100.98,tertiary,30.0,100
16582,13872964637,13872964641,80.07,tertiary,30.0,100
16583,13872964641,1167660165,87.74,tertiary,30.0,100
16584,13872964641,13872964637,79.81,tertiary,30.0,100
16585,13875496132,13875496133,39.21,trunk_link,50.0,350
16586,13875496132,13820044822,191.19,trunk_link,50.0,350
16587,13875496133,10564469938,121.94,trunk_link,50.0,350
16588,13875496133,13875496132,39.21,trunk_link,50.0,350
16589,13875870384,13875870385,6.31,tertiary_link,25.0,80
16590,13875870384,13875870389,243.43,tertiary,30.0,100
16591,13875870385,13875870384,6.31,tertiary_link,25.0,80
16592,13875870385,9719600346,121.62,tertiary,30.0,100
16593,13875870389,13875870390,8.29,tertiary_link,25.0,80
16594,13875870389,13875870397,491.49,tertiary,30.0,100
16595,13875870390,13875870389,8.29,tertiary_link,25.0,80
16596,13875870390,13875870385,244.41,tertiary,30.0,100
16597,13875870397,13875870390,486.0,tertiary,30.0,100
16598,13875870397,13875870399,116.99,tertiary,30.0,100
16599,13875870399,10279602938,99.6,tertiary,30.0,100
16600,13875870399,13875870397,116.99,tertiary,30.0,100
16601,13875882471,1879817474,312.69,primary,50.0,300
16602,13876297917,1650164518,7.49,tertiary,30.0,100
16603,13876297917,3708879333,1126.22,tertiary,30.0,100
16604,13876297917,13880416045,178.68,tertiary,30.0,100
16605,13877132374,1375215424,1242.82,trunk,60.0,400
16606,13877132374,13877132376,64.54,trunk_link,50.0,350
16607,13877132376,6429408888,363.72,secondary,40.0,200
16608,13877484184,13877484185,20.21,trunk_link,50.0,350
16609,13877484184,12558334192,870.45,trunk,60.0,400
16610,13877484185,1156134791,53.15,secondary,40.0,200
16611,13877484185,13877484190,54.32,tertiary,30.0,100
16612,13877484187,6618748009,155.07,secondary,40.0,200
16613,13877484190,1156134791,7.95,tertiary,30.0,100
16614,13877484190,1072893285,28.64,tertiary,30.0,100
16615,13877484190,13877484187,150.75,tertiary,30.0,100
16616,13877647885,13877647886,16.55,primary_link,40.0,250
16617,13877647885,1647163158,470.61,primary,50.0,300
16618,13877647886,13877647885,16.55,primary_link,40.0,250
16619,13877647886,7097850904,562.81,primary,50.0,300
16620,13877892976,13877892977,5.83,tertiary_link,25.0,80
16621,13877892976,8878074693,323.52,tertiary,30.0,100
16622,13877892977,13877892976,5.83,tertiary_link,25.0,80
16623,13877892977,12320398368,74.87,tertiary,30.0,100
16624,13877892980,5994888016,9.23,secondary_link,35.0,150
16625,13877892980,4759328788,50.61,secondary,40.0,200
16626,13877892981,13877892982,5.0,tertiary_link,25.0,80
16627,13877892981,4759328786,32.11,tertiary,30.0,100
16628,13877892982,13877892984,56.07,tertiary,30.0,100
16629,13877892982,13877892981,5.0,tertiary_link,25.0,80
16630,13877892983,13877892981,55.59,tertiary,30.0,100
16631,13877892983,13877892984,5.47,tertiary_link,25.0,80
16632,13877892984,13877892983,5.47,tertiary_link,25.0,80
16633,13877892984,13877892986,82.48,tertiary,30.0,100
16634,13877892985,13877892986,4.85,tertiary_link,25.0,80
16635,13877892985,13877892983,82.31,tertiary,30.0,100
16636,13877892986,13877892985,4.85,tertiary_link,25.0,80
16637,13877892986,4759328609,71.22,tertiary,30.0,100
16638,13877892987,4759328607,17.56,tertiary,30.0,100
16639,13877892987,13877892988,7.9,tertiary_link,25.0,80
16640,13877892988,13877892987,7.9,tertiary_link,25.0,80
16641,13877892988,13877892990,51.14,tertiary,30.0,100
16642,13877892989,13877892990,8.82,tertiary_link,25.0,80
16643,13877892989,13877892987,51.29,tertiary,30.0,100
16644,13877892990,13877892989,8.82,tertiary_link,25.0,80
16645,13877892990,13877892992,81.37,tertiary,30.0,100
16646,13877892991,13877892992,7.48,tertiary_link,25.0,80
16647,13877892991,13877892989,80.08,tertiary,30.0,100
16648,13877892992,10636113356,45.64,tertiary,30.0,100
16649,13877892992,13877892991,7.48,tertiary_link,25.0,80
16650,13877892995,10098502200,4.04,tertiary,30.0,100
16651,13877892995,10198760881,301.65,tertiary,30.0,100
16652,13877892995,10636113355,54.74,tertiary,30.0,100
16653,13880416034,13880416035,7.52,tertiary_link,25.0,80
16654,13880416034,13880416035,480.29,tertiary,30.0,100
16655,13880416035,13880416034,7.52,tertiary_link,25.0,80
16656,13880416035,13880416036,153.14,tertiary,30.0,100
16657,13880416036,13880416037,9.42,tertiary_link,25.0,80
16658,13880416036,10174843051,81.9,tertiary,30.0,100
16659,13880416037,13880416036,9.42,tertiary_link,25.0,80
16660,13880416037,13880416034,155.42,tertiary,30.0,100
16661,13880416038,10174843051,7.29,tertiary_link,25.0,80
16662,13880416038,13880416037,83.57,tertiary,30.0,100
16663,13880416039,13880416040,6.55,tertiary_link,25.0,80
16664,13880416039,13880416038,18.71,tertiary,30.0,100
16665,13880416040,13880416039,6.55,tertiary_link,25.0,80
16666,13880416040,10174843049,49.54,tertiary,30.0,100
16667,13880416042,13880416043,11.4,tertiary,30.0,100
16668,13880416043,13880416057,20.67,tertiary,30.0,100
16669,13880416043,1650164518,181.44,tertiary,30.0,100
16670,13880416043,13880416045,9.32,tertiary,30.0,100
16671,13880416044,1288998782,177.29,tertiary,30.0,100
16672,13880416044,13880416042,7.95,tertiary,30.0,100
16673,13880416045,13880416044,12.75,tertiary,30.0,100
16674,13880416057,13880416043,20.67,tertiary,30.0,100
16675,13880416057,13880416061,37.67,tertiary,30.0,100
16676,13880416060,13880416062,42.22,tertiary,30.0,100
16677,13880416060,7358597865,5.96,tertiary_link,25.0,80
16678,13880416061,7358597865,41.49,tertiary,30.0,100
16679,13880416061,13880416062,5.63,tertiary_link,25.0,80
16680,13880416062,13880416061,5.63,tertiary_link,25.0,80
16681,13880416062,13880416057,38.68,tertiary,30.0,100
16682,13881175044,13881175045,8.4,secondary_link,35.0,150
16683,13881175044,2246661809,285.63,secondary,40.0,200
16684,13881175045,13881175044,8.4,secondary_link,35.0,150
16685,13881175045,1366097769,213.59,secondary,40.0,200
16686,13881718913,13881718914,6.94,tertiary_link,25.0,80
16687,13881718913,1366097711,637.73,tertiary,30.0,100
16688,13881718914,13881718913,6.94,tertiary_link,25.0,80
16689,13881718914,10279602916,90.6,tertiary,30.0,100
16690,13882649322,10171212578,10.39,tertiary,30.0,100
16691,13882649323,13882649322,7.73,tertiary,30.0,100
16692,13882649323,10171212565,104.1,tertiary,30.0,100
16693,13882649326,13882649327,7.69,tertiary_link,25.0,80
16694,13882649326,12273094475,259.1,tertiary,30.0,100
16695,13882649327,13882649323,34.81,tertiary,30.0,100
16696,13882649327,13882649326,7.69,tertiary_link,25.0,80
16697,13882649328,13882649330,5.42,tertiary,30.0,100
16698,13882649328,13882649329,6.01,tertiary_link,25.0,80
16699,13882649329,13882649328,6.01,tertiary_link,25.0,80
16700,13882649329,13614206225,99.84,tertiary,30.0,100
16701,13882649330,13882649331,5.87,tertiary_link,25.0,80
16702,13882649330,13911665120,81.98,tertiary,30.0,100
16703,13882649331,13882649329,5.68,tertiary,30.0,100
16704,13882649331,13882649330,5.87,tertiary_link,25.0,80
16705,13882827987,13882918914,9.5,primary_link,40.0,250
16706,13882827987,13597495215,132.68,primary,50.0,300
16707,13882918911,13882918912,11.24,primary_link,40.0,250
16708,13882918911,10653616787,77.93,primary,50.0,300
16709,13882918912,13882918911,11.24,primary_link,40.0,250
16710,13882918912,245670344,458.68,primary,50.0,300
16711,13882918914,13882827987,9.5,primary_link,40.0,250
16712,13882918914,245670043,313.49,primary,50.0,300
16713,13882946985,13882946987,52.47,tertiary,30.0,100
16714,13882946985,245670576,298.0,tertiary,30.0,100
16715,13882946987,13882946985,52.47,tertiary,30.0,100
16716,13882946987,11652543075,498.61,tertiary,30.0,100
16717,13883829865,10277547726,76.5,tertiary,30.0,100
16718,13883829865,13883829866,92.43,tertiary,30.0,100
16719,13883829866,13883829865,93.21,tertiary,30.0,100
16720,13883829866,13886028283,82.72,tertiary,30.0,100
16721,13885999591,13872749011,129.09,tertiary,30.0,100
16722,13885999591,13885999595,62.36,tertiary,30.0,100
16723,13885999595,13885999596,4.56,tertiary_link,25.0,80
16724,13885999595,13886028283,34.74,tertiary,30.0,100
16725,13885999596,13885999595,4.56,tertiary_link,25.0,80
16726,13885999596,13885999591,62.45,tertiary,30.0,100
16727,13886028283,13883829866,82.72,tertiary,30.0,100
16728,13886028283,13885999596,34.94,tertiary,30.0,100
16729,13887009306,5345482091,7.94,tertiary,30.0,100
16730,13887009306,13887009311,336.05,tertiary,30.0,100
16731,13887009306,13887009309,159.67,secondary,40.0,200
16732,13887009309,13887009311,152.29,secondary,40.0,200
16733,13887009309,13887009326,11.12,trunk_link,50.0,350
16734,13887009311,13887009312,7.37,tertiary,30.0,100
16735,13887009311,13887009306,336.05,tertiary,30.0,100
16736,13887009311,13887009314,181.49,secondary,40.0,200
16737,13887009312,13887009311,7.37,tertiary,30.0,100
16738,13887009312,6430474708,181.43,trunk_link,50.0,350
16739,13887009314,6430474708,4.87,secondary,40.0,200
16740,13887009314,10877195122,9.39,secondary,40.0,200
16741,13887009314,10877195128,611.45,secondary,40.0,200
16742,13887009326,13887009309,11.12,trunk_link,50.0,350
16743,13887009326,13887009312,153.45,trunk_link,50.0,350
16744,13887009327,4611102160,20.42,secondary,40.0,200
16745,13887009327,13807899486,11.64,secondary_link,35.0,150
16746,13888102909,13888102910,8.09,tertiary_link,25.0,80
16747,13888102909,10732416719,178.26,tertiary,30.0,100
16748,13888102910,13888102909,8.09,tertiary_link,25.0,80
16749,13888102910,590732619,229.07,tertiary,30.0,100
16750,13888224699,13888227801,35.99,primary_link,40.0,250
16751,13888227801,3110861696,266.75,primary,50.0,300
16752,13888227801,13888224699,35.99,primary_link,40.0,250
16753,13892971095,11939223212,112.67,tertiary,30.0,100
16754,13892971095,13892971096,15.55,trunk_link,50.0,350
16755,13892971095,5923939959,201.78,tertiary,30.0,100
16756,13892971096,13892971095,15.55,trunk_link,50.0,350
16757,13892971096,1182363483,204.45,trunk,60.0,400
16758,13893645131,13893645132,8.87,tertiary_link,25.0,80
16759,13893645131,245682226,52.35,tertiary,30.0,100
16760,13893645132,13893645134,37.97,tertiary,30.0,100
16761,13893645132,13893645131,8.87,tertiary_link,25.0,80
16762,13893645133,13893645131,37.97,tertiary,30.0,100
16763,13893645133,13893645134,9.12,tertiary_link,25.0,80
16764,13893645134,13893645133,9.12,tertiary_link,25.0,80
16765,13893645134,13893645136,72.27,tertiary,30.0,100
16766,13893645135,13893645136,9.6,tertiary_link,25.0,80
16767,13893645135,13893645133,72.28,tertiary,30.0,100
16768,13893645136,9713144360,45.44,tertiary,30.0,100
16769,13893645136,13893645135,9.6,tertiary_link,25.0,80
16770,13893645137,9713144360,9.42,tertiary,30.0,100
16771,13893645137,13893645135,46.41,tertiary,30.0,100
16772,13895559624,1647015728,3.05,tertiary,30.0,100
16773,13895559624,6259267281,42.31,tertiary,30.0,100
16774,13895559628,13895559629,7.15,tertiary_link,25.0,80
16775,13895559628,13351175830,43.58,tertiary,30.0,100
16776,13895559629,13895559628,7.15,tertiary_link,25.0,80
16777,13895559629,13895559630,58.91,tertiary,30.0,100
16778,13895559630,12262773875,16.36,tertiary,30.0,100
16779,13895559630,13895559631,6.2,tertiary_link,25.0,80
16780,13895559631,13895559630,6.2,tertiary_link,25.0,80
16781,13895559631,13895559628,59.25,tertiary,30.0,100
16782,13895559633,13895559634,6.77,tertiary_link,25.0,80
16783,13895559633,12262773874,46.38,tertiary,30.0,100
16784,13895559634,12262773873,23.82,tertiary,30.0,100
16785,13895559634,13895559633,6.77,tertiary_link,25.0,80
16786,13895559637,10279539046,9.02,tertiary_link,25.0,80
16787,13895559637,10279539038,93.66,tertiary,30.0,100
16788,13895665206,13895665209,90.1,secondary,40.0,200
16789,13895665206,9902397689,60.64,secondary,40.0,200
16790,13895665209,13895665246,6.67,secondary_link,35.0,150
16791,13895665209,13895665210,42.3,secondary,40.0,200
16792,13895665210,13895665234,6.36,secondary_link,35.0,150
16793,13895665210,13895665247,126.0,secondary,40.0,200
16794,13895665213,13895665250,6.27,secondary_link,35.0,150
16795,13895665213,1078664145,32.78,secondary,40.0,200
16796,13895665219,13895665220,38.75,secondary,40.0,200
16797,13895665219,13895665252,7.45,secondary_link,35.0,150
16798,13895665220,13895665251,7.24,secondary_link,35.0,150
16799,13895665220,13895665250,72.32,secondary,40.0,200
16800,13895665227,13895665247,7.68,secondary_link,35.0,150
16801,13895665227,13895665234,128.99,secondary,40.0,200
16802,13895665234,13895665210,6.36,secondary_link,35.0,150
16803,13895665234,13895665246,43.91,secondary,40.0,200
16804,13895665246,13895665209,6.67,secondary_link,35.0,150
16805,13895665246,13895665206,90.35,secondary,40.0,200
16806,13895665247,13895665227,7.68,secondary_link,35.0,150
16807,13895665247,13895665249,83.05,secondary,40.0,200
16808,13895665248,13895665249,7.58,secondary_link,35.0,150
16809,13895665248,13895665227,83.64,secondary,40.0,200
16810,13895665249,13895665248,7.58,secondary_link,35.0,150
16811,13895665249,13895665213,63.06,secondary,40.0,200
16812,13895665250,13895665213,6.27,secondary_link,35.0,150
16813,13895665250,13895665248,62.92,secondary,40.0,200
16814,13895665251,1078664145,38.58,secondary,40.0,200
16815,13895665251,13895665220,7.24,secondary_link,35.0,150
16816,13895665252,13895665251,38.59,secondary,40.0,200
16817,13895665252,13895665219,7.45,secondary_link,35.0,150
16818,13895665253,13895665255,49.16,secondary,40.0,200
16819,13895665253,13895665254,7.73,secondary_link,35.0,150
16820,13895665254,1960732542,42.77,secondary,40.0,200
16821,13895665254,13895665253,7.73,secondary_link,35.0,150
16822,13895665255,13895665257,47.58,secondary,40.0,200
16823,13895665255,13895665256,7.81,secondary_link,35.0,150
16824,13895665256,13895665254,49.01,secondary,40.0,200
16825,13895665256,13895665255,7.81,secondary_link,35.0,150
16826,13895665257,13895665261,57.95,secondary,40.0,200
16827,13895665257,13895665258,7.89,secondary_link,35.0,150
16828,13895665258,13895665256,47.41,secondary,40.0,200
16829,13895665258,13895665257,7.89,secondary_link,35.0,150
16830,13895665259,13895665260,6.8,secondary_link,35.0,150
16831,13895665259,1078664328,43.13,secondary,40.0,200
16832,13895665260,13895665259,6.8,secondary_link,35.0,150
16833,13895665260,13895665262,95.59,secondary,40.0,200
16834,13895665261,13895665262,8.0,secondary_link,35.0,150
16835,13895665261,13895665259,95.54,secondary,40.0,200
16836,13895665262,13895665258,58.0,secondary,40.0,200
16837,13895665262,13895665261,8.0,secondary_link,35.0,150
16838,13896594157,11941145761,883.98,tertiary,30.0,100
16839,13896594171,13896701116,22.75,tertiary,30.0,100
16840,13896594171,1078664082,599.84,tertiary,30.0,100
16841,13896594175,13896594187,5.69,tertiary_link,25.0,80
16842,13896594175,13896701121,106.79,tertiary,30.0,100
16843,13896594186,13896701117,24.86,tertiary,30.0,100
16844,13896594186,13896701118,5.75,tertiary_link,25.0,80
16845,13896594187,13896594186,26.24,tertiary,30.0,100
16846,13896594187,13896594175,5.69,tertiary_link,25.0,80
16847,13896594199,13896701126,5.52,tertiary_link,25.0,80
16848,13896594199,13896701124,51.23,tertiary,30.0,100
16849,13896701103,1078664089,5.8,secondary,40.0,200
16850,13896701103,13896594199,61.91,tertiary,30.0,100
16851,13896701104,13896701103,9.78,tertiary,30.0,100
16852,13896701104,9902397686,334.83,secondary,40.0,200
16853,13896701116,13896701117,5.42,tertiary_link,25.0,80
16854,13896701116,13896701118,24.36,tertiary,30.0,100
16855,13896701117,13896701116,5.42,tertiary_link,25.0,80
16856,13896701117,13896594171,22.85,tertiary,30.0,100
16857,13896701118,13896594175,26.45,tertiary,30.0,100
16858,13896701118,13896594186,5.75,tertiary_link,25.0,80
16859,13896701121,13896701122,6.33,tertiary_link,25.0,80
16860,13896701121,13896701125,81.77,tertiary,30.0,100
16861,13896701122,13896701121,6.33,tertiary_link,25.0,80
16862,13896701122,13896594187,110.83,tertiary,30.0,100
16863,13896701124,13896701125,6.22,tertiary_link,25.0,80
16864,13896701124,13896701122,82.51,tertiary,30.0,100
16865,13896701125,13896701124,6.22,tertiary_link,25.0,80
16866,13896701125,13896701126,52.92,tertiary,30.0,100
16867,13896701126,13896594199,5.52,tertiary_link,25.0,80
16868,13896701126,1078664089,64.05,tertiary,30.0,100
16869,13897104869,13897104884,26.2,tertiary,30.0,100
16870,13897104869,13897104870,8.11,tertiary,30.0,100
16871,13897104870,7361947959,4.06,tertiary,30.0,100
16872,13897104883,13897104884,8.13,tertiary_link,25.0,80
16873,13897104883,13897104870,27.34,tertiary,30.0,100
16874,13897104884,13897104883,8.13,tertiary_link,25.0,80
16875,13897104884,13897104886,26.36,tertiary,30.0,100
16876,13897104885,13897104886,8.44,tertiary_link,25.0,80
16877,13897104885,13897104883,26.06,tertiary,30.0,100
16878,13897104886,13897104885,8.44,tertiary_link,25.0,80
16879,13897104886,13897104888,115.06,tertiary,30.0,100
16880,13897104887,13897104888,7.37,tertiary_link,25.0,80
16881,13897104887,13897104885,114.64,tertiary,30.0,100
16882,13897104888,13897104887,7.37,tertiary_link,25.0,80
16883,13897104888,13897104890,28.11,tertiary,30.0,100
16884,13897104889,13897104890,7.09,tertiary_link,25.0,80
16885,13897104889,13897104887,28.16,tertiary,30.0,100
16886,13897104890,13897104889,7.09,tertiary_link,25.0,80
16887,13897104890,7361947961,25.95,tertiary,30.0,100
16888,13897104891,7361947961,8.93,tertiary_link,25.0,80
16889,13897104891,13897104889,25.68,tertiary,30.0,100
16890,13897104892,13897104891,37.52,tertiary,30.0,100
16891,13897104892,13897104893,8.69,tertiary,30.0,100
16892,13897104893,245682155,6.2,tertiary,30.0,100
16893,13897126106,6616033768,8.25,tertiary,30.0,100
16894,13897126106,13897126111,56.09,tertiary,30.0,100
16895,13897126111,9896839471,7.29,tertiary_link,25.0,80
16896,13897126111,814394017,102.81,tertiary,30.0,100
16897,13899209070,5969985436,84.55,secondary,40.0,200
16898,13899209070,13899209071,9.18,secondary_link,35.0,150
16899,13899209071,13899209070,9.18,secondary_link,35.0,150
16900,13899209071,13580388009,157.35,secondary,40.0,200
16901,13899209631,13899209632,4.87,tertiary_link,25.0,80
16902,13899209631,13899209637,109.8,tertiary,30.0,100
16903,13899209632,13899209631,4.87,tertiary_link,25.0,80
16904,13899209632,13899209633,45.9,tertiary,30.0,100
16905,13899209633,1078664383,7.61,tertiary,30.0,100
16906,13899209633,13899209631,45.73,tertiary,30.0,100
16907,13899209637,1078664082,211.52,tertiary,30.0,100
16908,13899209637,13899209632,110.09,tertiary,30.0,100
16909,13900426717,10023271200,16.33,secondary,40.0,200
16910,13900426717,13900426720,20.65,secondary_link,35.0,150
16911,13900426720,10023271200,12.44,tertiary,30.0,100
16912,13900426720,13848987184,441.44,tertiary,30.0,100
16913,13900426720,13900426717,20.65,secondary_link,35.0,150
16914,13900429945,245668927,130.46,tertiary,30.0,100
16915,13900429945,13900429946,25.92,motorway_link,70.0,450
16916,13900429946,245669481,1367.65,motorway,80.0,500
16917,13900840424,10260888814,444.82,tertiary,30.0,100
16918,13900840424,7370723839,29.9,tertiary,30.0,100
16919,13900891168,630700998,246.08,tertiary,30.0,100
16920,13900891168,13900891170,71.55,tertiary,30.0,100
16921,13900891170,5969985441,169.77,tertiary,30.0,100
16922,13900891170,13900891168,76.28,tertiary,30.0,100
16923,13901459383,630700998,289.8,tertiary,30.0,100
16924,13901459383,630701541,14.64,tertiary,30.0,100
16925,13901459384,630678284,174.2,tertiary,30.0,100
16926,13901459384,13901459391,43.2,tertiary,30.0,100
16927,13901459391,630701541,5.3,tertiary_link,25.0,80
16928,13901459391,13901459383,14.44,tertiary,30.0,100
16929,13901790645,463610546,406.62,tertiary,30.0,100
16930,13901790645,13901790651,12.59,tertiary,30.0,100
16931,13901790648,4513730350,5.05,secondary,40.0,200
16932,13901790648,13901790650,39.94,tertiary,30.0,100
16933,13901790649,13901790648,8.33,tertiary,30.0,100
16934,13901790649,13905111285,290.41,secondary,40.0,200
16935,13901790650,13901790651,4.41,tertiary_link,25.0,80
16936,13901790650,13901790645,12.24,tertiary,30.0,100
16937,13901790651,13901790650,4.41,tertiary_link,25.0,80
16938,13901790651,4513730350,41.17,tertiary,30.0,100
16939,13904524528,13904524531,7.99,secondary,40.0,200
16940,13904524528,245655878,24.64,secondary,40.0,200
16941,13904524529,13904524528,6.94,secondary,40.0,200
16942,13904524529,7384002984,83.59,secondary,40.0,200
16943,13904524530,13904524529,7.61,secondary,40.0,200
16944,13904524530,13904524536,34.69,secondary,40.0,200
16945,13904524531,13904524530,7.71,secondary,40.0,200
16946,13904524531,245655919,621.25,secondary,40.0,200
16947,13904524534,13904524536,6.51,secondary_link,35.0,150
16948,13904524534,13904524529,33.39,secondary,40.0,200
16949,13904524536,13904524534,6.51,secondary_link,35.0,150
16950,13904524536,10885780893,34.75,secondary,40.0,200
16951,13904788477,13904788478,7.18,secondary_link,35.0,150
16952,13904788477,561165513,214.94,secondary,40.0,200
16953,13904788478,13904788477,7.18,secondary_link,35.0,150
16954,13904788478,10885757448,58.58,secondary,40.0,200
16955,13904906004,13904906005,5.69,secondary_link,35.0,150
16956,13904906004,4307040453,158.52,secondary,40.0,200
16957,13904906005,13904906004,5.69,secondary_link,35.0,150
16958,13904906005,4513730336,145.82,secondary,40.0,200
16959,13904906070,13904906071,10.53,secondary_link,35.0,150
16960,13904906070,245656730,659.96,secondary,40.0,200
16961,13904906071,13904906070,10.53,secondary_link,35.0,150
16962,13904906071,10603805379,350.42,secondary,40.0,200
16963,13905002534,456044859,4.94,tertiary_link,25.0,80
16964,13905002534,7334220522,195.18,tertiary,30.0,100
16965,13905111256,245655288,4.91,secondary_link,35.0,150
16966,13905111256,10885618323,194.37,secondary,40.0,200
16967,13905111257,13905111258,6.69,secondary_link,35.0,150
16968,13905111257,10885603698,55.81,secondary,40.0,200
16969,13905111258,13905111257,6.69,secondary_link,35.0,150
16970,13905111258,13905111256,42.55,secondary,40.0,200
16971,13905111268,13905111269,8.26,secondary_link,35.0,150
16972,13905111268,10885603703,56.21,secondary,40.0,200
16973,13905111269,13905111268,8.26,secondary_link,35.0,150
16974,13905111269,10885618315,140.43,secondary,40.0,200
16975,13905111270,10885603703,7.9,secondary_link,35.0,150
16976,13905111270,13905111269,55.91,secondary,40.0,200
16977,13905111272,13905111273,7.93,secondary_link,35.0,150
16978,13905111272,12506352389,67.7,secondary,40.0,200
16979,13905111273,13905111272,7.93,secondary_link,35.0,150
16980,13905111273,13905111270,114.68,secondary,40.0,200
16981,13905111274,13905111275,7.14,secondary_link,35.0,150
16982,13905111274,10885746541,143.8,secondary,40.0,200
16983,13905111275,13905111274,7.14,secondary_link,35.0,150
16984,13905111275,245655876,50.91,secondary,40.0,200
16985,13905111276,13905111278,34.74,secondary,40.0,200
16986,13905111276,13905111277,9.39,secondary_link,35.0,150
16987,13905111277,13905111276,9.39,secondary_link,35.0,150
16988,13905111277,10885746546,109.51,secondary,40.0,200
16989,13905111278,13905111279,9.22,secondary_link,35.0,150
16990,13905111278,13905111280,163.91,secondary,40.0,200
16991,13905111279,13905111277,34.22,secondary,40.0,200
16992,13905111279,13905111278,9.22,secondary_link,35.0,150
16993,13905111280,13905111281,6.79,secondary_link,35.0,150
16994,13905111280,5681647592,115.84,secondary,40.0,200
16995,13905111281,13905111280,6.79,secondary_link,35.0,150
16996,13905111281,13905111279,162.83,secondary,40.0,200
16997,13905111284,13905111285,8.93,secondary_link,35.0,150
16998,13905111284,13901790648,297.37,secondary,40.0,200
16999,13905111285,13905111284,8.93,secondary_link,35.0,150
17000,13905111285,2178293626,175.94,secondary,40.0,200
17001,13905111288,13905111289,6.57,secondary_link,35.0,150
17002,13905111288,10885739629,172.08,secondary,40.0,200
17003,13905111289,13905111288,6.57,secondary_link,35.0,150
17004,13905111289,10885739622,215.72,secondary,40.0,200
17005,13905421973,7384062496,31.9,secondary,40.0,200
17006,13905421973,13905421974,7.49,secondary_link,35.0,150
17007,13905421974,10885739626,41.52,secondary,40.0,200
17008,13905421974,13905421973,7.49,secondary_link,35.0,150
17009,13905421975,13905421976,6.63,secondary_link,35.0,150
17010,13905421975,471972442,27.27,secondary,40.0,200
17011,13905421976,13905421975,6.63,secondary_link,35.0,150
17012,13905421976,10885739623,30.46,secondary,40.0,200
17013,13905428411,10277881694,242.34,tertiary,30.0,100
17014,13905428411,13905428425,22.47,tertiary,30.0,100
17015,13905428412,245655778,224.95,tertiary,30.0,100
17016,13905428412,13905428422,33.0,tertiary,30.0,100
17017,13905428415,10885739626,240.38,tertiary,30.0,100
17018,13905428415,2920010928,27.81,tertiary,30.0,100
17019,13905428417,245655133,570.47,tertiary,30.0,100
17020,13905428417,13906523649,22.71,tertiary,30.0,100
17021,13905428422,13906523649,8.13,tertiary,30.0,100
17022,13905428422,13905428417,22.14,tertiary,30.0,100
17023,13905428425,2920010928,7.74,tertiary,30.0,100
17024,13905428425,13905428415,27.28,tertiary,30.0,100
17025,13906012110,13906012111,7.16,tertiary,30.0,100
17026,13906012110,10885775500,220.47,secondary,40.0,200
17027,13906012110,12721928614,35.11,tertiary,30.0,100
17028,13906012111,9169171618,9.94,secondary,40.0,200
17029,13906012111,13906012110,7.16,tertiary,30.0,100
17030,13906012111,10277829360,33.25,tertiary,30.0,100
17031,13906038541,477585773,13.0,secondary_link,35.0,150
17032,13906038541,2442510074,21.87,secondary,40.0,200
17033,13906038548,10885774555,384.01,tertiary,30.0,100
17034,13906038548,494358456,21.94,tertiary,30.0,100
17035,13906044047,245655093,3.24,secondary,40.0,200
17036,13906044047,245655121,31.5,tertiary,30.0,100
17037,13906044047,245655329,346.94,secondary,40.0,200
17038,13906044049,245655093,15.91,secondary,40.0,200
17039,13906044049,245655121,25.26,tertiary,30.0,100
17040,13906044050,13906044049,8.65,tertiary,30.0,100
17041,13906044050,13906049235,92.62,secondary,40.0,200
17042,13906049235,13906049236,6.89,secondary_link,35.0,150
17043,13906049235,458881254,107.15,secondary,40.0,200
17044,13906049236,13906049235,6.89,secondary_link,35.0,150
17045,13906049236,13906044049,91.32,secondary,40.0,200
17046,13906401154,10956744342,319.72,tertiary,30.0,100
17047,13906401154,10956689089,4.73,tertiary,30.0,100
17048,13906401155,13906401154,14.81,tertiary,30.0,100
17049,13906401165,13906401155,3.07,tertiary,30.0,100
17050,13906401165,245681894,136.02,tertiary,30.0,100
17051,13906523649,13905428425,7.55,tertiary,30.0,100
17052,13906523649,13905428411,23.41,tertiary,30.0,100
17053,13906656980,5924612063,9.36,primary_link,40.0,250
17054,13906656980,5924612066,70.11,primary,50.0,300
17055,13907626453,13907626456,21.11,tertiary,30.0,100
17056,13907626456,10282069986,7.96,tertiary,30.0,100
17057,13907751314,12080057697,582.64,primary,50.0,300
17058,13907751314,13907751317,34.98,primary_link,40.0,250
17059,13908512725,13908512726,8.86,secondary_link,35.0,150
17060,13908512725,461853964,902.82,secondary,40.0,200
17061,13908512726,13908512725,8.86,secondary_link,35.0,150
17062,13908512726,12395295568,346.39,secondary,40.0,200
17063,13908755149,7384002973,14.23,tertiary,30.0,100
17064,13908755149,10282069988,247.89,tertiary,30.0,100
17065,13911665120,10171212565,7.51,tertiary_link,25.0,80
17066,13911665120,13882649322,104.99,tertiary,30.0,100
17067,13912207608,6802412610,42.74,primary,50.0,300
17068,13912207608,13912207609,10.71,secondary,40.0,200
17069,13912207609,5923862696,8.42,primary,50.0,300
17070,13912207609,1078664085,65.35,secondary,40.0,200
17071,13919216486,1392429440,12.25,primary,50.0,300
17072,13919216486,10273617655,11.38,tertiary,30.0,100
17073,13922163688,13922163690,9.74,tertiary,30.0,100
17074,13922163688,12086495837,471.45,primary,50.0,300
17075,13922163690,884399491,10.21,primary,50.0,300
17076,13922163690,9884748097,626.3,tertiary,30.0,100
17077,13922390230,13922390231,22.19,primary_link,40.0,250
17078,13922390230,5488442637,157.69,tertiary,30.0,100
17079,13922390231,1936627903,380.55,primary,50.0,300
17080,13925653056,10225596845,9.91,primary,50.0,300
17081,13925653056,10225596953,117.61,tertiary,30.0,100
17082,13928264083,13872145717,16.25,tertiary,30.0,100
17083,13928264083,13928264084,8.91,tertiary_link,25.0,80
17084,13928264084,13928264083,8.91,tertiary_link,25.0,80
17085,13928264084,10960929803,121.0,tertiary,30.0,100
17086,13944693735,13944693736,9.9,tertiary_link,25.0,80
17087,13944693735,10245973643,204.45,tertiary,30.0,100
17088,13944693736,519469646,56.12,tertiary,30.0,100
17089,13944693736,13944693735,9.9,tertiary_link,25.0,80
17090,13946963969,13946963970,34.03,tertiary_link,25.0,80
17091,13946963969,3217430342,24.51,tertiary,30.0,100
17092,13946963969,2244962111,410.61,tertiary,30.0,100
17093,13946963970,11105021579,5.72,secondary,40.0,200
17094,13947008808,245663884,9.01,primary_link,40.0,250
17095,13947008808,13947151152,125.29,primary,50.0,300
17096,13947125474,590544164,247.52,trunk,60.0,400
17097,13947151152,2381984473,8.48,primary_link,40.0,250
17098,13947151152,7372036720,276.9,primary,50.0,300
17099,13947151153,13947151154,12.33,primary_link,40.0,250
17100,13947151153,245664037,73.09,primary,50.0,300
17101,13947151154,6557556695,48.46,primary,50.0,300
17102,13947151154,13947151153,12.33,primary_link,40.0,250
17103,13947318601,13947318602,5.63,primary_link,40.0,250
17104,13947318601,245664057,172.72,primary,50.0,300
17105,13947318602,13947318601,5.63,primary_link,40.0,250
17106,13947318602,13736729652,119.21,primary,50.0,300
17107,13947325077,13947325078,7.86,tertiary_link,25.0,80
17108,13947325077,1879817382,202.52,tertiary,30.0,100
17109,13947325078,13390248496,22.51,tertiary,30.0,100
17110,13947325078,13947325077,7.86,tertiary_link,25.0,80
17111,13947326756,245673165,141.29,secondary,40.0,200
17112,13947326756,1879817490,43.71,secondary,40.0,200
17113,13947326758,1879817490,6.66,primary,50.0,300
17114,13947326758,13947326756,43.69,secondary,40.0,200
17115,13947326759,13947326758,14.58,secondary,40.0,200
17116,13947326759,1879817672,877.52,primary,50.0,300
17117,13947373475,245662886,40.57,secondary,40.0,200
17118,13947373475,13947373476,9.07,secondary_link,35.0,150
17119,13947373476,13947373475,9.07,secondary_link,35.0,150
17120,13947373476,7397055962,216.34,secondary,40.0,200
17121,13947471589,768595301,11.39,primary_link,40.0,250
17122,13947471589,245658797,104.6,primary,50.0,300
17123,13947471590,471043373,463.9,primary,50.0,300
17124,13947471591,13947471590,12.68,primary_link,40.0,250
17125,13947471591,13947471589,170.8,primary,50.0,300
17126,13947587141,13947587142,7.92,primary_link,40.0,250
17127,13947587141,2299255929,69.91,primary,50.0,300
17128,13947587142,13947587141,7.92,primary_link,40.0,250
17129,13947587142,13375816953,98.47,primary,50.0,300
17130,13947665549,13947665553,22.43,primary_link,40.0,250
17131,13947665553,6167532214,39.57,primary,50.0,300
17132,13947665553,13947665549,22.43,primary_link,40.0,250
17133,13949601848,11953521025,225.06,primary,50.0,300
17134,13949601848,13949601853,21.63,primary_link,40.0,250
17135,13949601853,245659198,327.97,primary,50.0,300
17136,13949601853,13949601848,21.63,primary_link,40.0,250
17137,13951766226,13951766227,9.99,primary_link,40.0,250
17138,13951766226,768656588,75.0,primary,50.0,300
17139,13951766227,13951766226,9.99,primary_link,40.0,250
17140,13951766227,11925633452,430.8,primary,50.0,300
17141,13951837180,768662264,187.66,primary,50.0,300
17142,13951837185,9952087233,15.27,tertiary,30.0,100
17143,13951837185,9952087235,28.14,tertiary,30.0,100
17144,13959321565,4362526717,672.7,tertiary,30.0,100
17145,13959321565,13959321566,66.4,tertiary,30.0,100
17146,13959321566,13375816939,182.54,tertiary,30.0,100
17147,13959321566,13959321565,66.37,tertiary,30.0,100
17148,13962037035,13962037036,10.21,secondary_link,35.0,150
17149,13962037035,6017562399,591.08,secondary,40.0,200
17150,13962037036,13962037035,10.21,secondary_link,35.0,150
17151,13962037036,6017562387,79.31,secondary,40.0,200
17152,13975033809,630709844,37.75,secondary,40.0,200
17153,13975033809,1078664527,79.24,secondary,40.0,200
17154,13979936578,2929595495,10.79,tertiary_link,25.0,80
17155,13979936578,13979936579,111.49,tertiary,30.0,100
17156,13979936579,7357700173,14.44,tertiary_link,25.0,80
17157,13979936579,10939000436,212.77,tertiary,30.0,100
17158,13979936599,13979936600,8.39,secondary,40.0,200
17159,13979936600,2929595511,590.27,secondary,40.0,200
17160,13979936600,2929595533,14.35,tertiary,30.0,100
17161,13980218949,13980218951,18.76,primary,50.0,300
17162,13980218949,13980218950,17.06,primary_link,40.0,250
17163,13980218950,13980218949,17.06,primary_link,40.0,250
17164,13980218950,2929595510,527.75,primary,50.0,300
17165,13980218951,13980218952,17.47,primary_link,40.0,250
17166,13980218951,13980218953,174.37,primary,50.0,300
17167,13980218952,13980218950,19.41,primary,50.0,300
17168,13980218952,13980218951,17.47,primary_link,40.0,250
17169,13980218953,2929595613,50.66,primary,50.0,300
17170,13980218953,13980218954,17.37,primary_link,40.0,250
17171,13980218954,13980218952,173.78,primary,50.0,300
17172,13980218954,13980218953,17.37,primary_link,40.0,250
17173,13980306847,2247988700,41.26,secondary,40.0,200
17174,13980306847,13980306848,12.48,secondary_link,35.0,150
17175,13980306848,2929595543,16.49,secondary,40.0,200
17176,13980306848,13980306847,12.48,secondary_link,35.0,150
17177,13980306849,13980306851,10.0,secondary,40.0,200
17178,13980306849,13980306850,12.46,secondary_link,35.0,150
17179,13980306850,13980306849,12.46,secondary_link,35.0,150
17180,13980306850,6576032315,66.69,secondary,40.0,200
17181,13980306851,13980306852,12.47,secondary_link,35.0,150
17182,13980306851,2247988788,170.21,secondary,40.0,200
17183,13980306852,13980306850,10.45,secondary,40.0,200
17184,13980306852,13980306851,12.47,secondary_link,35.0,150
17185,13980415691,9198613307,13.62,secondary_link,35.0,150
17186,13980415691,2929595542,379.5,secondary,40.0,200
